Sugar GRN,weight_grn_i1,pre_group,post_group,I1,I2,weight_i1_i2,weight_i2_i3,I3,IPC,weight_i3_ipc
720575940639198653,48,Sugar GRNs,,720575940655014049,720575940611549902,33,6,720575940623040094,720575940612923390,7
720575940639198653,48,Sugar GRNs,,720575940655014049,720575940611549902,33,6,720575940623040094,720575940615043112,5
720575940639198653,48,Sugar GRNs,,720575940655014049,720575940635210859,8,7,720575940631309866,720575940611254681,8
720575940639259967,45,Sugar GRNs,,720575940655014049,720575940611549902,33,6,720575940623040094,720575940612923390,7
720575940639259967,45,Sugar GRNs,,720575940655014049,720575940611549902,33,6,720575940623040094,720575940615043112,5
720575940639259967,45,Sugar GRNs,,720575940655014049,720575940635210859,8,7,720575940631309866,720575940611254681,8
720575940632425919,38,Sugar GRNs,,720575940655014049,720575940611549902,33,6,720575940623040094,720575940612923390,7
720575940632425919,38,Sugar GRNs,,720575940655014049,720575940611549902,33,6,720575940623040094,720575940615043112,5
720575940632425919,38,Sugar GRNs,,720575940655014049,720575940635210859,8,7,720575940631309866,720575940611254681,8
720575940633143833,37,Sugar GRNs,,720575940623210445,720575940611549902,7,6,720575940623040094,720575940612923390,7
720575940633143833,37,Sugar GRNs,,720575940623210445,720575940611549902,7,6,720575940623040094,720575940615043112,5
720575940632425919,27,Sugar GRNs,,720575940628114684,720575940612648106,7,6,720575940621490721,720575940632436307,8
720575940630797113,27,Sugar GRNs,,720575940626191306,720575940647606148,10,6,720575940622160705,720575940628363820,5
720575940630797113,27,Sugar GRNs,,720575940626191306,720575940626308697,5,84,720575940610708430,720575940650527222,56
720575940630797113,27,Sugar GRNs,,720575940626191306,720575940626308697,5,84,720575940610708430,720575940603765280,45
720575940630797113,27,Sugar GRNs,,720575940626191306,720575940626308697,5,84,720575940610708430,720575940615043112,44
720575940630797113,27,Sugar GRNs,,720575940626191306,720575940626308697,5,84,720575940610708430,720575940612923390,36
720575940630797113,27,Sugar GRNs,,720575940626191306,720575940626308697,5,84,720575940610708430,720575940625379859,31
720575940630797113,27,Sugar GRNs,,720575940626191306,720575940626308697,5,84,720575940610708430,720575940622897639,30
720575940630797113,27,Sugar GRNs,,720575940626191306,720575940626308697,5,84,720575940610708430,720575940628199802,28
720575940630797113,27,Sugar GRNs,,720575940626191306,720575940626308697,5,84,720575940610708430,720575940643539566,27
720575940630797113,27,Sugar GRNs,,720575940626191306,720575940626308697,5,84,720575940610708430,720575940620628957,27
720575940630797113,27,Sugar GRNs,,720575940626191306,720575940626308697,5,84,720575940610708430,720575940631884883,26
720575940630797113,27,Sugar GRNs,,720575940626191306,720575940626308697,5,84,720575940610708430,720575940624064295,25
720575940630797113,27,Sugar GRNs,,720575940626191306,720575940626308697,5,84,720575940610708430,720575940632436307,25
720575940630797113,27,Sugar GRNs,,720575940626191306,720575940626308697,5,84,720575940610708430,720575940623081400,24
720575940630797113,27,Sugar GRNs,,720575940626191306,720575940626308697,5,84,720575940610708430,720575940628363820,22
720575940630797113,27,Sugar GRNs,,720575940626191306,720575940626308697,5,84,720575940610708430,720575940618694827,17
720575940630797113,27,Sugar GRNs,,720575940626191306,720575940626308697,5,84,720575940610708430,720575940614623455,17
720575940630797113,27,Sugar GRNs,,720575940626191306,720575940626308697,5,84,720575940610708430,720575940611254681,13
720575940630797113,27,Sugar GRNs,,720575940626191306,720575940626308697,5,84,720575940610708430,720575940615911380,6
720575940633143833,27,Sugar GRNs,,720575940655014049,720575940611549902,33,6,720575940623040094,720575940612923390,7
720575940633143833,27,Sugar GRNs,,720575940655014049,720575940611549902,33,6,720575940623040094,720575940615043112,5
720575940633143833,27,Sugar GRNs,,720575940655014049,720575940635210859,8,7,720575940631309866,720575940611254681,8
720575940629176663,23,Sugar GRNs,,720575940628114684,720575940612648106,7,6,720575940621490721,720575940632436307,8
720575940624963786,23,Sugar GRNs,,720575940625102692,720575940626870846,75,6,720575940626146125,720575940650527222,11
720575940624963786,23,Sugar GRNs,,720575940625102692,720575940626870846,75,6,720575940626146125,720575940622897639,6
720575940624963786,23,Sugar GRNs,,720575940625102692,720575940626308697,61,84,720575940610708430,720575940650527222,56
720575940624963786,23,Sugar GRNs,,720575940625102692,720575940626308697,61,84,720575940610708430,720575940603765280,45
720575940624963786,23,Sugar GRNs,,720575940625102692,720575940626308697,61,84,720575940610708430,720575940615043112,44
720575940624963786,23,Sugar GRNs,,720575940625102692,720575940626308697,61,84,720575940610708430,720575940612923390,36
720575940624963786,23,Sugar GRNs,,720575940625102692,720575940626308697,61,84,720575940610708430,720575940625379859,31
720575940624963786,23,Sugar GRNs,,720575940625102692,720575940626308697,61,84,720575940610708430,720575940622897639,30
720575940624963786,23,Sugar GRNs,,720575940625102692,720575940626308697,61,84,720575940610708430,720575940628199802,28
720575940624963786,23,Sugar GRNs,,720575940625102692,720575940626308697,61,84,720575940610708430,720575940643539566,27
720575940624963786,23,Sugar GRNs,,720575940625102692,720575940626308697,61,84,720575940610708430,720575940620628957,27
720575940624963786,23,Sugar GRNs,,720575940625102692,720575940626308697,61,84,720575940610708430,720575940631884883,26
720575940624963786,23,Sugar GRNs,,720575940625102692,720575940626308697,61,84,720575940610708430,720575940624064295,25
720575940624963786,23,Sugar GRNs,,720575940625102692,720575940626308697,61,84,720575940610708430,720575940632436307,25
720575940624963786,23,Sugar GRNs,,720575940625102692,720575940626308697,61,84,720575940610708430,720575940623081400,24
720575940624963786,23,Sugar GRNs,,720575940625102692,720575940626308697,61,84,720575940610708430,720575940628363820,22
720575940624963786,23,Sugar GRNs,,720575940625102692,720575940626308697,61,84,720575940610708430,720575940618694827,17
720575940624963786,23,Sugar GRNs,,720575940625102692,720575940626308697,61,84,720575940610708430,720575940614623455,17
720575940624963786,23,Sugar GRNs,,720575940625102692,720575940626308697,61,84,720575940610708430,720575940611254681,13
720575940624963786,23,Sugar GRNs,,720575940625102692,720575940626308697,61,84,720575940610708430,720575940615911380,6
720575940624963786,23,Sugar GRNs,,720575940625102692,720575940632602532,29,8,720575940614950194,720575940628363820,9
720575940624963786,23,Sugar GRNs,,720575940625102692,720575940632602532,29,8,720575940614950194,720575940625379859,5
720575940624963786,23,Sugar GRNs,,720575940625102692,720575940630664556,25,5,720575940631915801,720575940615043112,5
720575940624963786,23,Sugar GRNs,,720575940625102692,720575940623333964,23,25,720575940622160705,720575940628363820,5
720575940624963786,23,Sugar GRNs,,720575940625102692,720575940623333964,23,19,720575940625053773,720575940615043112,6
720575940624963786,23,Sugar GRNs,,720575940625102692,720575940623333964,23,19,720575940625053773,720575940603765280,5
720575940624963786,23,Sugar GRNs,,720575940625102692,720575940639813365,12,6,720575940610708430,720575940650527222,56
720575940624963786,23,Sugar GRNs,,720575940625102692,720575940639813365,12,6,720575940610708430,720575940603765280,45
720575940624963786,23,Sugar GRNs,,720575940625102692,720575940639813365,12,6,720575940610708430,720575940615043112,44
720575940624963786,23,Sugar GRNs,,720575940625102692,720575940639813365,12,6,720575940610708430,720575940612923390,36
720575940624963786,23,Sugar GRNs,,720575940625102692,720575940639813365,12,6,720575940610708430,720575940625379859,31
720575940624963786,23,Sugar GRNs,,720575940625102692,720575940639813365,12,6,720575940610708430,720575940622897639,30
720575940624963786,23,Sugar GRNs,,720575940625102692,720575940639813365,12,6,720575940610708430,720575940628199802,28
720575940624963786,23,Sugar GRNs,,720575940625102692,720575940639813365,12,6,720575940610708430,720575940643539566,27
720575940624963786,23,Sugar GRNs,,720575940625102692,720575940639813365,12,6,720575940610708430,720575940620628957,27
720575940624963786,23,Sugar GRNs,,720575940625102692,720575940639813365,12,6,720575940610708430,720575940631884883,26
720575940624963786,23,Sugar GRNs,,720575940625102692,720575940639813365,12,6,720575940610708430,720575940624064295,25
720575940624963786,23,Sugar GRNs,,720575940625102692,720575940639813365,12,6,720575940610708430,720575940632436307,25
720575940624963786,23,Sugar GRNs,,720575940625102692,720575940639813365,12,6,720575940610708430,720575940623081400,24
720575940624963786,23,Sugar GRNs,,720575940625102692,720575940639813365,12,6,720575940610708430,720575940628363820,22
720575940624963786,23,Sugar GRNs,,720575940625102692,720575940639813365,12,6,720575940610708430,720575940618694827,17
720575940624963786,23,Sugar GRNs,,720575940625102692,720575940639813365,12,6,720575940610708430,720575940614623455,17
720575940624963786,23,Sugar GRNs,,720575940625102692,720575940639813365,12,6,720575940610708430,720575940611254681,13
720575940624963786,23,Sugar GRNs,,720575940625102692,720575940639813365,12,6,720575940610708430,720575940615911380,6
720575940624963786,23,Sugar GRNs,,720575940625102692,720575940624040743,11,12,720575940620691327,720575940650527222,9
720575940624963786,23,Sugar GRNs,,720575940625102692,720575940624040743,11,12,720575940620691327,720575940628363820,9
720575940624963786,23,Sugar GRNs,,720575940625102692,720575940617184001,11,12,720575940633304601,720575940632436307,62
720575940624963786,23,Sugar GRNs,,720575940625102692,720575940617184001,11,12,720575940633304601,720575940650527222,51
720575940624963786,23,Sugar GRNs,,720575940625102692,720575940617184001,11,12,720575940633304601,720575940622897639,45
720575940624963786,23,Sugar GRNs,,720575940625102692,720575940617184001,11,12,720575940633304601,720575940603765280,45
720575940624963786,23,Sugar GRNs,,720575940625102692,720575940617184001,11,12,720575940633304601,720575940620628957,28
720575940624963786,23,Sugar GRNs,,720575940625102692,720575940617184001,11,12,720575940633304601,720575940623081400,23
720575940624963786,23,Sugar GRNs,,720575940625102692,720575940617184001,11,12,720575940633304601,720575940625379859,19
720575940624963786,23,Sugar GRNs,,720575940625102692,720575940617184001,11,12,720575940633304601,720575940611254681,18
720575940624963786,23,Sugar GRNs,,720575940625102692,720575940617184001,11,12,720575940633304601,720575940628363820,18
720575940624963786,23,Sugar GRNs,,720575940625102692,720575940617184001,11,12,720575940633304601,720575940615043112,15
720575940624963786,23,Sugar GRNs,,720575940625102692,720575940617184001,11,12,720575940633304601,720575940612923390,11
720575940624963786,23,Sugar GRNs,,720575940625102692,720575940617184001,11,12,720575940633304601,720575940614623455,9
720575940624963786,23,Sugar GRNs,,720575940625102692,720575940617184001,11,12,720575940631309866,720575940611254681,8
720575940624963786,23,Sugar GRNs,,720575940625102692,720575940617184001,11,7,720575940631008824,720575940643539566,53
720575940624963786,23,Sugar GRNs,,720575940625102692,720575940617184001,11,7,720575940631008824,720575940615043112,40
720575940624963786,23,Sugar GRNs,,720575940625102692,720575940617184001,11,7,720575940631008824,720575940628199802,34
720575940624963786,23,Sugar GRNs,,720575940625102692,720575940617184001,11,7,720575940631008824,720575940625379859,33
720575940624963786,23,Sugar GRNs,,720575940625102692,720575940617184001,11,7,720575940631008824,720575940611254681,33
720575940624963786,23,Sugar GRNs,,720575940625102692,720575940617184001,11,7,720575940631008824,720575940612923390,28
720575940624963786,23,Sugar GRNs,,720575940625102692,720575940617184001,11,7,720575940631008824,720575940618694827,22
720575940624963786,23,Sugar GRNs,,720575940625102692,720575940617184001,11,7,720575940631008824,720575940624064295,21
720575940624963786,23,Sugar GRNs,,720575940625102692,720575940617184001,11,7,720575940631008824,720575940631884883,20
720575940624963786,23,Sugar GRNs,,720575940625102692,720575940617184001,11,7,720575940631008824,720575940615911380,9
720575940624963786,23,Sugar GRNs,,720575940625102692,720575940617184001,11,7,720575940631008824,720575940632436307,6
720575940624963786,23,Sugar GRNs,,720575940625102692,720575940630311528,10,7,720575940631309866,720575940611254681,8
720575940624963786,23,Sugar GRNs,,720575940625102692,720575940630311528,10,6,720575940633304601,720575940632436307,62
720575940624963786,23,Sugar GRNs,,720575940625102692,720575940630311528,10,6,720575940633304601,720575940650527222,51
720575940624963786,23,Sugar GRNs,,720575940625102692,720575940630311528,10,6,720575940633304601,720575940622897639,45
720575940624963786,23,Sugar GRNs,,720575940625102692,720575940630311528,10,6,720575940633304601,720575940603765280,45
720575940624963786,23,Sugar GRNs,,720575940625102692,720575940630311528,10,6,720575940633304601,720575940620628957,28
720575940624963786,23,Sugar GRNs,,720575940625102692,720575940630311528,10,6,720575940633304601,720575940623081400,23
720575940624963786,23,Sugar GRNs,,720575940625102692,720575940630311528,10,6,720575940633304601,720575940625379859,19
720575940624963786,23,Sugar GRNs,,720575940625102692,720575940630311528,10,6,720575940633304601,720575940611254681,18
720575940624963786,23,Sugar GRNs,,720575940625102692,720575940630311528,10,6,720575940633304601,720575940628363820,18
720575940624963786,23,Sugar GRNs,,720575940625102692,720575940630311528,10,6,720575940633304601,720575940615043112,15
720575940624963786,23,Sugar GRNs,,720575940625102692,720575940630311528,10,6,720575940633304601,720575940612923390,11
720575940624963786,23,Sugar GRNs,,720575940625102692,720575940630311528,10,6,720575940633304601,720575940614623455,9
720575940624963786,23,Sugar GRNs,,720575940625102692,720575940622457579,9,11,720575940613845516,720575940650527222,13
720575940624963786,23,Sugar GRNs,,720575940625102692,720575940622457579,9,11,720575940613845516,720575940603765280,11
720575940624963786,23,Sugar GRNs,,720575940625102692,720575940622457579,9,11,720575940613845516,720575940614623455,8
720575940624963786,23,Sugar GRNs,,720575940625102692,720575940622457579,9,11,720575940613845516,720575940622897639,8
720575940624963786,23,Sugar GRNs,,720575940625102692,720575940622457579,9,11,720575940613845516,720575940620628957,7
720575940624963786,23,Sugar GRNs,,720575940625102692,720575940622457579,9,11,720575940613845516,720575940628363820,7
720575940624963786,23,Sugar GRNs,,720575940625102692,720575940622457579,9,11,720575940613845516,720575940623081400,5
720575940624963786,23,Sugar GRNs,,720575940625102692,720575940622457579,9,6,720575940623777065,720575940615043112,5
720575940624963786,23,Sugar GRNs,,720575940625102692,720575940627492866,8,45,720575940615792523,720575940632436307,36
720575940624963786,23,Sugar GRNs,,720575940625102692,720575940627492866,8,45,720575940615792523,720575940611254681,13
720575940624963786,23,Sugar GRNs,,720575940625102692,720575940627492866,8,7,720575940609625442,720575940622897639,10
720575940624963786,23,Sugar GRNs,,720575940625102692,720575940627492866,8,7,720575940609625442,720575940650527222,9
720575940624963786,23,Sugar GRNs,,720575940625102692,720575940627492866,8,7,720575940609625442,720575940603765280,9
720575940624963786,23,Sugar GRNs,,720575940625102692,720575940627492866,8,7,720575940609625442,720575940623081400,7
720575940624963786,23,Sugar GRNs,,720575940625102692,720575940627492866,8,7,720575940609625442,720575940628363820,6
720575940624963786,23,Sugar GRNs,,720575940625102692,720575940627492866,8,5,720575940642715040,720575940632436307,8
720575940624963786,23,Sugar GRNs,,720575940625102692,720575940607777628,7,10,720575940613845516,720575940650527222,13
720575940624963786,23,Sugar GRNs,,720575940625102692,720575940607777628,7,10,720575940613845516,720575940603765280,11
720575940624963786,23,Sugar GRNs,,720575940625102692,720575940607777628,7,10,720575940613845516,720575940614623455,8
720575940624963786,23,Sugar GRNs,,720575940625102692,720575940607777628,7,10,720575940613845516,720575940622897639,8
720575940624963786,23,Sugar GRNs,,720575940625102692,720575940607777628,7,10,720575940613845516,720575940620628957,7
720575940624963786,23,Sugar GRNs,,720575940625102692,720575940607777628,7,10,720575940613845516,720575940628363820,7
720575940624963786,23,Sugar GRNs,,720575940625102692,720575940607777628,7,10,720575940613845516,720575940623081400,5
720575940624963786,23,Sugar GRNs,,720575940625102692,720575940607777628,7,9,720575940633304601,720575940632436307,62
720575940624963786,23,Sugar GRNs,,720575940625102692,720575940607777628,7,9,720575940633304601,720575940650527222,51
720575940624963786,23,Sugar GRNs,,720575940625102692,720575940607777628,7,9,720575940633304601,720575940622897639,45
720575940624963786,23,Sugar GRNs,,720575940625102692,720575940607777628,7,9,720575940633304601,720575940603765280,45
720575940624963786,23,Sugar GRNs,,720575940625102692,720575940607777628,7,9,720575940633304601,720575940620628957,28
720575940624963786,23,Sugar GRNs,,720575940625102692,720575940607777628,7,9,720575940633304601,720575940623081400,23
720575940624963786,23,Sugar GRNs,,720575940625102692,720575940607777628,7,9,720575940633304601,720575940625379859,19
720575940624963786,23,Sugar GRNs,,720575940625102692,720575940607777628,7,9,720575940633304601,720575940611254681,18
720575940624963786,23,Sugar GRNs,,720575940625102692,720575940607777628,7,9,720575940633304601,720575940628363820,18
720575940624963786,23,Sugar GRNs,,720575940625102692,720575940607777628,7,9,720575940633304601,720575940615043112,15
720575940624963786,23,Sugar GRNs,,720575940625102692,720575940607777628,7,9,720575940633304601,720575940612923390,11
720575940624963786,23,Sugar GRNs,,720575940625102692,720575940607777628,7,9,720575940633304601,720575940614623455,9
720575940624963786,23,Sugar GRNs,,720575940625102692,720575940629317450,6,7,720575940619025780,720575940628199802,7
720575940624963786,23,Sugar GRNs,,720575940625102692,720575940629317450,6,7,720575940619025780,720575940615911380,5
720575940624963786,23,Sugar GRNs,,720575940625102692,720575940629317450,6,6,720575940630311528,720575940623081400,5
720575940624963786,23,Sugar GRNs,,720575940625102692,720575940629317450,6,6,720575940630311528,720575940620628957,5
720575940624963786,23,Sugar GRNs,,720575940625102692,720575940607472988,5,9,720575940624454221,720575940622897639,12
720575940624963786,23,Sugar GRNs,,720575940625102692,720575940607472988,5,9,720575940624454221,720575940650527222,6
720575940624963786,23,Sugar GRNs,,720575940625102692,720575940607472988,5,9,720575940624454221,720575940623081400,5
720575940624963786,23,Sugar GRNs,,720575940625102692,720575940607472988,5,9,720575940624454221,720575940620628957,5
720575940624963786,23,Sugar GRNs,,720575940625102692,720575940607472988,5,9,720575940624454221,720575940615043112,5
720575940624963786,23,Sugar GRNs,,720575940625102692,720575940607472988,5,9,720575940624454221,720575940611254681,5
720575940610788069,22,Sugar GRNs,,720575940626191306,720575940647606148,10,6,720575940622160705,720575940628363820,5
720575940610788069,22,Sugar GRNs,,720575940626191306,720575940626308697,5,84,720575940610708430,720575940650527222,56
720575940610788069,22,Sugar GRNs,,720575940626191306,720575940626308697,5,84,720575940610708430,720575940603765280,45
720575940610788069,22,Sugar GRNs,,720575940626191306,720575940626308697,5,84,720575940610708430,720575940615043112,44
720575940610788069,22,Sugar GRNs,,720575940626191306,720575940626308697,5,84,720575940610708430,720575940612923390,36
720575940610788069,22,Sugar GRNs,,720575940626191306,720575940626308697,5,84,720575940610708430,720575940625379859,31
720575940610788069,22,Sugar GRNs,,720575940626191306,720575940626308697,5,84,720575940610708430,720575940622897639,30
720575940610788069,22,Sugar GRNs,,720575940626191306,720575940626308697,5,84,720575940610708430,720575940628199802,28
720575940610788069,22,Sugar GRNs,,720575940626191306,720575940626308697,5,84,720575940610708430,720575940643539566,27
720575940610788069,22,Sugar GRNs,,720575940626191306,720575940626308697,5,84,720575940610708430,720575940620628957,27
720575940610788069,22,Sugar GRNs,,720575940626191306,720575940626308697,5,84,720575940610708430,720575940631884883,26
720575940610788069,22,Sugar GRNs,,720575940626191306,720575940626308697,5,84,720575940610708430,720575940624064295,25
720575940610788069,22,Sugar GRNs,,720575940626191306,720575940626308697,5,84,720575940610708430,720575940632436307,25
720575940610788069,22,Sugar GRNs,,720575940626191306,720575940626308697,5,84,720575940610708430,720575940623081400,24
720575940610788069,22,Sugar GRNs,,720575940626191306,720575940626308697,5,84,720575940610708430,720575940628363820,22
720575940610788069,22,Sugar GRNs,,720575940626191306,720575940626308697,5,84,720575940610708430,720575940618694827,17
720575940610788069,22,Sugar GRNs,,720575940626191306,720575940626308697,5,84,720575940610708430,720575940614623455,17
720575940610788069,22,Sugar GRNs,,720575940626191306,720575940626308697,5,84,720575940610708430,720575940611254681,13
720575940610788069,22,Sugar GRNs,,720575940626191306,720575940626308697,5,84,720575940610708430,720575940615911380,6
720575940630233916,21,Sugar GRNs,,720575940626191306,720575940647606148,10,6,720575940622160705,720575940628363820,5
720575940630233916,21,Sugar GRNs,,720575940626191306,720575940626308697,5,84,720575940610708430,720575940650527222,56
720575940630233916,21,Sugar GRNs,,720575940626191306,720575940626308697,5,84,720575940610708430,720575940603765280,45
720575940630233916,21,Sugar GRNs,,720575940626191306,720575940626308697,5,84,720575940610708430,720575940615043112,44
720575940630233916,21,Sugar GRNs,,720575940626191306,720575940626308697,5,84,720575940610708430,720575940612923390,36
720575940630233916,21,Sugar GRNs,,720575940626191306,720575940626308697,5,84,720575940610708430,720575940625379859,31
720575940630233916,21,Sugar GRNs,,720575940626191306,720575940626308697,5,84,720575940610708430,720575940622897639,30
720575940630233916,21,Sugar GRNs,,720575940626191306,720575940626308697,5,84,720575940610708430,720575940628199802,28
720575940630233916,21,Sugar GRNs,,720575940626191306,720575940626308697,5,84,720575940610708430,720575940643539566,27
720575940630233916,21,Sugar GRNs,,720575940626191306,720575940626308697,5,84,720575940610708430,720575940620628957,27
720575940630233916,21,Sugar GRNs,,720575940626191306,720575940626308697,5,84,720575940610708430,720575940631884883,26
720575940630233916,21,Sugar GRNs,,720575940626191306,720575940626308697,5,84,720575940610708430,720575940624064295,25
720575940630233916,21,Sugar GRNs,,720575940626191306,720575940626308697,5,84,720575940610708430,720575940632436307,25
720575940630233916,21,Sugar GRNs,,720575940626191306,720575940626308697,5,84,720575940610708430,720575940623081400,24
720575940630233916,21,Sugar GRNs,,720575940626191306,720575940626308697,5,84,720575940610708430,720575940628363820,22
720575940630233916,21,Sugar GRNs,,720575940626191306,720575940626308697,5,84,720575940610708430,720575940618694827,17
720575940630233916,21,Sugar GRNs,,720575940626191306,720575940626308697,5,84,720575940610708430,720575940614623455,17
720575940630233916,21,Sugar GRNs,,720575940626191306,720575940626308697,5,84,720575940610708430,720575940611254681,13
720575940630233916,21,Sugar GRNs,,720575940626191306,720575940626308697,5,84,720575940610708430,720575940615911380,6
720575940630233916,20,Sugar GRNs,,720575940632648612,720575940632873261,38,7,720575940644948771,720575940632436307,30
720575940630233916,20,Sugar GRNs,,720575940632648612,720575940632873261,38,6,720575940610708430,720575940650527222,56
720575940630233916,20,Sugar GRNs,,720575940632648612,720575940632873261,38,6,720575940610708430,720575940603765280,45
720575940630233916,20,Sugar GRNs,,720575940632648612,720575940632873261,38,6,720575940610708430,720575940615043112,44
720575940630233916,20,Sugar GRNs,,720575940632648612,720575940632873261,38,6,720575940610708430,720575940612923390,36
720575940630233916,20,Sugar GRNs,,720575940632648612,720575940632873261,38,6,720575940610708430,720575940625379859,31
720575940630233916,20,Sugar GRNs,,720575940632648612,720575940632873261,38,6,720575940610708430,720575940622897639,30
720575940630233916,20,Sugar GRNs,,720575940632648612,720575940632873261,38,6,720575940610708430,720575940628199802,28
720575940630233916,20,Sugar GRNs,,720575940632648612,720575940632873261,38,6,720575940610708430,720575940643539566,27
720575940630233916,20,Sugar GRNs,,720575940632648612,720575940632873261,38,6,720575940610708430,720575940620628957,27
720575940630233916,20,Sugar GRNs,,720575940632648612,720575940632873261,38,6,720575940610708430,720575940631884883,26
720575940630233916,20,Sugar GRNs,,720575940632648612,720575940632873261,38,6,720575940610708430,720575940624064295,25
720575940630233916,20,Sugar GRNs,,720575940632648612,720575940632873261,38,6,720575940610708430,720575940632436307,25
720575940630233916,20,Sugar GRNs,,720575940632648612,720575940632873261,38,6,720575940610708430,720575940623081400,24
720575940630233916,20,Sugar GRNs,,720575940632648612,720575940632873261,38,6,720575940610708430,720575940628363820,22
720575940630233916,20,Sugar GRNs,,720575940632648612,720575940632873261,38,6,720575940610708430,720575940618694827,17
720575940630233916,20,Sugar GRNs,,720575940632648612,720575940632873261,38,6,720575940610708430,720575940614623455,17
720575940630233916,20,Sugar GRNs,,720575940632648612,720575940632873261,38,6,720575940610708430,720575940611254681,13
720575940630233916,20,Sugar GRNs,,720575940632648612,720575940632873261,38,6,720575940610708430,720575940615911380,6
720575940630233916,20,Sugar GRNs,,720575940632648612,720575940628683063,28,19,720575940642715040,720575940632436307,8
720575940630233916,20,Sugar GRNs,,720575940632648612,720575940628683063,28,6,720575940610708430,720575940650527222,56
720575940630233916,20,Sugar GRNs,,720575940632648612,720575940628683063,28,6,720575940610708430,720575940603765280,45
720575940630233916,20,Sugar GRNs,,720575940632648612,720575940628683063,28,6,720575940610708430,720575940615043112,44
720575940630233916,20,Sugar GRNs,,720575940632648612,720575940628683063,28,6,720575940610708430,720575940612923390,36
720575940630233916,20,Sugar GRNs,,720575940632648612,720575940628683063,28,6,720575940610708430,720575940625379859,31
720575940630233916,20,Sugar GRNs,,720575940632648612,720575940628683063,28,6,720575940610708430,720575940622897639,30
720575940630233916,20,Sugar GRNs,,720575940632648612,720575940628683063,28,6,720575940610708430,720575940628199802,28
720575940630233916,20,Sugar GRNs,,720575940632648612,720575940628683063,28,6,720575940610708430,720575940643539566,27
720575940630233916,20,Sugar GRNs,,720575940632648612,720575940628683063,28,6,720575940610708430,720575940620628957,27
720575940630233916,20,Sugar GRNs,,720575940632648612,720575940628683063,28,6,720575940610708430,720575940631884883,26
720575940630233916,20,Sugar GRNs,,720575940632648612,720575940628683063,28,6,720575940610708430,720575940624064295,25
720575940630233916,20,Sugar GRNs,,720575940632648612,720575940628683063,28,6,720575940610708430,720575940632436307,25
720575940630233916,20,Sugar GRNs,,720575940632648612,720575940628683063,28,6,720575940610708430,720575940623081400,24
720575940630233916,20,Sugar GRNs,,720575940632648612,720575940628683063,28,6,720575940610708430,720575940628363820,22
720575940630233916,20,Sugar GRNs,,720575940632648612,720575940628683063,28,6,720575940610708430,720575940618694827,17
720575940630233916,20,Sugar GRNs,,720575940632648612,720575940628683063,28,6,720575940610708430,720575940614623455,17
720575940630233916,20,Sugar GRNs,,720575940632648612,720575940628683063,28,6,720575940610708430,720575940611254681,13
720575940630233916,20,Sugar GRNs,,720575940632648612,720575940628683063,28,6,720575940610708430,720575940615911380,6
720575940630233916,20,Sugar GRNs,,720575940632648612,720575940632146340,13,6,720575940633711028,720575940618694827,10
720575940630233916,20,Sugar GRNs,,720575940632648612,720575940632146340,13,6,720575940633711028,720575940615911380,5
720575940630233916,20,Sugar GRNs,,720575940632648612,720575940629317450,12,7,720575940619025780,720575940628199802,7
720575940630233916,20,Sugar GRNs,,720575940632648612,720575940629317450,12,7,720575940619025780,720575940615911380,5
720575940630233916,20,Sugar GRNs,,720575940632648612,720575940629317450,12,6,720575940630311528,720575940623081400,5
720575940630233916,20,Sugar GRNs,,720575940632648612,720575940629317450,12,6,720575940630311528,720575940620628957,5
720575940630233916,20,Sugar GRNs,,720575940632648612,720575940634683743,10,5,720575940633711028,720575940618694827,10
720575940630233916,20,Sugar GRNs,,720575940632648612,720575940634683743,10,5,720575940633711028,720575940615911380,5
720575940630233916,20,Sugar GRNs,,720575940632648612,720575940629211607,8,5,720575940630311528,720575940623081400,5
720575940630233916,20,Sugar GRNs,,720575940632648612,720575940629211607,8,5,720575940630311528,720575940620628957,5
720575940630233916,20,Sugar GRNs,,720575940632648612,720575940614273292,7,7,720575940630311528,720575940623081400,5
720575940630233916,20,Sugar GRNs,,720575940632648612,720575940614273292,7,7,720575940630311528,720575940620628957,5
720575940630233916,20,Sugar GRNs,,720575940632648612,720575940614273292,7,5,720575940626146125,720575940650527222,11
720575940630233916,20,Sugar GRNs,,720575940632648612,720575940614273292,7,5,720575940626146125,720575940622897639,6
720575940630233916,20,Sugar GRNs,,720575940632648612,720575940621736669,6,5,720575940626021052,720575940628199802,9
720575940630233916,20,Sugar GRNs,,720575940632648612,720575940621736669,6,5,720575940626021052,720575940618694827,5
720575940630233916,20,Sugar GRNs,,720575940632648612,720575940636574388,6,6,720575940610708430,720575940650527222,56
720575940630233916,20,Sugar GRNs,,720575940632648612,720575940636574388,6,6,720575940610708430,720575940603765280,45
720575940630233916,20,Sugar GRNs,,720575940632648612,720575940636574388,6,6,720575940610708430,720575940615043112,44
720575940630233916,20,Sugar GRNs,,720575940632648612,720575940636574388,6,6,720575940610708430,720575940612923390,36
720575940630233916,20,Sugar GRNs,,720575940632648612,720575940636574388,6,6,720575940610708430,720575940625379859,31
720575940630233916,20,Sugar GRNs,,720575940632648612,720575940636574388,6,6,720575940610708430,720575940622897639,30
720575940630233916,20,Sugar GRNs,,720575940632648612,720575940636574388,6,6,720575940610708430,720575940628199802,28
720575940630233916,20,Sugar GRNs,,720575940632648612,720575940636574388,6,6,720575940610708430,720575940643539566,27
720575940630233916,20,Sugar GRNs,,720575940632648612,720575940636574388,6,6,720575940610708430,720575940620628957,27
720575940630233916,20,Sugar GRNs,,720575940632648612,720575940636574388,6,6,720575940610708430,720575940631884883,26
720575940630233916,20,Sugar GRNs,,720575940632648612,720575940636574388,6,6,720575940610708430,720575940624064295,25
720575940630233916,20,Sugar GRNs,,720575940632648612,720575940636574388,6,6,720575940610708430,720575940632436307,25
720575940630233916,20,Sugar GRNs,,720575940632648612,720575940636574388,6,6,720575940610708430,720575940623081400,24
720575940630233916,20,Sugar GRNs,,720575940632648612,720575940636574388,6,6,720575940610708430,720575940628363820,22
720575940630233916,20,Sugar GRNs,,720575940632648612,720575940636574388,6,6,720575940610708430,720575940618694827,17
720575940630233916,20,Sugar GRNs,,720575940632648612,720575940636574388,6,6,720575940610708430,720575940614623455,17
720575940630233916,20,Sugar GRNs,,720575940632648612,720575940636574388,6,6,720575940610708430,720575940611254681,13
720575940630233916,20,Sugar GRNs,,720575940632648612,720575940636574388,6,6,720575940610708430,720575940615911380,6
720575940630233916,20,Sugar GRNs,,720575940632648612,720575940637580102,6,6,720575940633711028,720575940618694827,10
720575940630233916,20,Sugar GRNs,,720575940632648612,720575940637580102,6,6,720575940633711028,720575940615911380,5
720575940630233916,20,Sugar GRNs,,720575940632648612,720575940632636959,5,6,720575940631309866,720575940611254681,8
720575940610788069,19,Sugar GRNs,,720575940623210445,720575940611549902,7,6,720575940623040094,720575940612923390,7
720575940610788069,19,Sugar GRNs,,720575940623210445,720575940611549902,7,6,720575940623040094,720575940615043112,5
720575940630233916,18,Sugar GRNs,,720575940647033396,720575940633165980,16,5,720575940630349905,720575940612923390,13
720575940630233916,18,Sugar GRNs,,720575940647033396,720575940633165980,16,5,720575940630349905,720575940628199802,12
720575940630233916,18,Sugar GRNs,,720575940647033396,720575940633165980,16,5,720575940630349905,720575940643539566,12
720575940630233916,18,Sugar GRNs,,720575940647033396,720575940633165980,16,5,720575940630349905,720575940615911380,9
720575940630233916,18,Sugar GRNs,,720575940647033396,720575940633165980,16,5,720575940630349905,720575940631884883,9
720575940630233916,18,Sugar GRNs,,720575940647033396,720575940633165980,16,5,720575940630349905,720575940625379859,8
720575940630233916,18,Sugar GRNs,,720575940647033396,720575940633165980,16,5,720575940630349905,720575940624064295,6
720575940630233916,18,Sugar GRNs,,720575940647033396,720575940633165980,16,5,720575940630349905,720575940615043112,5
720575940630233916,18,Sugar GRNs,,720575940647033396,720575940629317450,13,7,720575940619025780,720575940628199802,7
720575940630233916,18,Sugar GRNs,,720575940647033396,720575940629317450,13,7,720575940619025780,720575940615911380,5
720575940630233916,18,Sugar GRNs,,720575940647033396,720575940629317450,13,6,720575940630311528,720575940623081400,5
720575940630233916,18,Sugar GRNs,,720575940647033396,720575940629317450,13,6,720575940630311528,720575940620628957,5
720575940630233916,18,Sugar GRNs,,720575940647033396,720575940618788944,9,7,720575940626146125,720575940650527222,11
720575940630233916,18,Sugar GRNs,,720575940647033396,720575940618788944,9,7,720575940626146125,720575940622897639,6
720575940630233916,18,Sugar GRNs,,720575940647033396,720575940618788944,9,5,720575940630311528,720575940623081400,5
720575940630233916,18,Sugar GRNs,,720575940647033396,720575940618788944,9,5,720575940630311528,720575940620628957,5
720575940630233916,18,Sugar GRNs,,720575940647033396,720575940618788944,9,5,720575940627492866,720575940650527222,11
720575940630233916,18,Sugar GRNs,,720575940647033396,720575940618788944,9,5,720575940627492866,720575940603765280,10
720575940630233916,18,Sugar GRNs,,720575940647033396,720575940618788944,9,5,720575940627492866,720575940623081400,5
720575940630233916,18,Sugar GRNs,,720575940647033396,720575940621736669,8,5,720575940626021052,720575940628199802,9
720575940630233916,18,Sugar GRNs,,720575940647033396,720575940621736669,8,5,720575940626021052,720575940618694827,5
720575940630233916,18,Sugar GRNs,,720575940647033396,720575940635816926,7,5,720575940633711028,720575940618694827,10
720575940630233916,18,Sugar GRNs,,720575940647033396,720575940635816926,7,5,720575940633711028,720575940615911380,5
720575940630233916,18,Sugar GRNs,,720575940647033396,720575940620181825,5,9,720575940622160705,720575940628363820,5
720575940637568838,18,Sugar GRNs,,720575940626191306,720575940647606148,10,6,720575940622160705,720575940628363820,5
720575940637568838,18,Sugar GRNs,,720575940626191306,720575940626308697,5,84,720575940610708430,720575940650527222,56
720575940637568838,18,Sugar GRNs,,720575940626191306,720575940626308697,5,84,720575940610708430,720575940603765280,45
720575940637568838,18,Sugar GRNs,,720575940626191306,720575940626308697,5,84,720575940610708430,720575940615043112,44
720575940637568838,18,Sugar GRNs,,720575940626191306,720575940626308697,5,84,720575940610708430,720575940612923390,36
720575940637568838,18,Sugar GRNs,,720575940626191306,720575940626308697,5,84,720575940610708430,720575940625379859,31
720575940637568838,18,Sugar GRNs,,720575940626191306,720575940626308697,5,84,720575940610708430,720575940622897639,30
720575940637568838,18,Sugar GRNs,,720575940626191306,720575940626308697,5,84,720575940610708430,720575940628199802,28
720575940637568838,18,Sugar GRNs,,720575940626191306,720575940626308697,5,84,720575940610708430,720575940643539566,27
720575940637568838,18,Sugar GRNs,,720575940626191306,720575940626308697,5,84,720575940610708430,720575940620628957,27
720575940637568838,18,Sugar GRNs,,720575940626191306,720575940626308697,5,84,720575940610708430,720575940631884883,26
720575940637568838,18,Sugar GRNs,,720575940626191306,720575940626308697,5,84,720575940610708430,720575940624064295,25
720575940637568838,18,Sugar GRNs,,720575940626191306,720575940626308697,5,84,720575940610708430,720575940632436307,25
720575940637568838,18,Sugar GRNs,,720575940626191306,720575940626308697,5,84,720575940610708430,720575940623081400,24
720575940637568838,18,Sugar GRNs,,720575940626191306,720575940626308697,5,84,720575940610708430,720575940628363820,22
720575940637568838,18,Sugar GRNs,,720575940626191306,720575940626308697,5,84,720575940610708430,720575940618694827,17
720575940637568838,18,Sugar GRNs,,720575940626191306,720575940626308697,5,84,720575940610708430,720575940614623455,17
720575940637568838,18,Sugar GRNs,,720575940626191306,720575940626308697,5,84,720575940610708430,720575940611254681,13
720575940637568838,18,Sugar GRNs,,720575940626191306,720575940626308697,5,84,720575940610708430,720575940615911380,6
720575940628853239,17,Sugar GRNs,,720575940655014049,720575940611549902,33,6,720575940623040094,720575940612923390,7
720575940628853239,17,Sugar GRNs,,720575940655014049,720575940611549902,33,6,720575940623040094,720575940615043112,5
720575940628853239,17,Sugar GRNs,,720575940655014049,720575940635210859,8,7,720575940631309866,720575940611254681,8
720575940638202345,17,Sugar GRNs,,720575940632648612,720575940632873261,38,7,720575940644948771,720575940632436307,30
720575940638202345,17,Sugar GRNs,,720575940632648612,720575940632873261,38,6,720575940610708430,720575940650527222,56
720575940638202345,17,Sugar GRNs,,720575940632648612,720575940632873261,38,6,720575940610708430,720575940603765280,45
720575940638202345,17,Sugar GRNs,,720575940632648612,720575940632873261,38,6,720575940610708430,720575940615043112,44
720575940638202345,17,Sugar GRNs,,720575940632648612,720575940632873261,38,6,720575940610708430,720575940612923390,36
720575940638202345,17,Sugar GRNs,,720575940632648612,720575940632873261,38,6,720575940610708430,720575940625379859,31
720575940638202345,17,Sugar GRNs,,720575940632648612,720575940632873261,38,6,720575940610708430,720575940622897639,30
720575940638202345,17,Sugar GRNs,,720575940632648612,720575940632873261,38,6,720575940610708430,720575940628199802,28
720575940638202345,17,Sugar GRNs,,720575940632648612,720575940632873261,38,6,720575940610708430,720575940643539566,27
720575940638202345,17,Sugar GRNs,,720575940632648612,720575940632873261,38,6,720575940610708430,720575940620628957,27
720575940638202345,17,Sugar GRNs,,720575940632648612,720575940632873261,38,6,720575940610708430,720575940631884883,26
720575940638202345,17,Sugar GRNs,,720575940632648612,720575940632873261,38,6,720575940610708430,720575940624064295,25
720575940638202345,17,Sugar GRNs,,720575940632648612,720575940632873261,38,6,720575940610708430,720575940632436307,25
720575940638202345,17,Sugar GRNs,,720575940632648612,720575940632873261,38,6,720575940610708430,720575940623081400,24
720575940638202345,17,Sugar GRNs,,720575940632648612,720575940632873261,38,6,720575940610708430,720575940628363820,22
720575940638202345,17,Sugar GRNs,,720575940632648612,720575940632873261,38,6,720575940610708430,720575940618694827,17
720575940638202345,17,Sugar GRNs,,720575940632648612,720575940632873261,38,6,720575940610708430,720575940614623455,17
720575940638202345,17,Sugar GRNs,,720575940632648612,720575940632873261,38,6,720575940610708430,720575940611254681,13
720575940638202345,17,Sugar GRNs,,720575940632648612,720575940632873261,38,6,720575940610708430,720575940615911380,6
720575940638202345,17,Sugar GRNs,,720575940632648612,720575940628683063,28,19,720575940642715040,720575940632436307,8
720575940638202345,17,Sugar GRNs,,720575940632648612,720575940628683063,28,6,720575940610708430,720575940650527222,56
720575940638202345,17,Sugar GRNs,,720575940632648612,720575940628683063,28,6,720575940610708430,720575940603765280,45
720575940638202345,17,Sugar GRNs,,720575940632648612,720575940628683063,28,6,720575940610708430,720575940615043112,44
720575940638202345,17,Sugar GRNs,,720575940632648612,720575940628683063,28,6,720575940610708430,720575940612923390,36
720575940638202345,17,Sugar GRNs,,720575940632648612,720575940628683063,28,6,720575940610708430,720575940625379859,31
720575940638202345,17,Sugar GRNs,,720575940632648612,720575940628683063,28,6,720575940610708430,720575940622897639,30
720575940638202345,17,Sugar GRNs,,720575940632648612,720575940628683063,28,6,720575940610708430,720575940628199802,28
720575940638202345,17,Sugar GRNs,,720575940632648612,720575940628683063,28,6,720575940610708430,720575940643539566,27
720575940638202345,17,Sugar GRNs,,720575940632648612,720575940628683063,28,6,720575940610708430,720575940620628957,27
720575940638202345,17,Sugar GRNs,,720575940632648612,720575940628683063,28,6,720575940610708430,720575940631884883,26
720575940638202345,17,Sugar GRNs,,720575940632648612,720575940628683063,28,6,720575940610708430,720575940624064295,25
720575940638202345,17,Sugar GRNs,,720575940632648612,720575940628683063,28,6,720575940610708430,720575940632436307,25
720575940638202345,17,Sugar GRNs,,720575940632648612,720575940628683063,28,6,720575940610708430,720575940623081400,24
720575940638202345,17,Sugar GRNs,,720575940632648612,720575940628683063,28,6,720575940610708430,720575940628363820,22
720575940638202345,17,Sugar GRNs,,720575940632648612,720575940628683063,28,6,720575940610708430,720575940618694827,17
720575940638202345,17,Sugar GRNs,,720575940632648612,720575940628683063,28,6,720575940610708430,720575940614623455,17
720575940638202345,17,Sugar GRNs,,720575940632648612,720575940628683063,28,6,720575940610708430,720575940611254681,13
720575940638202345,17,Sugar GRNs,,720575940632648612,720575940628683063,28,6,720575940610708430,720575940615911380,6
720575940638202345,17,Sugar GRNs,,720575940632648612,720575940632146340,13,6,720575940633711028,720575940618694827,10
720575940638202345,17,Sugar GRNs,,720575940632648612,720575940632146340,13,6,720575940633711028,720575940615911380,5
720575940638202345,17,Sugar GRNs,,720575940632648612,720575940629317450,12,7,720575940619025780,720575940628199802,7
720575940638202345,17,Sugar GRNs,,720575940632648612,720575940629317450,12,7,720575940619025780,720575940615911380,5
720575940638202345,17,Sugar GRNs,,720575940632648612,720575940629317450,12,6,720575940630311528,720575940623081400,5
720575940638202345,17,Sugar GRNs,,720575940632648612,720575940629317450,12,6,720575940630311528,720575940620628957,5
720575940638202345,17,Sugar GRNs,,720575940632648612,720575940634683743,10,5,720575940633711028,720575940618694827,10
720575940638202345,17,Sugar GRNs,,720575940632648612,720575940634683743,10,5,720575940633711028,720575940615911380,5
720575940638202345,17,Sugar GRNs,,720575940632648612,720575940629211607,8,5,720575940630311528,720575940623081400,5
720575940638202345,17,Sugar GRNs,,720575940632648612,720575940629211607,8,5,720575940630311528,720575940620628957,5
720575940638202345,17,Sugar GRNs,,720575940632648612,720575940614273292,7,7,720575940630311528,720575940623081400,5
720575940638202345,17,Sugar GRNs,,720575940632648612,720575940614273292,7,7,720575940630311528,720575940620628957,5
720575940638202345,17,Sugar GRNs,,720575940632648612,720575940614273292,7,5,720575940626146125,720575940650527222,11
720575940638202345,17,Sugar GRNs,,720575940632648612,720575940614273292,7,5,720575940626146125,720575940622897639,6
720575940638202345,17,Sugar GRNs,,720575940632648612,720575940621736669,6,5,720575940626021052,720575940628199802,9
720575940638202345,17,Sugar GRNs,,720575940632648612,720575940621736669,6,5,720575940626021052,720575940618694827,5
720575940638202345,17,Sugar GRNs,,720575940632648612,720575940636574388,6,6,720575940610708430,720575940650527222,56
720575940638202345,17,Sugar GRNs,,720575940632648612,720575940636574388,6,6,720575940610708430,720575940603765280,45
720575940638202345,17,Sugar GRNs,,720575940632648612,720575940636574388,6,6,720575940610708430,720575940615043112,44
720575940638202345,17,Sugar GRNs,,720575940632648612,720575940636574388,6,6,720575940610708430,720575940612923390,36
720575940638202345,17,Sugar GRNs,,720575940632648612,720575940636574388,6,6,720575940610708430,720575940625379859,31
720575940638202345,17,Sugar GRNs,,720575940632648612,720575940636574388,6,6,720575940610708430,720575940622897639,30
720575940638202345,17,Sugar GRNs,,720575940632648612,720575940636574388,6,6,720575940610708430,720575940628199802,28
720575940638202345,17,Sugar GRNs,,720575940632648612,720575940636574388,6,6,720575940610708430,720575940643539566,27
720575940638202345,17,Sugar GRNs,,720575940632648612,720575940636574388,6,6,720575940610708430,720575940620628957,27
720575940638202345,17,Sugar GRNs,,720575940632648612,720575940636574388,6,6,720575940610708430,720575940631884883,26
720575940638202345,17,Sugar GRNs,,720575940632648612,720575940636574388,6,6,720575940610708430,720575940624064295,25
720575940638202345,17,Sugar GRNs,,720575940632648612,720575940636574388,6,6,720575940610708430,720575940632436307,25
720575940638202345,17,Sugar GRNs,,720575940632648612,720575940636574388,6,6,720575940610708430,720575940623081400,24
720575940638202345,17,Sugar GRNs,,720575940632648612,720575940636574388,6,6,720575940610708430,720575940628363820,22
720575940638202345,17,Sugar GRNs,,720575940632648612,720575940636574388,6,6,720575940610708430,720575940618694827,17
720575940638202345,17,Sugar GRNs,,720575940632648612,720575940636574388,6,6,720575940610708430,720575940614623455,17
720575940638202345,17,Sugar GRNs,,720575940632648612,720575940636574388,6,6,720575940610708430,720575940611254681,13
720575940638202345,17,Sugar GRNs,,720575940632648612,720575940636574388,6,6,720575940610708430,720575940615911380,6
720575940638202345,17,Sugar GRNs,,720575940632648612,720575940637580102,6,6,720575940633711028,720575940618694827,10
720575940638202345,17,Sugar GRNs,,720575940632648612,720575940637580102,6,6,720575940633711028,720575940615911380,5
720575940638202345,17,Sugar GRNs,,720575940632648612,720575940632636959,5,6,720575940631309866,720575940611254681,8
720575940638202345,17,Sugar GRNs,,720575940606866377,720575940629370844,7,6,720575940626021052,720575940628199802,9
720575940638202345,17,Sugar GRNs,,720575940606866377,720575940629370844,7,6,720575940626021052,720575940618694827,5
720575940638202345,17,Sugar GRNs,,720575940606866377,720575940629370844,7,5,720575940637718598,720575940612923390,8
720575940638202345,17,Sugar GRNs,,720575940606866377,720575940629370844,7,5,720575940637718598,720575940615911380,7
720575940638202345,17,Sugar GRNs,,720575940606866377,720575940632873261,5,7,720575940644948771,720575940632436307,30
720575940638202345,17,Sugar GRNs,,720575940606866377,720575940632873261,5,6,720575940610708430,720575940650527222,56
720575940638202345,17,Sugar GRNs,,720575940606866377,720575940632873261,5,6,720575940610708430,720575940603765280,45
720575940638202345,17,Sugar GRNs,,720575940606866377,720575940632873261,5,6,720575940610708430,720575940615043112,44
720575940638202345,17,Sugar GRNs,,720575940606866377,720575940632873261,5,6,720575940610708430,720575940612923390,36
720575940638202345,17,Sugar GRNs,,720575940606866377,720575940632873261,5,6,720575940610708430,720575940625379859,31
720575940638202345,17,Sugar GRNs,,720575940606866377,720575940632873261,5,6,720575940610708430,720575940622897639,30
720575940638202345,17,Sugar GRNs,,720575940606866377,720575940632873261,5,6,720575940610708430,720575940628199802,28
720575940638202345,17,Sugar GRNs,,720575940606866377,720575940632873261,5,6,720575940610708430,720575940643539566,27
720575940638202345,17,Sugar GRNs,,720575940606866377,720575940632873261,5,6,720575940610708430,720575940620628957,27
720575940638202345,17,Sugar GRNs,,720575940606866377,720575940632873261,5,6,720575940610708430,720575940631884883,26
720575940638202345,17,Sugar GRNs,,720575940606866377,720575940632873261,5,6,720575940610708430,720575940624064295,25
720575940638202345,17,Sugar GRNs,,720575940606866377,720575940632873261,5,6,720575940610708430,720575940632436307,25
720575940638202345,17,Sugar GRNs,,720575940606866377,720575940632873261,5,6,720575940610708430,720575940623081400,24
720575940638202345,17,Sugar GRNs,,720575940606866377,720575940632873261,5,6,720575940610708430,720575940628363820,22
720575940638202345,17,Sugar GRNs,,720575940606866377,720575940632873261,5,6,720575940610708430,720575940618694827,17
720575940638202345,17,Sugar GRNs,,720575940606866377,720575940632873261,5,6,720575940610708430,720575940614623455,17
720575940638202345,17,Sugar GRNs,,720575940606866377,720575940632873261,5,6,720575940610708430,720575940611254681,13
720575940638202345,17,Sugar GRNs,,720575940606866377,720575940632873261,5,6,720575940610708430,720575940615911380,6
720575940637568838,17,Sugar GRNs,,720575940606866377,720575940629370844,7,6,720575940626021052,720575940628199802,9
720575940637568838,17,Sugar GRNs,,720575940606866377,720575940629370844,7,6,720575940626021052,720575940618694827,5
720575940637568838,17,Sugar GRNs,,720575940606866377,720575940629370844,7,5,720575940637718598,720575940612923390,8
720575940637568838,17,Sugar GRNs,,720575940606866377,720575940629370844,7,5,720575940637718598,720575940615911380,7
720575940637568838,17,Sugar GRNs,,720575940606866377,720575940632873261,5,7,720575940644948771,720575940632436307,30
720575940637568838,17,Sugar GRNs,,720575940606866377,720575940632873261,5,6,720575940610708430,720575940650527222,56
720575940637568838,17,Sugar GRNs,,720575940606866377,720575940632873261,5,6,720575940610708430,720575940603765280,45
720575940637568838,17,Sugar GRNs,,720575940606866377,720575940632873261,5,6,720575940610708430,720575940615043112,44
720575940637568838,17,Sugar GRNs,,720575940606866377,720575940632873261,5,6,720575940610708430,720575940612923390,36
720575940637568838,17,Sugar GRNs,,720575940606866377,720575940632873261,5,6,720575940610708430,720575940625379859,31
720575940637568838,17,Sugar GRNs,,720575940606866377,720575940632873261,5,6,720575940610708430,720575940622897639,30
720575940637568838,17,Sugar GRNs,,720575940606866377,720575940632873261,5,6,720575940610708430,720575940628199802,28
720575940637568838,17,Sugar GRNs,,720575940606866377,720575940632873261,5,6,720575940610708430,720575940643539566,27
720575940637568838,17,Sugar GRNs,,720575940606866377,720575940632873261,5,6,720575940610708430,720575940620628957,27
720575940637568838,17,Sugar GRNs,,720575940606866377,720575940632873261,5,6,720575940610708430,720575940631884883,26
720575940637568838,17,Sugar GRNs,,720575940606866377,720575940632873261,5,6,720575940610708430,720575940624064295,25
720575940637568838,17,Sugar GRNs,,720575940606866377,720575940632873261,5,6,720575940610708430,720575940632436307,25
720575940637568838,17,Sugar GRNs,,720575940606866377,720575940632873261,5,6,720575940610708430,720575940623081400,24
720575940637568838,17,Sugar GRNs,,720575940606866377,720575940632873261,5,6,720575940610708430,720575940628363820,22
720575940637568838,17,Sugar GRNs,,720575940606866377,720575940632873261,5,6,720575940610708430,720575940618694827,17
720575940637568838,17,Sugar GRNs,,720575940606866377,720575940632873261,5,6,720575940610708430,720575940614623455,17
720575940637568838,17,Sugar GRNs,,720575940606866377,720575940632873261,5,6,720575940610708430,720575940611254681,13
720575940637568838,17,Sugar GRNs,,720575940606866377,720575940632873261,5,6,720575940610708430,720575940615911380,6
720575940617000768,17,Sugar GRNs,,720575940625102692,720575940626870846,75,6,720575940626146125,720575940650527222,11
720575940617000768,17,Sugar GRNs,,720575940625102692,720575940626870846,75,6,720575940626146125,720575940622897639,6
720575940617000768,17,Sugar GRNs,,720575940625102692,720575940626308697,61,84,720575940610708430,720575940650527222,56
720575940617000768,17,Sugar GRNs,,720575940625102692,720575940626308697,61,84,720575940610708430,720575940603765280,45
720575940617000768,17,Sugar GRNs,,720575940625102692,720575940626308697,61,84,720575940610708430,720575940615043112,44
720575940617000768,17,Sugar GRNs,,720575940625102692,720575940626308697,61,84,720575940610708430,720575940612923390,36
720575940617000768,17,Sugar GRNs,,720575940625102692,720575940626308697,61,84,720575940610708430,720575940625379859,31
720575940617000768,17,Sugar GRNs,,720575940625102692,720575940626308697,61,84,720575940610708430,720575940622897639,30
720575940617000768,17,Sugar GRNs,,720575940625102692,720575940626308697,61,84,720575940610708430,720575940628199802,28
720575940617000768,17,Sugar GRNs,,720575940625102692,720575940626308697,61,84,720575940610708430,720575940643539566,27
720575940617000768,17,Sugar GRNs,,720575940625102692,720575940626308697,61,84,720575940610708430,720575940620628957,27
720575940617000768,17,Sugar GRNs,,720575940625102692,720575940626308697,61,84,720575940610708430,720575940631884883,26
720575940617000768,17,Sugar GRNs,,720575940625102692,720575940626308697,61,84,720575940610708430,720575940624064295,25
720575940617000768,17,Sugar GRNs,,720575940625102692,720575940626308697,61,84,720575940610708430,720575940632436307,25
720575940617000768,17,Sugar GRNs,,720575940625102692,720575940626308697,61,84,720575940610708430,720575940623081400,24
720575940617000768,17,Sugar GRNs,,720575940625102692,720575940626308697,61,84,720575940610708430,720575940628363820,22
720575940617000768,17,Sugar GRNs,,720575940625102692,720575940626308697,61,84,720575940610708430,720575940618694827,17
720575940617000768,17,Sugar GRNs,,720575940625102692,720575940626308697,61,84,720575940610708430,720575940614623455,17
720575940617000768,17,Sugar GRNs,,720575940625102692,720575940626308697,61,84,720575940610708430,720575940611254681,13
720575940617000768,17,Sugar GRNs,,720575940625102692,720575940626308697,61,84,720575940610708430,720575940615911380,6
720575940617000768,17,Sugar GRNs,,720575940625102692,720575940632602532,29,8,720575940614950194,720575940628363820,9
720575940617000768,17,Sugar GRNs,,720575940625102692,720575940632602532,29,8,720575940614950194,720575940625379859,5
720575940617000768,17,Sugar GRNs,,720575940625102692,720575940630664556,25,5,720575940631915801,720575940615043112,5
720575940617000768,17,Sugar GRNs,,720575940625102692,720575940623333964,23,25,720575940622160705,720575940628363820,5
720575940617000768,17,Sugar GRNs,,720575940625102692,720575940623333964,23,19,720575940625053773,720575940615043112,6
720575940617000768,17,Sugar GRNs,,720575940625102692,720575940623333964,23,19,720575940625053773,720575940603765280,5
720575940617000768,17,Sugar GRNs,,720575940625102692,720575940639813365,12,6,720575940610708430,720575940650527222,56
720575940617000768,17,Sugar GRNs,,720575940625102692,720575940639813365,12,6,720575940610708430,720575940603765280,45
720575940617000768,17,Sugar GRNs,,720575940625102692,720575940639813365,12,6,720575940610708430,720575940615043112,44
720575940617000768,17,Sugar GRNs,,720575940625102692,720575940639813365,12,6,720575940610708430,720575940612923390,36
720575940617000768,17,Sugar GRNs,,720575940625102692,720575940639813365,12,6,720575940610708430,720575940625379859,31
720575940617000768,17,Sugar GRNs,,720575940625102692,720575940639813365,12,6,720575940610708430,720575940622897639,30
720575940617000768,17,Sugar GRNs,,720575940625102692,720575940639813365,12,6,720575940610708430,720575940628199802,28
720575940617000768,17,Sugar GRNs,,720575940625102692,720575940639813365,12,6,720575940610708430,720575940643539566,27
720575940617000768,17,Sugar GRNs,,720575940625102692,720575940639813365,12,6,720575940610708430,720575940620628957,27
720575940617000768,17,Sugar GRNs,,720575940625102692,720575940639813365,12,6,720575940610708430,720575940631884883,26
720575940617000768,17,Sugar GRNs,,720575940625102692,720575940639813365,12,6,720575940610708430,720575940624064295,25
720575940617000768,17,Sugar GRNs,,720575940625102692,720575940639813365,12,6,720575940610708430,720575940632436307,25
720575940617000768,17,Sugar GRNs,,720575940625102692,720575940639813365,12,6,720575940610708430,720575940623081400,24
720575940617000768,17,Sugar GRNs,,720575940625102692,720575940639813365,12,6,720575940610708430,720575940628363820,22
720575940617000768,17,Sugar GRNs,,720575940625102692,720575940639813365,12,6,720575940610708430,720575940618694827,17
720575940617000768,17,Sugar GRNs,,720575940625102692,720575940639813365,12,6,720575940610708430,720575940614623455,17
720575940617000768,17,Sugar GRNs,,720575940625102692,720575940639813365,12,6,720575940610708430,720575940611254681,13
720575940617000768,17,Sugar GRNs,,720575940625102692,720575940639813365,12,6,720575940610708430,720575940615911380,6
720575940617000768,17,Sugar GRNs,,720575940625102692,720575940624040743,11,12,720575940620691327,720575940650527222,9
720575940617000768,17,Sugar GRNs,,720575940625102692,720575940624040743,11,12,720575940620691327,720575940628363820,9
720575940617000768,17,Sugar GRNs,,720575940625102692,720575940617184001,11,12,720575940633304601,720575940632436307,62
720575940617000768,17,Sugar GRNs,,720575940625102692,720575940617184001,11,12,720575940633304601,720575940650527222,51
720575940617000768,17,Sugar GRNs,,720575940625102692,720575940617184001,11,12,720575940633304601,720575940622897639,45
720575940617000768,17,Sugar GRNs,,720575940625102692,720575940617184001,11,12,720575940633304601,720575940603765280,45
720575940617000768,17,Sugar GRNs,,720575940625102692,720575940617184001,11,12,720575940633304601,720575940620628957,28
720575940617000768,17,Sugar GRNs,,720575940625102692,720575940617184001,11,12,720575940633304601,720575940623081400,23
720575940617000768,17,Sugar GRNs,,720575940625102692,720575940617184001,11,12,720575940633304601,720575940625379859,19
720575940617000768,17,Sugar GRNs,,720575940625102692,720575940617184001,11,12,720575940633304601,720575940611254681,18
720575940617000768,17,Sugar GRNs,,720575940625102692,720575940617184001,11,12,720575940633304601,720575940628363820,18
720575940617000768,17,Sugar GRNs,,720575940625102692,720575940617184001,11,12,720575940633304601,720575940615043112,15
720575940617000768,17,Sugar GRNs,,720575940625102692,720575940617184001,11,12,720575940633304601,720575940612923390,11
720575940617000768,17,Sugar GRNs,,720575940625102692,720575940617184001,11,12,720575940633304601,720575940614623455,9
720575940617000768,17,Sugar GRNs,,720575940625102692,720575940617184001,11,12,720575940631309866,720575940611254681,8
720575940617000768,17,Sugar GRNs,,720575940625102692,720575940617184001,11,7,720575940631008824,720575940643539566,53
720575940617000768,17,Sugar GRNs,,720575940625102692,720575940617184001,11,7,720575940631008824,720575940615043112,40
720575940617000768,17,Sugar GRNs,,720575940625102692,720575940617184001,11,7,720575940631008824,720575940628199802,34
720575940617000768,17,Sugar GRNs,,720575940625102692,720575940617184001,11,7,720575940631008824,720575940625379859,33
720575940617000768,17,Sugar GRNs,,720575940625102692,720575940617184001,11,7,720575940631008824,720575940611254681,33
720575940617000768,17,Sugar GRNs,,720575940625102692,720575940617184001,11,7,720575940631008824,720575940612923390,28
720575940617000768,17,Sugar GRNs,,720575940625102692,720575940617184001,11,7,720575940631008824,720575940618694827,22
720575940617000768,17,Sugar GRNs,,720575940625102692,720575940617184001,11,7,720575940631008824,720575940624064295,21
720575940617000768,17,Sugar GRNs,,720575940625102692,720575940617184001,11,7,720575940631008824,720575940631884883,20
720575940617000768,17,Sugar GRNs,,720575940625102692,720575940617184001,11,7,720575940631008824,720575940615911380,9
720575940617000768,17,Sugar GRNs,,720575940625102692,720575940617184001,11,7,720575940631008824,720575940632436307,6
720575940617000768,17,Sugar GRNs,,720575940625102692,720575940630311528,10,7,720575940631309866,720575940611254681,8
720575940617000768,17,Sugar GRNs,,720575940625102692,720575940630311528,10,6,720575940633304601,720575940632436307,62
720575940617000768,17,Sugar GRNs,,720575940625102692,720575940630311528,10,6,720575940633304601,720575940650527222,51
720575940617000768,17,Sugar GRNs,,720575940625102692,720575940630311528,10,6,720575940633304601,720575940622897639,45
720575940617000768,17,Sugar GRNs,,720575940625102692,720575940630311528,10,6,720575940633304601,720575940603765280,45
720575940617000768,17,Sugar GRNs,,720575940625102692,720575940630311528,10,6,720575940633304601,720575940620628957,28
720575940617000768,17,Sugar GRNs,,720575940625102692,720575940630311528,10,6,720575940633304601,720575940623081400,23
720575940617000768,17,Sugar GRNs,,720575940625102692,720575940630311528,10,6,720575940633304601,720575940625379859,19
720575940617000768,17,Sugar GRNs,,720575940625102692,720575940630311528,10,6,720575940633304601,720575940611254681,18
720575940617000768,17,Sugar GRNs,,720575940625102692,720575940630311528,10,6,720575940633304601,720575940628363820,18
720575940617000768,17,Sugar GRNs,,720575940625102692,720575940630311528,10,6,720575940633304601,720575940615043112,15
720575940617000768,17,Sugar GRNs,,720575940625102692,720575940630311528,10,6,720575940633304601,720575940612923390,11
720575940617000768,17,Sugar GRNs,,720575940625102692,720575940630311528,10,6,720575940633304601,720575940614623455,9
720575940617000768,17,Sugar GRNs,,720575940625102692,720575940622457579,9,11,720575940613845516,720575940650527222,13
720575940617000768,17,Sugar GRNs,,720575940625102692,720575940622457579,9,11,720575940613845516,720575940603765280,11
720575940617000768,17,Sugar GRNs,,720575940625102692,720575940622457579,9,11,720575940613845516,720575940614623455,8
720575940617000768,17,Sugar GRNs,,720575940625102692,720575940622457579,9,11,720575940613845516,720575940622897639,8
720575940617000768,17,Sugar GRNs,,720575940625102692,720575940622457579,9,11,720575940613845516,720575940620628957,7
720575940617000768,17,Sugar GRNs,,720575940625102692,720575940622457579,9,11,720575940613845516,720575940628363820,7
720575940617000768,17,Sugar GRNs,,720575940625102692,720575940622457579,9,11,720575940613845516,720575940623081400,5
720575940617000768,17,Sugar GRNs,,720575940625102692,720575940622457579,9,6,720575940623777065,720575940615043112,5
720575940617000768,17,Sugar GRNs,,720575940625102692,720575940627492866,8,45,720575940615792523,720575940632436307,36
720575940617000768,17,Sugar GRNs,,720575940625102692,720575940627492866,8,45,720575940615792523,720575940611254681,13
720575940617000768,17,Sugar GRNs,,720575940625102692,720575940627492866,8,7,720575940609625442,720575940622897639,10
720575940617000768,17,Sugar GRNs,,720575940625102692,720575940627492866,8,7,720575940609625442,720575940650527222,9
720575940617000768,17,Sugar GRNs,,720575940625102692,720575940627492866,8,7,720575940609625442,720575940603765280,9
720575940617000768,17,Sugar GRNs,,720575940625102692,720575940627492866,8,7,720575940609625442,720575940623081400,7
720575940617000768,17,Sugar GRNs,,720575940625102692,720575940627492866,8,7,720575940609625442,720575940628363820,6
720575940617000768,17,Sugar GRNs,,720575940625102692,720575940627492866,8,5,720575940642715040,720575940632436307,8
720575940617000768,17,Sugar GRNs,,720575940625102692,720575940607777628,7,10,720575940613845516,720575940650527222,13
720575940617000768,17,Sugar GRNs,,720575940625102692,720575940607777628,7,10,720575940613845516,720575940603765280,11
720575940617000768,17,Sugar GRNs,,720575940625102692,720575940607777628,7,10,720575940613845516,720575940614623455,8
720575940617000768,17,Sugar GRNs,,720575940625102692,720575940607777628,7,10,720575940613845516,720575940622897639,8
720575940617000768,17,Sugar GRNs,,720575940625102692,720575940607777628,7,10,720575940613845516,720575940620628957,7
720575940617000768,17,Sugar GRNs,,720575940625102692,720575940607777628,7,10,720575940613845516,720575940628363820,7
720575940617000768,17,Sugar GRNs,,720575940625102692,720575940607777628,7,10,720575940613845516,720575940623081400,5
720575940617000768,17,Sugar GRNs,,720575940625102692,720575940607777628,7,9,720575940633304601,720575940632436307,62
720575940617000768,17,Sugar GRNs,,720575940625102692,720575940607777628,7,9,720575940633304601,720575940650527222,51
720575940617000768,17,Sugar GRNs,,720575940625102692,720575940607777628,7,9,720575940633304601,720575940622897639,45
720575940617000768,17,Sugar GRNs,,720575940625102692,720575940607777628,7,9,720575940633304601,720575940603765280,45
720575940617000768,17,Sugar GRNs,,720575940625102692,720575940607777628,7,9,720575940633304601,720575940620628957,28
720575940617000768,17,Sugar GRNs,,720575940625102692,720575940607777628,7,9,720575940633304601,720575940623081400,23
720575940617000768,17,Sugar GRNs,,720575940625102692,720575940607777628,7,9,720575940633304601,720575940625379859,19
720575940617000768,17,Sugar GRNs,,720575940625102692,720575940607777628,7,9,720575940633304601,720575940611254681,18
720575940617000768,17,Sugar GRNs,,720575940625102692,720575940607777628,7,9,720575940633304601,720575940628363820,18
720575940617000768,17,Sugar GRNs,,720575940625102692,720575940607777628,7,9,720575940633304601,720575940615043112,15
720575940617000768,17,Sugar GRNs,,720575940625102692,720575940607777628,7,9,720575940633304601,720575940612923390,11
720575940617000768,17,Sugar GRNs,,720575940625102692,720575940607777628,7,9,720575940633304601,720575940614623455,9
720575940617000768,17,Sugar GRNs,,720575940625102692,720575940629317450,6,7,720575940619025780,720575940628199802,7
720575940617000768,17,Sugar GRNs,,720575940625102692,720575940629317450,6,7,720575940619025780,720575940615911380,5
720575940617000768,17,Sugar GRNs,,720575940625102692,720575940629317450,6,6,720575940630311528,720575940623081400,5
720575940617000768,17,Sugar GRNs,,720575940625102692,720575940629317450,6,6,720575940630311528,720575940620628957,5
720575940617000768,17,Sugar GRNs,,720575940625102692,720575940607472988,5,9,720575940624454221,720575940622897639,12
720575940617000768,17,Sugar GRNs,,720575940625102692,720575940607472988,5,9,720575940624454221,720575940650527222,6
720575940617000768,17,Sugar GRNs,,720575940625102692,720575940607472988,5,9,720575940624454221,720575940623081400,5
720575940617000768,17,Sugar GRNs,,720575940625102692,720575940607472988,5,9,720575940624454221,720575940620628957,5
720575940617000768,17,Sugar GRNs,,720575940625102692,720575940607472988,5,9,720575940624454221,720575940615043112,5
720575940617000768,17,Sugar GRNs,,720575940625102692,720575940607472988,5,9,720575940624454221,720575940611254681,5
720575940613601698,17,Sugar GRNs,,720575940626191306,720575940647606148,10,6,720575940622160705,720575940628363820,5
720575940613601698,17,Sugar GRNs,,720575940626191306,720575940626308697,5,84,720575940610708430,720575940650527222,56
720575940613601698,17,Sugar GRNs,,720575940626191306,720575940626308697,5,84,720575940610708430,720575940603765280,45
720575940613601698,17,Sugar GRNs,,720575940626191306,720575940626308697,5,84,720575940610708430,720575940615043112,44
720575940613601698,17,Sugar GRNs,,720575940626191306,720575940626308697,5,84,720575940610708430,720575940612923390,36
720575940613601698,17,Sugar GRNs,,720575940626191306,720575940626308697,5,84,720575940610708430,720575940625379859,31
720575940613601698,17,Sugar GRNs,,720575940626191306,720575940626308697,5,84,720575940610708430,720575940622897639,30
720575940613601698,17,Sugar GRNs,,720575940626191306,720575940626308697,5,84,720575940610708430,720575940628199802,28
720575940613601698,17,Sugar GRNs,,720575940626191306,720575940626308697,5,84,720575940610708430,720575940643539566,27
720575940613601698,17,Sugar GRNs,,720575940626191306,720575940626308697,5,84,720575940610708430,720575940620628957,27
720575940613601698,17,Sugar GRNs,,720575940626191306,720575940626308697,5,84,720575940610708430,720575940631884883,26
720575940613601698,17,Sugar GRNs,,720575940626191306,720575940626308697,5,84,720575940610708430,720575940624064295,25
720575940613601698,17,Sugar GRNs,,720575940626191306,720575940626308697,5,84,720575940610708430,720575940632436307,25
720575940613601698,17,Sugar GRNs,,720575940626191306,720575940626308697,5,84,720575940610708430,720575940623081400,24
720575940613601698,17,Sugar GRNs,,720575940626191306,720575940626308697,5,84,720575940610708430,720575940628363820,22
720575940613601698,17,Sugar GRNs,,720575940626191306,720575940626308697,5,84,720575940610708430,720575940618694827,17
720575940613601698,17,Sugar GRNs,,720575940626191306,720575940626308697,5,84,720575940610708430,720575940614623455,17
720575940613601698,17,Sugar GRNs,,720575940626191306,720575940626308697,5,84,720575940610708430,720575940611254681,13
720575940613601698,17,Sugar GRNs,,720575940626191306,720575940626308697,5,84,720575940610708430,720575940615911380,6
720575940632425919,17,Sugar GRNs,,720575940640589171,720575940655013281,13,5,720575940618310229,720575940628363820,5
720575940632425919,17,Sugar GRNs,,720575940640589171,720575940655013281,13,5,720575940618310229,720575940620628957,5
720575940632425919,17,Sugar GRNs,,720575940640589171,720575940614349974,13,8,720575940618310229,720575940628363820,5
720575940632425919,17,Sugar GRNs,,720575940640589171,720575940614349974,13,8,720575940618310229,720575940620628957,5
720575940630233916,16,Sugar GRNs,,720575940606866377,720575940629370844,7,6,720575940626021052,720575940628199802,9
720575940630233916,16,Sugar GRNs,,720575940606866377,720575940629370844,7,6,720575940626021052,720575940618694827,5
720575940630233916,16,Sugar GRNs,,720575940606866377,720575940629370844,7,5,720575940637718598,720575940612923390,8
720575940630233916,16,Sugar GRNs,,720575940606866377,720575940629370844,7,5,720575940637718598,720575940615911380,7
720575940630233916,16,Sugar GRNs,,720575940606866377,720575940632873261,5,7,720575940644948771,720575940632436307,30
720575940630233916,16,Sugar GRNs,,720575940606866377,720575940632873261,5,6,720575940610708430,720575940650527222,56
720575940630233916,16,Sugar GRNs,,720575940606866377,720575940632873261,5,6,720575940610708430,720575940603765280,45
720575940630233916,16,Sugar GRNs,,720575940606866377,720575940632873261,5,6,720575940610708430,720575940615043112,44
720575940630233916,16,Sugar GRNs,,720575940606866377,720575940632873261,5,6,720575940610708430,720575940612923390,36
720575940630233916,16,Sugar GRNs,,720575940606866377,720575940632873261,5,6,720575940610708430,720575940625379859,31
720575940630233916,16,Sugar GRNs,,720575940606866377,720575940632873261,5,6,720575940610708430,720575940622897639,30
720575940630233916,16,Sugar GRNs,,720575940606866377,720575940632873261,5,6,720575940610708430,720575940628199802,28
720575940630233916,16,Sugar GRNs,,720575940606866377,720575940632873261,5,6,720575940610708430,720575940643539566,27
720575940630233916,16,Sugar GRNs,,720575940606866377,720575940632873261,5,6,720575940610708430,720575940620628957,27
720575940630233916,16,Sugar GRNs,,720575940606866377,720575940632873261,5,6,720575940610708430,720575940631884883,26
720575940630233916,16,Sugar GRNs,,720575940606866377,720575940632873261,5,6,720575940610708430,720575940624064295,25
720575940630233916,16,Sugar GRNs,,720575940606866377,720575940632873261,5,6,720575940610708430,720575940632436307,25
720575940630233916,16,Sugar GRNs,,720575940606866377,720575940632873261,5,6,720575940610708430,720575940623081400,24
720575940630233916,16,Sugar GRNs,,720575940606866377,720575940632873261,5,6,720575940610708430,720575940628363820,22
720575940630233916,16,Sugar GRNs,,720575940606866377,720575940632873261,5,6,720575940610708430,720575940618694827,17
720575940630233916,16,Sugar GRNs,,720575940606866377,720575940632873261,5,6,720575940610708430,720575940614623455,17
720575940630233916,16,Sugar GRNs,,720575940606866377,720575940632873261,5,6,720575940610708430,720575940611254681,13
720575940630233916,16,Sugar GRNs,,720575940606866377,720575940632873261,5,6,720575940610708430,720575940615911380,6
720575940616885538,16,Sugar GRNs,,720575940626191306,720575940647606148,10,6,720575940622160705,720575940628363820,5
720575940616885538,16,Sugar GRNs,,720575940626191306,720575940626308697,5,84,720575940610708430,720575940650527222,56
720575940616885538,16,Sugar GRNs,,720575940626191306,720575940626308697,5,84,720575940610708430,720575940603765280,45
720575940616885538,16,Sugar GRNs,,720575940626191306,720575940626308697,5,84,720575940610708430,720575940615043112,44
720575940616885538,16,Sugar GRNs,,720575940626191306,720575940626308697,5,84,720575940610708430,720575940612923390,36
720575940616885538,16,Sugar GRNs,,720575940626191306,720575940626308697,5,84,720575940610708430,720575940625379859,31
720575940616885538,16,Sugar GRNs,,720575940626191306,720575940626308697,5,84,720575940610708430,720575940622897639,30
720575940616885538,16,Sugar GRNs,,720575940626191306,720575940626308697,5,84,720575940610708430,720575940628199802,28
720575940616885538,16,Sugar GRNs,,720575940626191306,720575940626308697,5,84,720575940610708430,720575940643539566,27
720575940616885538,16,Sugar GRNs,,720575940626191306,720575940626308697,5,84,720575940610708430,720575940620628957,27
720575940616885538,16,Sugar GRNs,,720575940626191306,720575940626308697,5,84,720575940610708430,720575940631884883,26
720575940616885538,16,Sugar GRNs,,720575940626191306,720575940626308697,5,84,720575940610708430,720575940624064295,25
720575940616885538,16,Sugar GRNs,,720575940626191306,720575940626308697,5,84,720575940610708430,720575940632436307,25
720575940616885538,16,Sugar GRNs,,720575940626191306,720575940626308697,5,84,720575940610708430,720575940623081400,24
720575940616885538,16,Sugar GRNs,,720575940626191306,720575940626308697,5,84,720575940610708430,720575940628363820,22
720575940616885538,16,Sugar GRNs,,720575940626191306,720575940626308697,5,84,720575940610708430,720575940618694827,17
720575940616885538,16,Sugar GRNs,,720575940626191306,720575940626308697,5,84,720575940610708430,720575940614623455,17
720575940616885538,16,Sugar GRNs,,720575940626191306,720575940626308697,5,84,720575940610708430,720575940611254681,13
720575940616885538,16,Sugar GRNs,,720575940626191306,720575940626308697,5,84,720575940610708430,720575940615911380,6
720575940617000768,16,Sugar GRNs,,720575940626191306,720575940647606148,10,6,720575940622160705,720575940628363820,5
720575940617000768,16,Sugar GRNs,,720575940626191306,720575940626308697,5,84,720575940610708430,720575940650527222,56
720575940617000768,16,Sugar GRNs,,720575940626191306,720575940626308697,5,84,720575940610708430,720575940603765280,45
720575940617000768,16,Sugar GRNs,,720575940626191306,720575940626308697,5,84,720575940610708430,720575940615043112,44
720575940617000768,16,Sugar GRNs,,720575940626191306,720575940626308697,5,84,720575940610708430,720575940612923390,36
720575940617000768,16,Sugar GRNs,,720575940626191306,720575940626308697,5,84,720575940610708430,720575940625379859,31
720575940617000768,16,Sugar GRNs,,720575940626191306,720575940626308697,5,84,720575940610708430,720575940622897639,30
720575940617000768,16,Sugar GRNs,,720575940626191306,720575940626308697,5,84,720575940610708430,720575940628199802,28
720575940617000768,16,Sugar GRNs,,720575940626191306,720575940626308697,5,84,720575940610708430,720575940643539566,27
720575940617000768,16,Sugar GRNs,,720575940626191306,720575940626308697,5,84,720575940610708430,720575940620628957,27
720575940617000768,16,Sugar GRNs,,720575940626191306,720575940626308697,5,84,720575940610708430,720575940631884883,26
720575940617000768,16,Sugar GRNs,,720575940626191306,720575940626308697,5,84,720575940610708430,720575940624064295,25
720575940617000768,16,Sugar GRNs,,720575940626191306,720575940626308697,5,84,720575940610708430,720575940632436307,25
720575940617000768,16,Sugar GRNs,,720575940626191306,720575940626308697,5,84,720575940610708430,720575940623081400,24
720575940617000768,16,Sugar GRNs,,720575940626191306,720575940626308697,5,84,720575940610708430,720575940628363820,22
720575940617000768,16,Sugar GRNs,,720575940626191306,720575940626308697,5,84,720575940610708430,720575940618694827,17
720575940617000768,16,Sugar GRNs,,720575940626191306,720575940626308697,5,84,720575940610708430,720575940614623455,17
720575940617000768,16,Sugar GRNs,,720575940626191306,720575940626308697,5,84,720575940610708430,720575940611254681,13
720575940617000768,16,Sugar GRNs,,720575940626191306,720575940626308697,5,84,720575940610708430,720575940615911380,6
720575940639259967,16,Sugar GRNs,,720575940622116705,720575940635210859,7,7,720575940631309866,720575940611254681,8
720575940639259967,16,Sugar GRNs,,720575940622116705,720575940636574388,5,6,720575940610708430,720575940650527222,56
720575940639259967,16,Sugar GRNs,,720575940622116705,720575940636574388,5,6,720575940610708430,720575940603765280,45
720575940639259967,16,Sugar GRNs,,720575940622116705,720575940636574388,5,6,720575940610708430,720575940615043112,44
720575940639259967,16,Sugar GRNs,,720575940622116705,720575940636574388,5,6,720575940610708430,720575940612923390,36
720575940639259967,16,Sugar GRNs,,720575940622116705,720575940636574388,5,6,720575940610708430,720575940625379859,31
720575940639259967,16,Sugar GRNs,,720575940622116705,720575940636574388,5,6,720575940610708430,720575940622897639,30
720575940639259967,16,Sugar GRNs,,720575940622116705,720575940636574388,5,6,720575940610708430,720575940628199802,28
720575940639259967,16,Sugar GRNs,,720575940622116705,720575940636574388,5,6,720575940610708430,720575940643539566,27
720575940639259967,16,Sugar GRNs,,720575940622116705,720575940636574388,5,6,720575940610708430,720575940620628957,27
720575940639259967,16,Sugar GRNs,,720575940622116705,720575940636574388,5,6,720575940610708430,720575940631884883,26
720575940639259967,16,Sugar GRNs,,720575940622116705,720575940636574388,5,6,720575940610708430,720575940624064295,25
720575940639259967,16,Sugar GRNs,,720575940622116705,720575940636574388,5,6,720575940610708430,720575940632436307,25
720575940639259967,16,Sugar GRNs,,720575940622116705,720575940636574388,5,6,720575940610708430,720575940623081400,24
720575940639259967,16,Sugar GRNs,,720575940622116705,720575940636574388,5,6,720575940610708430,720575940628363820,22
720575940639259967,16,Sugar GRNs,,720575940622116705,720575940636574388,5,6,720575940610708430,720575940618694827,17
720575940639259967,16,Sugar GRNs,,720575940622116705,720575940636574388,5,6,720575940610708430,720575940614623455,17
720575940639259967,16,Sugar GRNs,,720575940622116705,720575940636574388,5,6,720575940610708430,720575940611254681,13
720575940639259967,16,Sugar GRNs,,720575940622116705,720575940636574388,5,6,720575940610708430,720575940615911380,6
720575940630233916,15,Sugar GRNs,,720575940610916465,720575940618788944,35,7,720575940626146125,720575940650527222,11
720575940630233916,15,Sugar GRNs,,720575940610916465,720575940618788944,35,7,720575940626146125,720575940622897639,6
720575940630233916,15,Sugar GRNs,,720575940610916465,720575940618788944,35,5,720575940630311528,720575940623081400,5
720575940630233916,15,Sugar GRNs,,720575940610916465,720575940618788944,35,5,720575940630311528,720575940620628957,5
720575940630233916,15,Sugar GRNs,,720575940610916465,720575940618788944,35,5,720575940627492866,720575940650527222,11
720575940630233916,15,Sugar GRNs,,720575940610916465,720575940618788944,35,5,720575940627492866,720575940603765280,10
720575940630233916,15,Sugar GRNs,,720575940610916465,720575940618788944,35,5,720575940627492866,720575940623081400,5
720575940630233916,15,Sugar GRNs,,720575940610916465,720575940633165980,26,5,720575940630349905,720575940612923390,13
720575940630233916,15,Sugar GRNs,,720575940610916465,720575940633165980,26,5,720575940630349905,720575940628199802,12
720575940630233916,15,Sugar GRNs,,720575940610916465,720575940633165980,26,5,720575940630349905,720575940643539566,12
720575940630233916,15,Sugar GRNs,,720575940610916465,720575940633165980,26,5,720575940630349905,720575940615911380,9
720575940630233916,15,Sugar GRNs,,720575940610916465,720575940633165980,26,5,720575940630349905,720575940631884883,9
720575940630233916,15,Sugar GRNs,,720575940610916465,720575940633165980,26,5,720575940630349905,720575940625379859,8
720575940630233916,15,Sugar GRNs,,720575940610916465,720575940633165980,26,5,720575940630349905,720575940624064295,6
720575940630233916,15,Sugar GRNs,,720575940610916465,720575940633165980,26,5,720575940630349905,720575940615043112,5
720575940630233916,15,Sugar GRNs,,720575940610916465,720575940621736669,10,5,720575940626021052,720575940628199802,9
720575940630233916,15,Sugar GRNs,,720575940610916465,720575940621736669,10,5,720575940626021052,720575940618694827,5
720575940630233916,15,Sugar GRNs,,720575940610916465,720575940629317450,10,7,720575940619025780,720575940628199802,7
720575940630233916,15,Sugar GRNs,,720575940610916465,720575940629317450,10,7,720575940619025780,720575940615911380,5
720575940630233916,15,Sugar GRNs,,720575940610916465,720575940629317450,10,6,720575940630311528,720575940623081400,5
720575940630233916,15,Sugar GRNs,,720575940610916465,720575940629317450,10,6,720575940630311528,720575940620628957,5
720575940638202345,15,Sugar GRNs,,720575940626191306,720575940647606148,10,6,720575940622160705,720575940628363820,5
720575940638202345,15,Sugar GRNs,,720575940626191306,720575940626308697,5,84,720575940610708430,720575940650527222,56
720575940638202345,15,Sugar GRNs,,720575940626191306,720575940626308697,5,84,720575940610708430,720575940603765280,45
720575940638202345,15,Sugar GRNs,,720575940626191306,720575940626308697,5,84,720575940610708430,720575940615043112,44
720575940638202345,15,Sugar GRNs,,720575940626191306,720575940626308697,5,84,720575940610708430,720575940612923390,36
720575940638202345,15,Sugar GRNs,,720575940626191306,720575940626308697,5,84,720575940610708430,720575940625379859,31
720575940638202345,15,Sugar GRNs,,720575940626191306,720575940626308697,5,84,720575940610708430,720575940622897639,30
720575940638202345,15,Sugar GRNs,,720575940626191306,720575940626308697,5,84,720575940610708430,720575940628199802,28
720575940638202345,15,Sugar GRNs,,720575940626191306,720575940626308697,5,84,720575940610708430,720575940643539566,27
720575940638202345,15,Sugar GRNs,,720575940626191306,720575940626308697,5,84,720575940610708430,720575940620628957,27
720575940638202345,15,Sugar GRNs,,720575940626191306,720575940626308697,5,84,720575940610708430,720575940631884883,26
720575940638202345,15,Sugar GRNs,,720575940626191306,720575940626308697,5,84,720575940610708430,720575940624064295,25
720575940638202345,15,Sugar GRNs,,720575940626191306,720575940626308697,5,84,720575940610708430,720575940632436307,25
720575940638202345,15,Sugar GRNs,,720575940626191306,720575940626308697,5,84,720575940610708430,720575940623081400,24
720575940638202345,15,Sugar GRNs,,720575940626191306,720575940626308697,5,84,720575940610708430,720575940628363820,22
720575940638202345,15,Sugar GRNs,,720575940626191306,720575940626308697,5,84,720575940610708430,720575940618694827,17
720575940638202345,15,Sugar GRNs,,720575940626191306,720575940626308697,5,84,720575940610708430,720575940614623455,17
720575940638202345,15,Sugar GRNs,,720575940626191306,720575940626308697,5,84,720575940610708430,720575940611254681,13
720575940638202345,15,Sugar GRNs,,720575940626191306,720575940626308697,5,84,720575940610708430,720575940615911380,6
720575940624963786,15,Sugar GRNs,,720575940606866377,720575940629370844,7,6,720575940626021052,720575940628199802,9
720575940624963786,15,Sugar GRNs,,720575940606866377,720575940629370844,7,6,720575940626021052,720575940618694827,5
720575940624963786,15,Sugar GRNs,,720575940606866377,720575940629370844,7,5,720575940637718598,720575940612923390,8
720575940624963786,15,Sugar GRNs,,720575940606866377,720575940629370844,7,5,720575940637718598,720575940615911380,7
720575940624963786,15,Sugar GRNs,,720575940606866377,720575940632873261,5,7,720575940644948771,720575940632436307,30
720575940624963786,15,Sugar GRNs,,720575940606866377,720575940632873261,5,6,720575940610708430,720575940650527222,56
720575940624963786,15,Sugar GRNs,,720575940606866377,720575940632873261,5,6,720575940610708430,720575940603765280,45
720575940624963786,15,Sugar GRNs,,720575940606866377,720575940632873261,5,6,720575940610708430,720575940615043112,44
720575940624963786,15,Sugar GRNs,,720575940606866377,720575940632873261,5,6,720575940610708430,720575940612923390,36
720575940624963786,15,Sugar GRNs,,720575940606866377,720575940632873261,5,6,720575940610708430,720575940625379859,31
720575940624963786,15,Sugar GRNs,,720575940606866377,720575940632873261,5,6,720575940610708430,720575940622897639,30
720575940624963786,15,Sugar GRNs,,720575940606866377,720575940632873261,5,6,720575940610708430,720575940628199802,28
720575940624963786,15,Sugar GRNs,,720575940606866377,720575940632873261,5,6,720575940610708430,720575940643539566,27
720575940624963786,15,Sugar GRNs,,720575940606866377,720575940632873261,5,6,720575940610708430,720575940620628957,27
720575940624963786,15,Sugar GRNs,,720575940606866377,720575940632873261,5,6,720575940610708430,720575940631884883,26
720575940624963786,15,Sugar GRNs,,720575940606866377,720575940632873261,5,6,720575940610708430,720575940624064295,25
720575940624963786,15,Sugar GRNs,,720575940606866377,720575940632873261,5,6,720575940610708430,720575940632436307,25
720575940624963786,15,Sugar GRNs,,720575940606866377,720575940632873261,5,6,720575940610708430,720575940623081400,24
720575940624963786,15,Sugar GRNs,,720575940606866377,720575940632873261,5,6,720575940610708430,720575940628363820,22
720575940624963786,15,Sugar GRNs,,720575940606866377,720575940632873261,5,6,720575940610708430,720575940618694827,17
720575940624963786,15,Sugar GRNs,,720575940606866377,720575940632873261,5,6,720575940610708430,720575940614623455,17
720575940624963786,15,Sugar GRNs,,720575940606866377,720575940632873261,5,6,720575940610708430,720575940611254681,13
720575940624963786,15,Sugar GRNs,,720575940606866377,720575940632873261,5,6,720575940610708430,720575940615911380,6
720575940624963786,15,Sugar GRNs,,720575940641366517,720575940628683063,45,19,720575940642715040,720575940632436307,8
720575940624963786,15,Sugar GRNs,,720575940641366517,720575940628683063,45,6,720575940610708430,720575940650527222,56
720575940624963786,15,Sugar GRNs,,720575940641366517,720575940628683063,45,6,720575940610708430,720575940603765280,45
720575940624963786,15,Sugar GRNs,,720575940641366517,720575940628683063,45,6,720575940610708430,720575940615043112,44
720575940624963786,15,Sugar GRNs,,720575940641366517,720575940628683063,45,6,720575940610708430,720575940612923390,36
720575940624963786,15,Sugar GRNs,,720575940641366517,720575940628683063,45,6,720575940610708430,720575940625379859,31
720575940624963786,15,Sugar GRNs,,720575940641366517,720575940628683063,45,6,720575940610708430,720575940622897639,30
720575940624963786,15,Sugar GRNs,,720575940641366517,720575940628683063,45,6,720575940610708430,720575940628199802,28
720575940624963786,15,Sugar GRNs,,720575940641366517,720575940628683063,45,6,720575940610708430,720575940643539566,27
720575940624963786,15,Sugar GRNs,,720575940641366517,720575940628683063,45,6,720575940610708430,720575940620628957,27
720575940624963786,15,Sugar GRNs,,720575940641366517,720575940628683063,45,6,720575940610708430,720575940631884883,26
720575940624963786,15,Sugar GRNs,,720575940641366517,720575940628683063,45,6,720575940610708430,720575940624064295,25
720575940624963786,15,Sugar GRNs,,720575940641366517,720575940628683063,45,6,720575940610708430,720575940632436307,25
720575940624963786,15,Sugar GRNs,,720575940641366517,720575940628683063,45,6,720575940610708430,720575940623081400,24
720575940624963786,15,Sugar GRNs,,720575940641366517,720575940628683063,45,6,720575940610708430,720575940628363820,22
720575940624963786,15,Sugar GRNs,,720575940641366517,720575940628683063,45,6,720575940610708430,720575940618694827,17
720575940624963786,15,Sugar GRNs,,720575940641366517,720575940628683063,45,6,720575940610708430,720575940614623455,17
720575940624963786,15,Sugar GRNs,,720575940641366517,720575940628683063,45,6,720575940610708430,720575940611254681,13
720575940624963786,15,Sugar GRNs,,720575940641366517,720575940628683063,45,6,720575940610708430,720575940615911380,6
720575940624963786,15,Sugar GRNs,,720575940641366517,720575940632873261,45,7,720575940644948771,720575940632436307,30
720575940624963786,15,Sugar GRNs,,720575940641366517,720575940632873261,45,6,720575940610708430,720575940650527222,56
720575940624963786,15,Sugar GRNs,,720575940641366517,720575940632873261,45,6,720575940610708430,720575940603765280,45
720575940624963786,15,Sugar GRNs,,720575940641366517,720575940632873261,45,6,720575940610708430,720575940615043112,44
720575940624963786,15,Sugar GRNs,,720575940641366517,720575940632873261,45,6,720575940610708430,720575940612923390,36
720575940624963786,15,Sugar GRNs,,720575940641366517,720575940632873261,45,6,720575940610708430,720575940625379859,31
720575940624963786,15,Sugar GRNs,,720575940641366517,720575940632873261,45,6,720575940610708430,720575940622897639,30
720575940624963786,15,Sugar GRNs,,720575940641366517,720575940632873261,45,6,720575940610708430,720575940628199802,28
720575940624963786,15,Sugar GRNs,,720575940641366517,720575940632873261,45,6,720575940610708430,720575940643539566,27
720575940624963786,15,Sugar GRNs,,720575940641366517,720575940632873261,45,6,720575940610708430,720575940620628957,27
720575940624963786,15,Sugar GRNs,,720575940641366517,720575940632873261,45,6,720575940610708430,720575940631884883,26
720575940624963786,15,Sugar GRNs,,720575940641366517,720575940632873261,45,6,720575940610708430,720575940624064295,25
720575940624963786,15,Sugar GRNs,,720575940641366517,720575940632873261,45,6,720575940610708430,720575940632436307,25
720575940624963786,15,Sugar GRNs,,720575940641366517,720575940632873261,45,6,720575940610708430,720575940623081400,24
720575940624963786,15,Sugar GRNs,,720575940641366517,720575940632873261,45,6,720575940610708430,720575940628363820,22
720575940624963786,15,Sugar GRNs,,720575940641366517,720575940632873261,45,6,720575940610708430,720575940618694827,17
720575940624963786,15,Sugar GRNs,,720575940641366517,720575940632873261,45,6,720575940610708430,720575940614623455,17
720575940624963786,15,Sugar GRNs,,720575940641366517,720575940632873261,45,6,720575940610708430,720575940611254681,13
720575940624963786,15,Sugar GRNs,,720575940641366517,720575940632873261,45,6,720575940610708430,720575940615911380,6
720575940624963786,15,Sugar GRNs,,720575940641366517,720575940632636959,16,6,720575940631309866,720575940611254681,8
720575940624963786,15,Sugar GRNs,,720575940641366517,720575940621736669,15,5,720575940626021052,720575940628199802,9
720575940624963786,15,Sugar GRNs,,720575940641366517,720575940621736669,15,5,720575940626021052,720575940618694827,5
720575940624963786,15,Sugar GRNs,,720575940641366517,720575940629317450,15,7,720575940619025780,720575940628199802,7
720575940624963786,15,Sugar GRNs,,720575940641366517,720575940629317450,15,7,720575940619025780,720575940615911380,5
720575940624963786,15,Sugar GRNs,,720575940641366517,720575940629317450,15,6,720575940630311528,720575940623081400,5
720575940624963786,15,Sugar GRNs,,720575940641366517,720575940629317450,15,6,720575940630311528,720575940620628957,5
720575940623172843,14,Sugar GRNs,,720575940626191306,720575940647606148,10,6,720575940622160705,720575940628363820,5
720575940623172843,14,Sugar GRNs,,720575940626191306,720575940626308697,5,84,720575940610708430,720575940650527222,56
720575940623172843,14,Sugar GRNs,,720575940626191306,720575940626308697,5,84,720575940610708430,720575940603765280,45
720575940623172843,14,Sugar GRNs,,720575940626191306,720575940626308697,5,84,720575940610708430,720575940615043112,44
720575940623172843,14,Sugar GRNs,,720575940626191306,720575940626308697,5,84,720575940610708430,720575940612923390,36
720575940623172843,14,Sugar GRNs,,720575940626191306,720575940626308697,5,84,720575940610708430,720575940625379859,31
720575940623172843,14,Sugar GRNs,,720575940626191306,720575940626308697,5,84,720575940610708430,720575940622897639,30
720575940623172843,14,Sugar GRNs,,720575940626191306,720575940626308697,5,84,720575940610708430,720575940628199802,28
720575940623172843,14,Sugar GRNs,,720575940626191306,720575940626308697,5,84,720575940610708430,720575940643539566,27
720575940623172843,14,Sugar GRNs,,720575940626191306,720575940626308697,5,84,720575940610708430,720575940620628957,27
720575940623172843,14,Sugar GRNs,,720575940626191306,720575940626308697,5,84,720575940610708430,720575940631884883,26
720575940623172843,14,Sugar GRNs,,720575940626191306,720575940626308697,5,84,720575940610708430,720575940624064295,25
720575940623172843,14,Sugar GRNs,,720575940626191306,720575940626308697,5,84,720575940610708430,720575940632436307,25
720575940623172843,14,Sugar GRNs,,720575940626191306,720575940626308697,5,84,720575940610708430,720575940623081400,24
720575940623172843,14,Sugar GRNs,,720575940626191306,720575940626308697,5,84,720575940610708430,720575940628363820,22
720575940623172843,14,Sugar GRNs,,720575940626191306,720575940626308697,5,84,720575940610708430,720575940618694827,17
720575940623172843,14,Sugar GRNs,,720575940626191306,720575940626308697,5,84,720575940610708430,720575940614623455,17
720575940623172843,14,Sugar GRNs,,720575940626191306,720575940626308697,5,84,720575940610708430,720575940611254681,13
720575940623172843,14,Sugar GRNs,,720575940626191306,720575940626308697,5,84,720575940610708430,720575940615911380,6
720575940633143833,14,Sugar GRNs,,720575940632648612,720575940632873261,38,7,720575940644948771,720575940632436307,30
720575940633143833,14,Sugar GRNs,,720575940632648612,720575940632873261,38,6,720575940610708430,720575940650527222,56
720575940633143833,14,Sugar GRNs,,720575940632648612,720575940632873261,38,6,720575940610708430,720575940603765280,45
720575940633143833,14,Sugar GRNs,,720575940632648612,720575940632873261,38,6,720575940610708430,720575940615043112,44
720575940633143833,14,Sugar GRNs,,720575940632648612,720575940632873261,38,6,720575940610708430,720575940612923390,36
720575940633143833,14,Sugar GRNs,,720575940632648612,720575940632873261,38,6,720575940610708430,720575940625379859,31
720575940633143833,14,Sugar GRNs,,720575940632648612,720575940632873261,38,6,720575940610708430,720575940622897639,30
720575940633143833,14,Sugar GRNs,,720575940632648612,720575940632873261,38,6,720575940610708430,720575940628199802,28
720575940633143833,14,Sugar GRNs,,720575940632648612,720575940632873261,38,6,720575940610708430,720575940643539566,27
720575940633143833,14,Sugar GRNs,,720575940632648612,720575940632873261,38,6,720575940610708430,720575940620628957,27
720575940633143833,14,Sugar GRNs,,720575940632648612,720575940632873261,38,6,720575940610708430,720575940631884883,26
720575940633143833,14,Sugar GRNs,,720575940632648612,720575940632873261,38,6,720575940610708430,720575940624064295,25
720575940633143833,14,Sugar GRNs,,720575940632648612,720575940632873261,38,6,720575940610708430,720575940632436307,25
720575940633143833,14,Sugar GRNs,,720575940632648612,720575940632873261,38,6,720575940610708430,720575940623081400,24
720575940633143833,14,Sugar GRNs,,720575940632648612,720575940632873261,38,6,720575940610708430,720575940628363820,22
720575940633143833,14,Sugar GRNs,,720575940632648612,720575940632873261,38,6,720575940610708430,720575940618694827,17
720575940633143833,14,Sugar GRNs,,720575940632648612,720575940632873261,38,6,720575940610708430,720575940614623455,17
720575940633143833,14,Sugar GRNs,,720575940632648612,720575940632873261,38,6,720575940610708430,720575940611254681,13
720575940633143833,14,Sugar GRNs,,720575940632648612,720575940632873261,38,6,720575940610708430,720575940615911380,6
720575940633143833,14,Sugar GRNs,,720575940632648612,720575940628683063,28,19,720575940642715040,720575940632436307,8
720575940633143833,14,Sugar GRNs,,720575940632648612,720575940628683063,28,6,720575940610708430,720575940650527222,56
720575940633143833,14,Sugar GRNs,,720575940632648612,720575940628683063,28,6,720575940610708430,720575940603765280,45
720575940633143833,14,Sugar GRNs,,720575940632648612,720575940628683063,28,6,720575940610708430,720575940615043112,44
720575940633143833,14,Sugar GRNs,,720575940632648612,720575940628683063,28,6,720575940610708430,720575940612923390,36
720575940633143833,14,Sugar GRNs,,720575940632648612,720575940628683063,28,6,720575940610708430,720575940625379859,31
720575940633143833,14,Sugar GRNs,,720575940632648612,720575940628683063,28,6,720575940610708430,720575940622897639,30
720575940633143833,14,Sugar GRNs,,720575940632648612,720575940628683063,28,6,720575940610708430,720575940628199802,28
720575940633143833,14,Sugar GRNs,,720575940632648612,720575940628683063,28,6,720575940610708430,720575940643539566,27
720575940633143833,14,Sugar GRNs,,720575940632648612,720575940628683063,28,6,720575940610708430,720575940620628957,27
720575940633143833,14,Sugar GRNs,,720575940632648612,720575940628683063,28,6,720575940610708430,720575940631884883,26
720575940633143833,14,Sugar GRNs,,720575940632648612,720575940628683063,28,6,720575940610708430,720575940624064295,25
720575940633143833,14,Sugar GRNs,,720575940632648612,720575940628683063,28,6,720575940610708430,720575940632436307,25
720575940633143833,14,Sugar GRNs,,720575940632648612,720575940628683063,28,6,720575940610708430,720575940623081400,24
720575940633143833,14,Sugar GRNs,,720575940632648612,720575940628683063,28,6,720575940610708430,720575940628363820,22
720575940633143833,14,Sugar GRNs,,720575940632648612,720575940628683063,28,6,720575940610708430,720575940618694827,17
720575940633143833,14,Sugar GRNs,,720575940632648612,720575940628683063,28,6,720575940610708430,720575940614623455,17
720575940633143833,14,Sugar GRNs,,720575940632648612,720575940628683063,28,6,720575940610708430,720575940611254681,13
720575940633143833,14,Sugar GRNs,,720575940632648612,720575940628683063,28,6,720575940610708430,720575940615911380,6
720575940633143833,14,Sugar GRNs,,720575940632648612,720575940632146340,13,6,720575940633711028,720575940618694827,10
720575940633143833,14,Sugar GRNs,,720575940632648612,720575940632146340,13,6,720575940633711028,720575940615911380,5
720575940633143833,14,Sugar GRNs,,720575940632648612,720575940629317450,12,7,720575940619025780,720575940628199802,7
720575940633143833,14,Sugar GRNs,,720575940632648612,720575940629317450,12,7,720575940619025780,720575940615911380,5
720575940633143833,14,Sugar GRNs,,720575940632648612,720575940629317450,12,6,720575940630311528,720575940623081400,5
720575940633143833,14,Sugar GRNs,,720575940632648612,720575940629317450,12,6,720575940630311528,720575940620628957,5
720575940633143833,14,Sugar GRNs,,720575940632648612,720575940634683743,10,5,720575940633711028,720575940618694827,10
720575940633143833,14,Sugar GRNs,,720575940632648612,720575940634683743,10,5,720575940633711028,720575940615911380,5
720575940633143833,14,Sugar GRNs,,720575940632648612,720575940629211607,8,5,720575940630311528,720575940623081400,5
720575940633143833,14,Sugar GRNs,,720575940632648612,720575940629211607,8,5,720575940630311528,720575940620628957,5
720575940633143833,14,Sugar GRNs,,720575940632648612,720575940614273292,7,7,720575940630311528,720575940623081400,5
720575940633143833,14,Sugar GRNs,,720575940632648612,720575940614273292,7,7,720575940630311528,720575940620628957,5
720575940633143833,14,Sugar GRNs,,720575940632648612,720575940614273292,7,5,720575940626146125,720575940650527222,11
720575940633143833,14,Sugar GRNs,,720575940632648612,720575940614273292,7,5,720575940626146125,720575940622897639,6
720575940633143833,14,Sugar GRNs,,720575940632648612,720575940621736669,6,5,720575940626021052,720575940628199802,9
720575940633143833,14,Sugar GRNs,,720575940632648612,720575940621736669,6,5,720575940626021052,720575940618694827,5
720575940633143833,14,Sugar GRNs,,720575940632648612,720575940636574388,6,6,720575940610708430,720575940650527222,56
720575940633143833,14,Sugar GRNs,,720575940632648612,720575940636574388,6,6,720575940610708430,720575940603765280,45
720575940633143833,14,Sugar GRNs,,720575940632648612,720575940636574388,6,6,720575940610708430,720575940615043112,44
720575940633143833,14,Sugar GRNs,,720575940632648612,720575940636574388,6,6,720575940610708430,720575940612923390,36
720575940633143833,14,Sugar GRNs,,720575940632648612,720575940636574388,6,6,720575940610708430,720575940625379859,31
720575940633143833,14,Sugar GRNs,,720575940632648612,720575940636574388,6,6,720575940610708430,720575940622897639,30
720575940633143833,14,Sugar GRNs,,720575940632648612,720575940636574388,6,6,720575940610708430,720575940628199802,28
720575940633143833,14,Sugar GRNs,,720575940632648612,720575940636574388,6,6,720575940610708430,720575940643539566,27
720575940633143833,14,Sugar GRNs,,720575940632648612,720575940636574388,6,6,720575940610708430,720575940620628957,27
720575940633143833,14,Sugar GRNs,,720575940632648612,720575940636574388,6,6,720575940610708430,720575940631884883,26
720575940633143833,14,Sugar GRNs,,720575940632648612,720575940636574388,6,6,720575940610708430,720575940624064295,25
720575940633143833,14,Sugar GRNs,,720575940632648612,720575940636574388,6,6,720575940610708430,720575940632436307,25
720575940633143833,14,Sugar GRNs,,720575940632648612,720575940636574388,6,6,720575940610708430,720575940623081400,24
720575940633143833,14,Sugar GRNs,,720575940632648612,720575940636574388,6,6,720575940610708430,720575940628363820,22
720575940633143833,14,Sugar GRNs,,720575940632648612,720575940636574388,6,6,720575940610708430,720575940618694827,17
720575940633143833,14,Sugar GRNs,,720575940632648612,720575940636574388,6,6,720575940610708430,720575940614623455,17
720575940633143833,14,Sugar GRNs,,720575940632648612,720575940636574388,6,6,720575940610708430,720575940611254681,13
720575940633143833,14,Sugar GRNs,,720575940632648612,720575940636574388,6,6,720575940610708430,720575940615911380,6
720575940633143833,14,Sugar GRNs,,720575940632648612,720575940637580102,6,6,720575940633711028,720575940618694827,10
720575940633143833,14,Sugar GRNs,,720575940632648612,720575940637580102,6,6,720575940633711028,720575940615911380,5
720575940633143833,14,Sugar GRNs,,720575940632648612,720575940632636959,5,6,720575940631309866,720575940611254681,8
720575940616885538,14,Sugar GRNs,,720575940655014049,720575940611549902,33,6,720575940623040094,720575940612923390,7
720575940616885538,14,Sugar GRNs,,720575940655014049,720575940611549902,33,6,720575940623040094,720575940615043112,5
720575940616885538,14,Sugar GRNs,,720575940655014049,720575940635210859,8,7,720575940631309866,720575940611254681,8
720575940624963786,14,Sugar GRNs,,720575940632648612,720575940632873261,38,7,720575940644948771,720575940632436307,30
720575940624963786,14,Sugar GRNs,,720575940632648612,720575940632873261,38,6,720575940610708430,720575940650527222,56
720575940624963786,14,Sugar GRNs,,720575940632648612,720575940632873261,38,6,720575940610708430,720575940603765280,45
720575940624963786,14,Sugar GRNs,,720575940632648612,720575940632873261,38,6,720575940610708430,720575940615043112,44
720575940624963786,14,Sugar GRNs,,720575940632648612,720575940632873261,38,6,720575940610708430,720575940612923390,36
720575940624963786,14,Sugar GRNs,,720575940632648612,720575940632873261,38,6,720575940610708430,720575940625379859,31
720575940624963786,14,Sugar GRNs,,720575940632648612,720575940632873261,38,6,720575940610708430,720575940622897639,30
720575940624963786,14,Sugar GRNs,,720575940632648612,720575940632873261,38,6,720575940610708430,720575940628199802,28
720575940624963786,14,Sugar GRNs,,720575940632648612,720575940632873261,38,6,720575940610708430,720575940643539566,27
720575940624963786,14,Sugar GRNs,,720575940632648612,720575940632873261,38,6,720575940610708430,720575940620628957,27
720575940624963786,14,Sugar GRNs,,720575940632648612,720575940632873261,38,6,720575940610708430,720575940631884883,26
720575940624963786,14,Sugar GRNs,,720575940632648612,720575940632873261,38,6,720575940610708430,720575940624064295,25
720575940624963786,14,Sugar GRNs,,720575940632648612,720575940632873261,38,6,720575940610708430,720575940632436307,25
720575940624963786,14,Sugar GRNs,,720575940632648612,720575940632873261,38,6,720575940610708430,720575940623081400,24
720575940624963786,14,Sugar GRNs,,720575940632648612,720575940632873261,38,6,720575940610708430,720575940628363820,22
720575940624963786,14,Sugar GRNs,,720575940632648612,720575940632873261,38,6,720575940610708430,720575940618694827,17
720575940624963786,14,Sugar GRNs,,720575940632648612,720575940632873261,38,6,720575940610708430,720575940614623455,17
720575940624963786,14,Sugar GRNs,,720575940632648612,720575940632873261,38,6,720575940610708430,720575940611254681,13
720575940624963786,14,Sugar GRNs,,720575940632648612,720575940632873261,38,6,720575940610708430,720575940615911380,6
720575940624963786,14,Sugar GRNs,,720575940632648612,720575940628683063,28,19,720575940642715040,720575940632436307,8
720575940624963786,14,Sugar GRNs,,720575940632648612,720575940628683063,28,6,720575940610708430,720575940650527222,56
720575940624963786,14,Sugar GRNs,,720575940632648612,720575940628683063,28,6,720575940610708430,720575940603765280,45
720575940624963786,14,Sugar GRNs,,720575940632648612,720575940628683063,28,6,720575940610708430,720575940615043112,44
720575940624963786,14,Sugar GRNs,,720575940632648612,720575940628683063,28,6,720575940610708430,720575940612923390,36
720575940624963786,14,Sugar GRNs,,720575940632648612,720575940628683063,28,6,720575940610708430,720575940625379859,31
720575940624963786,14,Sugar GRNs,,720575940632648612,720575940628683063,28,6,720575940610708430,720575940622897639,30
720575940624963786,14,Sugar GRNs,,720575940632648612,720575940628683063,28,6,720575940610708430,720575940628199802,28
720575940624963786,14,Sugar GRNs,,720575940632648612,720575940628683063,28,6,720575940610708430,720575940643539566,27
720575940624963786,14,Sugar GRNs,,720575940632648612,720575940628683063,28,6,720575940610708430,720575940620628957,27
720575940624963786,14,Sugar GRNs,,720575940632648612,720575940628683063,28,6,720575940610708430,720575940631884883,26
720575940624963786,14,Sugar GRNs,,720575940632648612,720575940628683063,28,6,720575940610708430,720575940624064295,25
720575940624963786,14,Sugar GRNs,,720575940632648612,720575940628683063,28,6,720575940610708430,720575940632436307,25
720575940624963786,14,Sugar GRNs,,720575940632648612,720575940628683063,28,6,720575940610708430,720575940623081400,24
720575940624963786,14,Sugar GRNs,,720575940632648612,720575940628683063,28,6,720575940610708430,720575940628363820,22
720575940624963786,14,Sugar GRNs,,720575940632648612,720575940628683063,28,6,720575940610708430,720575940618694827,17
720575940624963786,14,Sugar GRNs,,720575940632648612,720575940628683063,28,6,720575940610708430,720575940614623455,17
720575940624963786,14,Sugar GRNs,,720575940632648612,720575940628683063,28,6,720575940610708430,720575940611254681,13
720575940624963786,14,Sugar GRNs,,720575940632648612,720575940628683063,28,6,720575940610708430,720575940615911380,6
720575940624963786,14,Sugar GRNs,,720575940632648612,720575940632146340,13,6,720575940633711028,720575940618694827,10
720575940624963786,14,Sugar GRNs,,720575940632648612,720575940632146340,13,6,720575940633711028,720575940615911380,5
720575940624963786,14,Sugar GRNs,,720575940632648612,720575940629317450,12,7,720575940619025780,720575940628199802,7
720575940624963786,14,Sugar GRNs,,720575940632648612,720575940629317450,12,7,720575940619025780,720575940615911380,5
720575940624963786,14,Sugar GRNs,,720575940632648612,720575940629317450,12,6,720575940630311528,720575940623081400,5
720575940624963786,14,Sugar GRNs,,720575940632648612,720575940629317450,12,6,720575940630311528,720575940620628957,5
720575940624963786,14,Sugar GRNs,,720575940632648612,720575940634683743,10,5,720575940633711028,720575940618694827,10
720575940624963786,14,Sugar GRNs,,720575940632648612,720575940634683743,10,5,720575940633711028,720575940615911380,5
720575940624963786,14,Sugar GRNs,,720575940632648612,720575940629211607,8,5,720575940630311528,720575940623081400,5
720575940624963786,14,Sugar GRNs,,720575940632648612,720575940629211607,8,5,720575940630311528,720575940620628957,5
720575940624963786,14,Sugar GRNs,,720575940632648612,720575940614273292,7,7,720575940630311528,720575940623081400,5
720575940624963786,14,Sugar GRNs,,720575940632648612,720575940614273292,7,7,720575940630311528,720575940620628957,5
720575940624963786,14,Sugar GRNs,,720575940632648612,720575940614273292,7,5,720575940626146125,720575940650527222,11
720575940624963786,14,Sugar GRNs,,720575940632648612,720575940614273292,7,5,720575940626146125,720575940622897639,6
720575940624963786,14,Sugar GRNs,,720575940632648612,720575940621736669,6,5,720575940626021052,720575940628199802,9
720575940624963786,14,Sugar GRNs,,720575940632648612,720575940621736669,6,5,720575940626021052,720575940618694827,5
720575940624963786,14,Sugar GRNs,,720575940632648612,720575940636574388,6,6,720575940610708430,720575940650527222,56
720575940624963786,14,Sugar GRNs,,720575940632648612,720575940636574388,6,6,720575940610708430,720575940603765280,45
720575940624963786,14,Sugar GRNs,,720575940632648612,720575940636574388,6,6,720575940610708430,720575940615043112,44
720575940624963786,14,Sugar GRNs,,720575940632648612,720575940636574388,6,6,720575940610708430,720575940612923390,36
720575940624963786,14,Sugar GRNs,,720575940632648612,720575940636574388,6,6,720575940610708430,720575940625379859,31
720575940624963786,14,Sugar GRNs,,720575940632648612,720575940636574388,6,6,720575940610708430,720575940622897639,30
720575940624963786,14,Sugar GRNs,,720575940632648612,720575940636574388,6,6,720575940610708430,720575940628199802,28
720575940624963786,14,Sugar GRNs,,720575940632648612,720575940636574388,6,6,720575940610708430,720575940643539566,27
720575940624963786,14,Sugar GRNs,,720575940632648612,720575940636574388,6,6,720575940610708430,720575940620628957,27
720575940624963786,14,Sugar GRNs,,720575940632648612,720575940636574388,6,6,720575940610708430,720575940631884883,26
720575940624963786,14,Sugar GRNs,,720575940632648612,720575940636574388,6,6,720575940610708430,720575940624064295,25
720575940624963786,14,Sugar GRNs,,720575940632648612,720575940636574388,6,6,720575940610708430,720575940632436307,25
720575940624963786,14,Sugar GRNs,,720575940632648612,720575940636574388,6,6,720575940610708430,720575940623081400,24
720575940624963786,14,Sugar GRNs,,720575940632648612,720575940636574388,6,6,720575940610708430,720575940628363820,22
720575940624963786,14,Sugar GRNs,,720575940632648612,720575940636574388,6,6,720575940610708430,720575940618694827,17
720575940624963786,14,Sugar GRNs,,720575940632648612,720575940636574388,6,6,720575940610708430,720575940614623455,17
720575940624963786,14,Sugar GRNs,,720575940632648612,720575940636574388,6,6,720575940610708430,720575940611254681,13
720575940624963786,14,Sugar GRNs,,720575940632648612,720575940636574388,6,6,720575940610708430,720575940615911380,6
720575940624963786,14,Sugar GRNs,,720575940632648612,720575940637580102,6,6,720575940633711028,720575940618694827,10
720575940624963786,14,Sugar GRNs,,720575940632648612,720575940637580102,6,6,720575940633711028,720575940615911380,5
720575940624963786,14,Sugar GRNs,,720575940632648612,720575940632636959,5,6,720575940631309866,720575940611254681,8
720575940611875570,14,Sugar GRNs,,720575940626191306,720575940647606148,10,6,720575940622160705,720575940628363820,5
720575940611875570,14,Sugar GRNs,,720575940626191306,720575940626308697,5,84,720575940610708430,720575940650527222,56
720575940611875570,14,Sugar GRNs,,720575940626191306,720575940626308697,5,84,720575940610708430,720575940603765280,45
720575940611875570,14,Sugar GRNs,,720575940626191306,720575940626308697,5,84,720575940610708430,720575940615043112,44
720575940611875570,14,Sugar GRNs,,720575940626191306,720575940626308697,5,84,720575940610708430,720575940612923390,36
720575940611875570,14,Sugar GRNs,,720575940626191306,720575940626308697,5,84,720575940610708430,720575940625379859,31
720575940611875570,14,Sugar GRNs,,720575940626191306,720575940626308697,5,84,720575940610708430,720575940622897639,30
720575940611875570,14,Sugar GRNs,,720575940626191306,720575940626308697,5,84,720575940610708430,720575940628199802,28
720575940611875570,14,Sugar GRNs,,720575940626191306,720575940626308697,5,84,720575940610708430,720575940643539566,27
720575940611875570,14,Sugar GRNs,,720575940626191306,720575940626308697,5,84,720575940610708430,720575940620628957,27
720575940611875570,14,Sugar GRNs,,720575940626191306,720575940626308697,5,84,720575940610708430,720575940631884883,26
720575940611875570,14,Sugar GRNs,,720575940626191306,720575940626308697,5,84,720575940610708430,720575940624064295,25
720575940611875570,14,Sugar GRNs,,720575940626191306,720575940626308697,5,84,720575940610708430,720575940632436307,25
720575940611875570,14,Sugar GRNs,,720575940626191306,720575940626308697,5,84,720575940610708430,720575940623081400,24
720575940611875570,14,Sugar GRNs,,720575940626191306,720575940626308697,5,84,720575940610708430,720575940628363820,22
720575940611875570,14,Sugar GRNs,,720575940626191306,720575940626308697,5,84,720575940610708430,720575940618694827,17
720575940611875570,14,Sugar GRNs,,720575940626191306,720575940626308697,5,84,720575940610708430,720575940614623455,17
720575940611875570,14,Sugar GRNs,,720575940626191306,720575940626308697,5,84,720575940610708430,720575940611254681,13
720575940611875570,14,Sugar GRNs,,720575940626191306,720575940626308697,5,84,720575940610708430,720575940615911380,6
720575940632425919,14,Sugar GRNs,,720575940623210445,720575940611549902,7,6,720575940623040094,720575940612923390,7
720575940632425919,14,Sugar GRNs,,720575940623210445,720575940611549902,7,6,720575940623040094,720575940615043112,5
720575940638202345,14,Sugar GRNs,,720575940610916465,720575940618788944,35,7,720575940626146125,720575940650527222,11
720575940638202345,14,Sugar GRNs,,720575940610916465,720575940618788944,35,7,720575940626146125,720575940622897639,6
720575940638202345,14,Sugar GRNs,,720575940610916465,720575940618788944,35,5,720575940630311528,720575940623081400,5
720575940638202345,14,Sugar GRNs,,720575940610916465,720575940618788944,35,5,720575940630311528,720575940620628957,5
720575940638202345,14,Sugar GRNs,,720575940610916465,720575940618788944,35,5,720575940627492866,720575940650527222,11
720575940638202345,14,Sugar GRNs,,720575940610916465,720575940618788944,35,5,720575940627492866,720575940603765280,10
720575940638202345,14,Sugar GRNs,,720575940610916465,720575940618788944,35,5,720575940627492866,720575940623081400,5
720575940638202345,14,Sugar GRNs,,720575940610916465,720575940633165980,26,5,720575940630349905,720575940612923390,13
720575940638202345,14,Sugar GRNs,,720575940610916465,720575940633165980,26,5,720575940630349905,720575940628199802,12
720575940638202345,14,Sugar GRNs,,720575940610916465,720575940633165980,26,5,720575940630349905,720575940643539566,12
720575940638202345,14,Sugar GRNs,,720575940610916465,720575940633165980,26,5,720575940630349905,720575940615911380,9
720575940638202345,14,Sugar GRNs,,720575940610916465,720575940633165980,26,5,720575940630349905,720575940631884883,9
720575940638202345,14,Sugar GRNs,,720575940610916465,720575940633165980,26,5,720575940630349905,720575940625379859,8
720575940638202345,14,Sugar GRNs,,720575940610916465,720575940633165980,26,5,720575940630349905,720575940624064295,6
720575940638202345,14,Sugar GRNs,,720575940610916465,720575940633165980,26,5,720575940630349905,720575940615043112,5
720575940638202345,14,Sugar GRNs,,720575940610916465,720575940621736669,10,5,720575940626021052,720575940628199802,9
720575940638202345,14,Sugar GRNs,,720575940610916465,720575940621736669,10,5,720575940626021052,720575940618694827,5
720575940638202345,14,Sugar GRNs,,720575940610916465,720575940629317450,10,7,720575940619025780,720575940628199802,7
720575940638202345,14,Sugar GRNs,,720575940610916465,720575940629317450,10,7,720575940619025780,720575940615911380,5
720575940638202345,14,Sugar GRNs,,720575940610916465,720575940629317450,10,6,720575940630311528,720575940623081400,5
720575940638202345,14,Sugar GRNs,,720575940610916465,720575940629317450,10,6,720575940630311528,720575940620628957,5
720575940624963786,13,Sugar GRNs,,720575940626191306,720575940647606148,10,6,720575940622160705,720575940628363820,5
720575940624963786,13,Sugar GRNs,,720575940626191306,720575940626308697,5,84,720575940610708430,720575940650527222,56
720575940624963786,13,Sugar GRNs,,720575940626191306,720575940626308697,5,84,720575940610708430,720575940603765280,45
720575940624963786,13,Sugar GRNs,,720575940626191306,720575940626308697,5,84,720575940610708430,720575940615043112,44
720575940624963786,13,Sugar GRNs,,720575940626191306,720575940626308697,5,84,720575940610708430,720575940612923390,36
720575940624963786,13,Sugar GRNs,,720575940626191306,720575940626308697,5,84,720575940610708430,720575940625379859,31
720575940624963786,13,Sugar GRNs,,720575940626191306,720575940626308697,5,84,720575940610708430,720575940622897639,30
720575940624963786,13,Sugar GRNs,,720575940626191306,720575940626308697,5,84,720575940610708430,720575940628199802,28
720575940624963786,13,Sugar GRNs,,720575940626191306,720575940626308697,5,84,720575940610708430,720575940643539566,27
720575940624963786,13,Sugar GRNs,,720575940626191306,720575940626308697,5,84,720575940610708430,720575940620628957,27
720575940624963786,13,Sugar GRNs,,720575940626191306,720575940626308697,5,84,720575940610708430,720575940631884883,26
720575940624963786,13,Sugar GRNs,,720575940626191306,720575940626308697,5,84,720575940610708430,720575940624064295,25
720575940624963786,13,Sugar GRNs,,720575940626191306,720575940626308697,5,84,720575940610708430,720575940632436307,25
720575940624963786,13,Sugar GRNs,,720575940626191306,720575940626308697,5,84,720575940610708430,720575940623081400,24
720575940624963786,13,Sugar GRNs,,720575940626191306,720575940626308697,5,84,720575940610708430,720575940628363820,22
720575940624963786,13,Sugar GRNs,,720575940626191306,720575940626308697,5,84,720575940610708430,720575940618694827,17
720575940624963786,13,Sugar GRNs,,720575940626191306,720575940626308697,5,84,720575940610708430,720575940614623455,17
720575940624963786,13,Sugar GRNs,,720575940626191306,720575940626308697,5,84,720575940610708430,720575940611254681,13
720575940624963786,13,Sugar GRNs,,720575940626191306,720575940626308697,5,84,720575940610708430,720575940615911380,6
720575940617000768,13,Sugar GRNs,,720575940625178768,720575940630664556,129,5,720575940631915801,720575940615043112,5
720575940617000768,13,Sugar GRNs,,720575940625178768,720575940626308697,47,84,720575940610708430,720575940650527222,56
720575940617000768,13,Sugar GRNs,,720575940625178768,720575940626308697,47,84,720575940610708430,720575940603765280,45
720575940617000768,13,Sugar GRNs,,720575940625178768,720575940626308697,47,84,720575940610708430,720575940615043112,44
720575940617000768,13,Sugar GRNs,,720575940625178768,720575940626308697,47,84,720575940610708430,720575940612923390,36
720575940617000768,13,Sugar GRNs,,720575940625178768,720575940626308697,47,84,720575940610708430,720575940625379859,31
720575940617000768,13,Sugar GRNs,,720575940625178768,720575940626308697,47,84,720575940610708430,720575940622897639,30
720575940617000768,13,Sugar GRNs,,720575940625178768,720575940626308697,47,84,720575940610708430,720575940628199802,28
720575940617000768,13,Sugar GRNs,,720575940625178768,720575940626308697,47,84,720575940610708430,720575940643539566,27
720575940617000768,13,Sugar GRNs,,720575940625178768,720575940626308697,47,84,720575940610708430,720575940620628957,27
720575940617000768,13,Sugar GRNs,,720575940625178768,720575940626308697,47,84,720575940610708430,720575940631884883,26
720575940617000768,13,Sugar GRNs,,720575940625178768,720575940626308697,47,84,720575940610708430,720575940624064295,25
720575940617000768,13,Sugar GRNs,,720575940625178768,720575940626308697,47,84,720575940610708430,720575940632436307,25
720575940617000768,13,Sugar GRNs,,720575940625178768,720575940626308697,47,84,720575940610708430,720575940623081400,24
720575940617000768,13,Sugar GRNs,,720575940625178768,720575940626308697,47,84,720575940610708430,720575940628363820,22
720575940617000768,13,Sugar GRNs,,720575940625178768,720575940626308697,47,84,720575940610708430,720575940618694827,17
720575940617000768,13,Sugar GRNs,,720575940625178768,720575940626308697,47,84,720575940610708430,720575940614623455,17
720575940617000768,13,Sugar GRNs,,720575940625178768,720575940626308697,47,84,720575940610708430,720575940611254681,13
720575940617000768,13,Sugar GRNs,,720575940625178768,720575940626308697,47,84,720575940610708430,720575940615911380,6
720575940617000768,13,Sugar GRNs,,720575940625178768,720575940632602532,39,8,720575940614950194,720575940628363820,9
720575940617000768,13,Sugar GRNs,,720575940625178768,720575940632602532,39,8,720575940614950194,720575940625379859,5
720575940617000768,13,Sugar GRNs,,720575940625178768,720575940620170887,7,5,720575940622834411,720575940612923390,7
720575940610788069,13,Sugar GRNs,,720575940655014049,720575940611549902,33,6,720575940623040094,720575940612923390,7
720575940610788069,13,Sugar GRNs,,720575940655014049,720575940611549902,33,6,720575940623040094,720575940615043112,5
720575940610788069,13,Sugar GRNs,,720575940655014049,720575940635210859,8,7,720575940631309866,720575940611254681,8
720575940628853239,13,Sugar GRNs,,720575940632648612,720575940632873261,38,7,720575940644948771,720575940632436307,30
720575940628853239,13,Sugar GRNs,,720575940632648612,720575940632873261,38,6,720575940610708430,720575940650527222,56
720575940628853239,13,Sugar GRNs,,720575940632648612,720575940632873261,38,6,720575940610708430,720575940603765280,45
720575940628853239,13,Sugar GRNs,,720575940632648612,720575940632873261,38,6,720575940610708430,720575940615043112,44
720575940628853239,13,Sugar GRNs,,720575940632648612,720575940632873261,38,6,720575940610708430,720575940612923390,36
720575940628853239,13,Sugar GRNs,,720575940632648612,720575940632873261,38,6,720575940610708430,720575940625379859,31
720575940628853239,13,Sugar GRNs,,720575940632648612,720575940632873261,38,6,720575940610708430,720575940622897639,30
720575940628853239,13,Sugar GRNs,,720575940632648612,720575940632873261,38,6,720575940610708430,720575940628199802,28
720575940628853239,13,Sugar GRNs,,720575940632648612,720575940632873261,38,6,720575940610708430,720575940643539566,27
720575940628853239,13,Sugar GRNs,,720575940632648612,720575940632873261,38,6,720575940610708430,720575940620628957,27
720575940628853239,13,Sugar GRNs,,720575940632648612,720575940632873261,38,6,720575940610708430,720575940631884883,26
720575940628853239,13,Sugar GRNs,,720575940632648612,720575940632873261,38,6,720575940610708430,720575940624064295,25
720575940628853239,13,Sugar GRNs,,720575940632648612,720575940632873261,38,6,720575940610708430,720575940632436307,25
720575940628853239,13,Sugar GRNs,,720575940632648612,720575940632873261,38,6,720575940610708430,720575940623081400,24
720575940628853239,13,Sugar GRNs,,720575940632648612,720575940632873261,38,6,720575940610708430,720575940628363820,22
720575940628853239,13,Sugar GRNs,,720575940632648612,720575940632873261,38,6,720575940610708430,720575940618694827,17
720575940628853239,13,Sugar GRNs,,720575940632648612,720575940632873261,38,6,720575940610708430,720575940614623455,17
720575940628853239,13,Sugar GRNs,,720575940632648612,720575940632873261,38,6,720575940610708430,720575940611254681,13
720575940628853239,13,Sugar GRNs,,720575940632648612,720575940632873261,38,6,720575940610708430,720575940615911380,6
720575940628853239,13,Sugar GRNs,,720575940632648612,720575940628683063,28,19,720575940642715040,720575940632436307,8
720575940628853239,13,Sugar GRNs,,720575940632648612,720575940628683063,28,6,720575940610708430,720575940650527222,56
720575940628853239,13,Sugar GRNs,,720575940632648612,720575940628683063,28,6,720575940610708430,720575940603765280,45
720575940628853239,13,Sugar GRNs,,720575940632648612,720575940628683063,28,6,720575940610708430,720575940615043112,44
720575940628853239,13,Sugar GRNs,,720575940632648612,720575940628683063,28,6,720575940610708430,720575940612923390,36
720575940628853239,13,Sugar GRNs,,720575940632648612,720575940628683063,28,6,720575940610708430,720575940625379859,31
720575940628853239,13,Sugar GRNs,,720575940632648612,720575940628683063,28,6,720575940610708430,720575940622897639,30
720575940628853239,13,Sugar GRNs,,720575940632648612,720575940628683063,28,6,720575940610708430,720575940628199802,28
720575940628853239,13,Sugar GRNs,,720575940632648612,720575940628683063,28,6,720575940610708430,720575940643539566,27
720575940628853239,13,Sugar GRNs,,720575940632648612,720575940628683063,28,6,720575940610708430,720575940620628957,27
720575940628853239,13,Sugar GRNs,,720575940632648612,720575940628683063,28,6,720575940610708430,720575940631884883,26
720575940628853239,13,Sugar GRNs,,720575940632648612,720575940628683063,28,6,720575940610708430,720575940624064295,25
720575940628853239,13,Sugar GRNs,,720575940632648612,720575940628683063,28,6,720575940610708430,720575940632436307,25
720575940628853239,13,Sugar GRNs,,720575940632648612,720575940628683063,28,6,720575940610708430,720575940623081400,24
720575940628853239,13,Sugar GRNs,,720575940632648612,720575940628683063,28,6,720575940610708430,720575940628363820,22
720575940628853239,13,Sugar GRNs,,720575940632648612,720575940628683063,28,6,720575940610708430,720575940618694827,17
720575940628853239,13,Sugar GRNs,,720575940632648612,720575940628683063,28,6,720575940610708430,720575940614623455,17
720575940628853239,13,Sugar GRNs,,720575940632648612,720575940628683063,28,6,720575940610708430,720575940611254681,13
720575940628853239,13,Sugar GRNs,,720575940632648612,720575940628683063,28,6,720575940610708430,720575940615911380,6
720575940628853239,13,Sugar GRNs,,720575940632648612,720575940632146340,13,6,720575940633711028,720575940618694827,10
720575940628853239,13,Sugar GRNs,,720575940632648612,720575940632146340,13,6,720575940633711028,720575940615911380,5
720575940628853239,13,Sugar GRNs,,720575940632648612,720575940629317450,12,7,720575940619025780,720575940628199802,7
720575940628853239,13,Sugar GRNs,,720575940632648612,720575940629317450,12,7,720575940619025780,720575940615911380,5
720575940628853239,13,Sugar GRNs,,720575940632648612,720575940629317450,12,6,720575940630311528,720575940623081400,5
720575940628853239,13,Sugar GRNs,,720575940632648612,720575940629317450,12,6,720575940630311528,720575940620628957,5
720575940628853239,13,Sugar GRNs,,720575940632648612,720575940634683743,10,5,720575940633711028,720575940618694827,10
720575940628853239,13,Sugar GRNs,,720575940632648612,720575940634683743,10,5,720575940633711028,720575940615911380,5
720575940628853239,13,Sugar GRNs,,720575940632648612,720575940629211607,8,5,720575940630311528,720575940623081400,5
720575940628853239,13,Sugar GRNs,,720575940632648612,720575940629211607,8,5,720575940630311528,720575940620628957,5
720575940628853239,13,Sugar GRNs,,720575940632648612,720575940614273292,7,7,720575940630311528,720575940623081400,5
720575940628853239,13,Sugar GRNs,,720575940632648612,720575940614273292,7,7,720575940630311528,720575940620628957,5
720575940628853239,13,Sugar GRNs,,720575940632648612,720575940614273292,7,5,720575940626146125,720575940650527222,11
720575940628853239,13,Sugar GRNs,,720575940632648612,720575940614273292,7,5,720575940626146125,720575940622897639,6
720575940628853239,13,Sugar GRNs,,720575940632648612,720575940621736669,6,5,720575940626021052,720575940628199802,9
720575940628853239,13,Sugar GRNs,,720575940632648612,720575940621736669,6,5,720575940626021052,720575940618694827,5
720575940628853239,13,Sugar GRNs,,720575940632648612,720575940636574388,6,6,720575940610708430,720575940650527222,56
720575940628853239,13,Sugar GRNs,,720575940632648612,720575940636574388,6,6,720575940610708430,720575940603765280,45
720575940628853239,13,Sugar GRNs,,720575940632648612,720575940636574388,6,6,720575940610708430,720575940615043112,44
720575940628853239,13,Sugar GRNs,,720575940632648612,720575940636574388,6,6,720575940610708430,720575940612923390,36
720575940628853239,13,Sugar GRNs,,720575940632648612,720575940636574388,6,6,720575940610708430,720575940625379859,31
720575940628853239,13,Sugar GRNs,,720575940632648612,720575940636574388,6,6,720575940610708430,720575940622897639,30
720575940628853239,13,Sugar GRNs,,720575940632648612,720575940636574388,6,6,720575940610708430,720575940628199802,28
720575940628853239,13,Sugar GRNs,,720575940632648612,720575940636574388,6,6,720575940610708430,720575940643539566,27
720575940628853239,13,Sugar GRNs,,720575940632648612,720575940636574388,6,6,720575940610708430,720575940620628957,27
720575940628853239,13,Sugar GRNs,,720575940632648612,720575940636574388,6,6,720575940610708430,720575940631884883,26
720575940628853239,13,Sugar GRNs,,720575940632648612,720575940636574388,6,6,720575940610708430,720575940624064295,25
720575940628853239,13,Sugar GRNs,,720575940632648612,720575940636574388,6,6,720575940610708430,720575940632436307,25
720575940628853239,13,Sugar GRNs,,720575940632648612,720575940636574388,6,6,720575940610708430,720575940623081400,24
720575940628853239,13,Sugar GRNs,,720575940632648612,720575940636574388,6,6,720575940610708430,720575940628363820,22
720575940628853239,13,Sugar GRNs,,720575940632648612,720575940636574388,6,6,720575940610708430,720575940618694827,17
720575940628853239,13,Sugar GRNs,,720575940632648612,720575940636574388,6,6,720575940610708430,720575940614623455,17
720575940628853239,13,Sugar GRNs,,720575940632648612,720575940636574388,6,6,720575940610708430,720575940611254681,13
720575940628853239,13,Sugar GRNs,,720575940632648612,720575940636574388,6,6,720575940610708430,720575940615911380,6
720575940628853239,13,Sugar GRNs,,720575940632648612,720575940637580102,6,6,720575940633711028,720575940618694827,10
720575940628853239,13,Sugar GRNs,,720575940632648612,720575940637580102,6,6,720575940633711028,720575940615911380,5
720575940628853239,13,Sugar GRNs,,720575940632648612,720575940632636959,5,6,720575940631309866,720575940611254681,8
720575940629176663,13,Sugar GRNs,,720575940655014049,720575940611549902,33,6,720575940623040094,720575940612923390,7
720575940629176663,13,Sugar GRNs,,720575940655014049,720575940611549902,33,6,720575940623040094,720575940615043112,5
720575940629176663,13,Sugar GRNs,,720575940655014049,720575940635210859,8,7,720575940631309866,720575940611254681,8
720575940639198653,12,Sugar GRNs,,720575940632648612,720575940632873261,38,7,720575940644948771,720575940632436307,30
720575940639198653,12,Sugar GRNs,,720575940632648612,720575940632873261,38,6,720575940610708430,720575940650527222,56
720575940639198653,12,Sugar GRNs,,720575940632648612,720575940632873261,38,6,720575940610708430,720575940603765280,45
720575940639198653,12,Sugar GRNs,,720575940632648612,720575940632873261,38,6,720575940610708430,720575940615043112,44
720575940639198653,12,Sugar GRNs,,720575940632648612,720575940632873261,38,6,720575940610708430,720575940612923390,36
720575940639198653,12,Sugar GRNs,,720575940632648612,720575940632873261,38,6,720575940610708430,720575940625379859,31
720575940639198653,12,Sugar GRNs,,720575940632648612,720575940632873261,38,6,720575940610708430,720575940622897639,30
720575940639198653,12,Sugar GRNs,,720575940632648612,720575940632873261,38,6,720575940610708430,720575940628199802,28
720575940639198653,12,Sugar GRNs,,720575940632648612,720575940632873261,38,6,720575940610708430,720575940643539566,27
720575940639198653,12,Sugar GRNs,,720575940632648612,720575940632873261,38,6,720575940610708430,720575940620628957,27
720575940639198653,12,Sugar GRNs,,720575940632648612,720575940632873261,38,6,720575940610708430,720575940631884883,26
720575940639198653,12,Sugar GRNs,,720575940632648612,720575940632873261,38,6,720575940610708430,720575940624064295,25
720575940639198653,12,Sugar GRNs,,720575940632648612,720575940632873261,38,6,720575940610708430,720575940632436307,25
720575940639198653,12,Sugar GRNs,,720575940632648612,720575940632873261,38,6,720575940610708430,720575940623081400,24
720575940639198653,12,Sugar GRNs,,720575940632648612,720575940632873261,38,6,720575940610708430,720575940628363820,22
720575940639198653,12,Sugar GRNs,,720575940632648612,720575940632873261,38,6,720575940610708430,720575940618694827,17
720575940639198653,12,Sugar GRNs,,720575940632648612,720575940632873261,38,6,720575940610708430,720575940614623455,17
720575940639198653,12,Sugar GRNs,,720575940632648612,720575940632873261,38,6,720575940610708430,720575940611254681,13
720575940639198653,12,Sugar GRNs,,720575940632648612,720575940632873261,38,6,720575940610708430,720575940615911380,6
720575940639198653,12,Sugar GRNs,,720575940632648612,720575940628683063,28,19,720575940642715040,720575940632436307,8
720575940639198653,12,Sugar GRNs,,720575940632648612,720575940628683063,28,6,720575940610708430,720575940650527222,56
720575940639198653,12,Sugar GRNs,,720575940632648612,720575940628683063,28,6,720575940610708430,720575940603765280,45
720575940639198653,12,Sugar GRNs,,720575940632648612,720575940628683063,28,6,720575940610708430,720575940615043112,44
720575940639198653,12,Sugar GRNs,,720575940632648612,720575940628683063,28,6,720575940610708430,720575940612923390,36
720575940639198653,12,Sugar GRNs,,720575940632648612,720575940628683063,28,6,720575940610708430,720575940625379859,31
720575940639198653,12,Sugar GRNs,,720575940632648612,720575940628683063,28,6,720575940610708430,720575940622897639,30
720575940639198653,12,Sugar GRNs,,720575940632648612,720575940628683063,28,6,720575940610708430,720575940628199802,28
720575940639198653,12,Sugar GRNs,,720575940632648612,720575940628683063,28,6,720575940610708430,720575940643539566,27
720575940639198653,12,Sugar GRNs,,720575940632648612,720575940628683063,28,6,720575940610708430,720575940620628957,27
720575940639198653,12,Sugar GRNs,,720575940632648612,720575940628683063,28,6,720575940610708430,720575940631884883,26
720575940639198653,12,Sugar GRNs,,720575940632648612,720575940628683063,28,6,720575940610708430,720575940624064295,25
720575940639198653,12,Sugar GRNs,,720575940632648612,720575940628683063,28,6,720575940610708430,720575940632436307,25
720575940639198653,12,Sugar GRNs,,720575940632648612,720575940628683063,28,6,720575940610708430,720575940623081400,24
720575940639198653,12,Sugar GRNs,,720575940632648612,720575940628683063,28,6,720575940610708430,720575940628363820,22
720575940639198653,12,Sugar GRNs,,720575940632648612,720575940628683063,28,6,720575940610708430,720575940618694827,17
720575940639198653,12,Sugar GRNs,,720575940632648612,720575940628683063,28,6,720575940610708430,720575940614623455,17
720575940639198653,12,Sugar GRNs,,720575940632648612,720575940628683063,28,6,720575940610708430,720575940611254681,13
720575940639198653,12,Sugar GRNs,,720575940632648612,720575940628683063,28,6,720575940610708430,720575940615911380,6
720575940639198653,12,Sugar GRNs,,720575940632648612,720575940632146340,13,6,720575940633711028,720575940618694827,10
720575940639198653,12,Sugar GRNs,,720575940632648612,720575940632146340,13,6,720575940633711028,720575940615911380,5
720575940639198653,12,Sugar GRNs,,720575940632648612,720575940629317450,12,7,720575940619025780,720575940628199802,7
720575940639198653,12,Sugar GRNs,,720575940632648612,720575940629317450,12,7,720575940619025780,720575940615911380,5
720575940639198653,12,Sugar GRNs,,720575940632648612,720575940629317450,12,6,720575940630311528,720575940623081400,5
720575940639198653,12,Sugar GRNs,,720575940632648612,720575940629317450,12,6,720575940630311528,720575940620628957,5
720575940639198653,12,Sugar GRNs,,720575940632648612,720575940634683743,10,5,720575940633711028,720575940618694827,10
720575940639198653,12,Sugar GRNs,,720575940632648612,720575940634683743,10,5,720575940633711028,720575940615911380,5
720575940639198653,12,Sugar GRNs,,720575940632648612,720575940629211607,8,5,720575940630311528,720575940623081400,5
720575940639198653,12,Sugar GRNs,,720575940632648612,720575940629211607,8,5,720575940630311528,720575940620628957,5
720575940639198653,12,Sugar GRNs,,720575940632648612,720575940614273292,7,7,720575940630311528,720575940623081400,5
720575940639198653,12,Sugar GRNs,,720575940632648612,720575940614273292,7,7,720575940630311528,720575940620628957,5
720575940639198653,12,Sugar GRNs,,720575940632648612,720575940614273292,7,5,720575940626146125,720575940650527222,11
720575940639198653,12,Sugar GRNs,,720575940632648612,720575940614273292,7,5,720575940626146125,720575940622897639,6
720575940639198653,12,Sugar GRNs,,720575940632648612,720575940621736669,6,5,720575940626021052,720575940628199802,9
720575940639198653,12,Sugar GRNs,,720575940632648612,720575940621736669,6,5,720575940626021052,720575940618694827,5
720575940639198653,12,Sugar GRNs,,720575940632648612,720575940636574388,6,6,720575940610708430,720575940650527222,56
720575940639198653,12,Sugar GRNs,,720575940632648612,720575940636574388,6,6,720575940610708430,720575940603765280,45
720575940639198653,12,Sugar GRNs,,720575940632648612,720575940636574388,6,6,720575940610708430,720575940615043112,44
720575940639198653,12,Sugar GRNs,,720575940632648612,720575940636574388,6,6,720575940610708430,720575940612923390,36
720575940639198653,12,Sugar GRNs,,720575940632648612,720575940636574388,6,6,720575940610708430,720575940625379859,31
720575940639198653,12,Sugar GRNs,,720575940632648612,720575940636574388,6,6,720575940610708430,720575940622897639,30
720575940639198653,12,Sugar GRNs,,720575940632648612,720575940636574388,6,6,720575940610708430,720575940628199802,28
720575940639198653,12,Sugar GRNs,,720575940632648612,720575940636574388,6,6,720575940610708430,720575940643539566,27
720575940639198653,12,Sugar GRNs,,720575940632648612,720575940636574388,6,6,720575940610708430,720575940620628957,27
720575940639198653,12,Sugar GRNs,,720575940632648612,720575940636574388,6,6,720575940610708430,720575940631884883,26
720575940639198653,12,Sugar GRNs,,720575940632648612,720575940636574388,6,6,720575940610708430,720575940624064295,25
720575940639198653,12,Sugar GRNs,,720575940632648612,720575940636574388,6,6,720575940610708430,720575940632436307,25
720575940639198653,12,Sugar GRNs,,720575940632648612,720575940636574388,6,6,720575940610708430,720575940623081400,24
720575940639198653,12,Sugar GRNs,,720575940632648612,720575940636574388,6,6,720575940610708430,720575940628363820,22
720575940639198653,12,Sugar GRNs,,720575940632648612,720575940636574388,6,6,720575940610708430,720575940618694827,17
720575940639198653,12,Sugar GRNs,,720575940632648612,720575940636574388,6,6,720575940610708430,720575940614623455,17
720575940639198653,12,Sugar GRNs,,720575940632648612,720575940636574388,6,6,720575940610708430,720575940611254681,13
720575940639198653,12,Sugar GRNs,,720575940632648612,720575940636574388,6,6,720575940610708430,720575940615911380,6
720575940639198653,12,Sugar GRNs,,720575940632648612,720575940637580102,6,6,720575940633711028,720575940618694827,10
720575940639198653,12,Sugar GRNs,,720575940632648612,720575940637580102,6,6,720575940633711028,720575940615911380,5
720575940639198653,12,Sugar GRNs,,720575940632648612,720575940632636959,5,6,720575940631309866,720575940611254681,8
720575940623172843,12,Sugar GRNs,,720575940655014049,720575940611549902,33,6,720575940623040094,720575940612923390,7
720575940623172843,12,Sugar GRNs,,720575940655014049,720575940611549902,33,6,720575940623040094,720575940615043112,5
720575940623172843,12,Sugar GRNs,,720575940655014049,720575940635210859,8,7,720575940631309866,720575940611254681,8
720575940630233916,12,Sugar GRNs,,720575940625102692,720575940626870846,75,6,720575940626146125,720575940650527222,11
720575940630233916,12,Sugar GRNs,,720575940625102692,720575940626870846,75,6,720575940626146125,720575940622897639,6
720575940630233916,12,Sugar GRNs,,720575940625102692,720575940626308697,61,84,720575940610708430,720575940650527222,56
720575940630233916,12,Sugar GRNs,,720575940625102692,720575940626308697,61,84,720575940610708430,720575940603765280,45
720575940630233916,12,Sugar GRNs,,720575940625102692,720575940626308697,61,84,720575940610708430,720575940615043112,44
720575940630233916,12,Sugar GRNs,,720575940625102692,720575940626308697,61,84,720575940610708430,720575940612923390,36
720575940630233916,12,Sugar GRNs,,720575940625102692,720575940626308697,61,84,720575940610708430,720575940625379859,31
720575940630233916,12,Sugar GRNs,,720575940625102692,720575940626308697,61,84,720575940610708430,720575940622897639,30
720575940630233916,12,Sugar GRNs,,720575940625102692,720575940626308697,61,84,720575940610708430,720575940628199802,28
720575940630233916,12,Sugar GRNs,,720575940625102692,720575940626308697,61,84,720575940610708430,720575940643539566,27
720575940630233916,12,Sugar GRNs,,720575940625102692,720575940626308697,61,84,720575940610708430,720575940620628957,27
720575940630233916,12,Sugar GRNs,,720575940625102692,720575940626308697,61,84,720575940610708430,720575940631884883,26
720575940630233916,12,Sugar GRNs,,720575940625102692,720575940626308697,61,84,720575940610708430,720575940624064295,25
720575940630233916,12,Sugar GRNs,,720575940625102692,720575940626308697,61,84,720575940610708430,720575940632436307,25
720575940630233916,12,Sugar GRNs,,720575940625102692,720575940626308697,61,84,720575940610708430,720575940623081400,24
720575940630233916,12,Sugar GRNs,,720575940625102692,720575940626308697,61,84,720575940610708430,720575940628363820,22
720575940630233916,12,Sugar GRNs,,720575940625102692,720575940626308697,61,84,720575940610708430,720575940618694827,17
720575940630233916,12,Sugar GRNs,,720575940625102692,720575940626308697,61,84,720575940610708430,720575940614623455,17
720575940630233916,12,Sugar GRNs,,720575940625102692,720575940626308697,61,84,720575940610708430,720575940611254681,13
720575940630233916,12,Sugar GRNs,,720575940625102692,720575940626308697,61,84,720575940610708430,720575940615911380,6
720575940630233916,12,Sugar GRNs,,720575940625102692,720575940632602532,29,8,720575940614950194,720575940628363820,9
720575940630233916,12,Sugar GRNs,,720575940625102692,720575940632602532,29,8,720575940614950194,720575940625379859,5
720575940630233916,12,Sugar GRNs,,720575940625102692,720575940630664556,25,5,720575940631915801,720575940615043112,5
720575940630233916,12,Sugar GRNs,,720575940625102692,720575940623333964,23,25,720575940622160705,720575940628363820,5
720575940630233916,12,Sugar GRNs,,720575940625102692,720575940623333964,23,19,720575940625053773,720575940615043112,6
720575940630233916,12,Sugar GRNs,,720575940625102692,720575940623333964,23,19,720575940625053773,720575940603765280,5
720575940630233916,12,Sugar GRNs,,720575940625102692,720575940639813365,12,6,720575940610708430,720575940650527222,56
720575940630233916,12,Sugar GRNs,,720575940625102692,720575940639813365,12,6,720575940610708430,720575940603765280,45
720575940630233916,12,Sugar GRNs,,720575940625102692,720575940639813365,12,6,720575940610708430,720575940615043112,44
720575940630233916,12,Sugar GRNs,,720575940625102692,720575940639813365,12,6,720575940610708430,720575940612923390,36
720575940630233916,12,Sugar GRNs,,720575940625102692,720575940639813365,12,6,720575940610708430,720575940625379859,31
720575940630233916,12,Sugar GRNs,,720575940625102692,720575940639813365,12,6,720575940610708430,720575940622897639,30
720575940630233916,12,Sugar GRNs,,720575940625102692,720575940639813365,12,6,720575940610708430,720575940628199802,28
720575940630233916,12,Sugar GRNs,,720575940625102692,720575940639813365,12,6,720575940610708430,720575940643539566,27
720575940630233916,12,Sugar GRNs,,720575940625102692,720575940639813365,12,6,720575940610708430,720575940620628957,27
720575940630233916,12,Sugar GRNs,,720575940625102692,720575940639813365,12,6,720575940610708430,720575940631884883,26
720575940630233916,12,Sugar GRNs,,720575940625102692,720575940639813365,12,6,720575940610708430,720575940624064295,25
720575940630233916,12,Sugar GRNs,,720575940625102692,720575940639813365,12,6,720575940610708430,720575940632436307,25
720575940630233916,12,Sugar GRNs,,720575940625102692,720575940639813365,12,6,720575940610708430,720575940623081400,24
720575940630233916,12,Sugar GRNs,,720575940625102692,720575940639813365,12,6,720575940610708430,720575940628363820,22
720575940630233916,12,Sugar GRNs,,720575940625102692,720575940639813365,12,6,720575940610708430,720575940618694827,17
720575940630233916,12,Sugar GRNs,,720575940625102692,720575940639813365,12,6,720575940610708430,720575940614623455,17
720575940630233916,12,Sugar GRNs,,720575940625102692,720575940639813365,12,6,720575940610708430,720575940611254681,13
720575940630233916,12,Sugar GRNs,,720575940625102692,720575940639813365,12,6,720575940610708430,720575940615911380,6
720575940630233916,12,Sugar GRNs,,720575940625102692,720575940624040743,11,12,720575940620691327,720575940650527222,9
720575940630233916,12,Sugar GRNs,,720575940625102692,720575940624040743,11,12,720575940620691327,720575940628363820,9
720575940630233916,12,Sugar GRNs,,720575940625102692,720575940617184001,11,12,720575940633304601,720575940632436307,62
720575940630233916,12,Sugar GRNs,,720575940625102692,720575940617184001,11,12,720575940633304601,720575940650527222,51
720575940630233916,12,Sugar GRNs,,720575940625102692,720575940617184001,11,12,720575940633304601,720575940622897639,45
720575940630233916,12,Sugar GRNs,,720575940625102692,720575940617184001,11,12,720575940633304601,720575940603765280,45
720575940630233916,12,Sugar GRNs,,720575940625102692,720575940617184001,11,12,720575940633304601,720575940620628957,28
720575940630233916,12,Sugar GRNs,,720575940625102692,720575940617184001,11,12,720575940633304601,720575940623081400,23
720575940630233916,12,Sugar GRNs,,720575940625102692,720575940617184001,11,12,720575940633304601,720575940625379859,19
720575940630233916,12,Sugar GRNs,,720575940625102692,720575940617184001,11,12,720575940633304601,720575940611254681,18
720575940630233916,12,Sugar GRNs,,720575940625102692,720575940617184001,11,12,720575940633304601,720575940628363820,18
720575940630233916,12,Sugar GRNs,,720575940625102692,720575940617184001,11,12,720575940633304601,720575940615043112,15
720575940630233916,12,Sugar GRNs,,720575940625102692,720575940617184001,11,12,720575940633304601,720575940612923390,11
720575940630233916,12,Sugar GRNs,,720575940625102692,720575940617184001,11,12,720575940633304601,720575940614623455,9
720575940630233916,12,Sugar GRNs,,720575940625102692,720575940617184001,11,12,720575940631309866,720575940611254681,8
720575940630233916,12,Sugar GRNs,,720575940625102692,720575940617184001,11,7,720575940631008824,720575940643539566,53
720575940630233916,12,Sugar GRNs,,720575940625102692,720575940617184001,11,7,720575940631008824,720575940615043112,40
720575940630233916,12,Sugar GRNs,,720575940625102692,720575940617184001,11,7,720575940631008824,720575940628199802,34
720575940630233916,12,Sugar GRNs,,720575940625102692,720575940617184001,11,7,720575940631008824,720575940625379859,33
720575940630233916,12,Sugar GRNs,,720575940625102692,720575940617184001,11,7,720575940631008824,720575940611254681,33
720575940630233916,12,Sugar GRNs,,720575940625102692,720575940617184001,11,7,720575940631008824,720575940612923390,28
720575940630233916,12,Sugar GRNs,,720575940625102692,720575940617184001,11,7,720575940631008824,720575940618694827,22
720575940630233916,12,Sugar GRNs,,720575940625102692,720575940617184001,11,7,720575940631008824,720575940624064295,21
720575940630233916,12,Sugar GRNs,,720575940625102692,720575940617184001,11,7,720575940631008824,720575940631884883,20
720575940630233916,12,Sugar GRNs,,720575940625102692,720575940617184001,11,7,720575940631008824,720575940615911380,9
720575940630233916,12,Sugar GRNs,,720575940625102692,720575940617184001,11,7,720575940631008824,720575940632436307,6
720575940630233916,12,Sugar GRNs,,720575940625102692,720575940630311528,10,7,720575940631309866,720575940611254681,8
720575940630233916,12,Sugar GRNs,,720575940625102692,720575940630311528,10,6,720575940633304601,720575940632436307,62
720575940630233916,12,Sugar GRNs,,720575940625102692,720575940630311528,10,6,720575940633304601,720575940650527222,51
720575940630233916,12,Sugar GRNs,,720575940625102692,720575940630311528,10,6,720575940633304601,720575940622897639,45
720575940630233916,12,Sugar GRNs,,720575940625102692,720575940630311528,10,6,720575940633304601,720575940603765280,45
720575940630233916,12,Sugar GRNs,,720575940625102692,720575940630311528,10,6,720575940633304601,720575940620628957,28
720575940630233916,12,Sugar GRNs,,720575940625102692,720575940630311528,10,6,720575940633304601,720575940623081400,23
720575940630233916,12,Sugar GRNs,,720575940625102692,720575940630311528,10,6,720575940633304601,720575940625379859,19
720575940630233916,12,Sugar GRNs,,720575940625102692,720575940630311528,10,6,720575940633304601,720575940611254681,18
720575940630233916,12,Sugar GRNs,,720575940625102692,720575940630311528,10,6,720575940633304601,720575940628363820,18
720575940630233916,12,Sugar GRNs,,720575940625102692,720575940630311528,10,6,720575940633304601,720575940615043112,15
720575940630233916,12,Sugar GRNs,,720575940625102692,720575940630311528,10,6,720575940633304601,720575940612923390,11
720575940630233916,12,Sugar GRNs,,720575940625102692,720575940630311528,10,6,720575940633304601,720575940614623455,9
720575940630233916,12,Sugar GRNs,,720575940625102692,720575940622457579,9,11,720575940613845516,720575940650527222,13
720575940630233916,12,Sugar GRNs,,720575940625102692,720575940622457579,9,11,720575940613845516,720575940603765280,11
720575940630233916,12,Sugar GRNs,,720575940625102692,720575940622457579,9,11,720575940613845516,720575940614623455,8
720575940630233916,12,Sugar GRNs,,720575940625102692,720575940622457579,9,11,720575940613845516,720575940622897639,8
720575940630233916,12,Sugar GRNs,,720575940625102692,720575940622457579,9,11,720575940613845516,720575940620628957,7
720575940630233916,12,Sugar GRNs,,720575940625102692,720575940622457579,9,11,720575940613845516,720575940628363820,7
720575940630233916,12,Sugar GRNs,,720575940625102692,720575940622457579,9,11,720575940613845516,720575940623081400,5
720575940630233916,12,Sugar GRNs,,720575940625102692,720575940622457579,9,6,720575940623777065,720575940615043112,5
720575940630233916,12,Sugar GRNs,,720575940625102692,720575940627492866,8,45,720575940615792523,720575940632436307,36
720575940630233916,12,Sugar GRNs,,720575940625102692,720575940627492866,8,45,720575940615792523,720575940611254681,13
720575940630233916,12,Sugar GRNs,,720575940625102692,720575940627492866,8,7,720575940609625442,720575940622897639,10
720575940630233916,12,Sugar GRNs,,720575940625102692,720575940627492866,8,7,720575940609625442,720575940650527222,9
720575940630233916,12,Sugar GRNs,,720575940625102692,720575940627492866,8,7,720575940609625442,720575940603765280,9
720575940630233916,12,Sugar GRNs,,720575940625102692,720575940627492866,8,7,720575940609625442,720575940623081400,7
720575940630233916,12,Sugar GRNs,,720575940625102692,720575940627492866,8,7,720575940609625442,720575940628363820,6
720575940630233916,12,Sugar GRNs,,720575940625102692,720575940627492866,8,5,720575940642715040,720575940632436307,8
720575940630233916,12,Sugar GRNs,,720575940625102692,720575940607777628,7,10,720575940613845516,720575940650527222,13
720575940630233916,12,Sugar GRNs,,720575940625102692,720575940607777628,7,10,720575940613845516,720575940603765280,11
720575940630233916,12,Sugar GRNs,,720575940625102692,720575940607777628,7,10,720575940613845516,720575940614623455,8
720575940630233916,12,Sugar GRNs,,720575940625102692,720575940607777628,7,10,720575940613845516,720575940622897639,8
720575940630233916,12,Sugar GRNs,,720575940625102692,720575940607777628,7,10,720575940613845516,720575940620628957,7
720575940630233916,12,Sugar GRNs,,720575940625102692,720575940607777628,7,10,720575940613845516,720575940628363820,7
720575940630233916,12,Sugar GRNs,,720575940625102692,720575940607777628,7,10,720575940613845516,720575940623081400,5
720575940630233916,12,Sugar GRNs,,720575940625102692,720575940607777628,7,9,720575940633304601,720575940632436307,62
720575940630233916,12,Sugar GRNs,,720575940625102692,720575940607777628,7,9,720575940633304601,720575940650527222,51
720575940630233916,12,Sugar GRNs,,720575940625102692,720575940607777628,7,9,720575940633304601,720575940622897639,45
720575940630233916,12,Sugar GRNs,,720575940625102692,720575940607777628,7,9,720575940633304601,720575940603765280,45
720575940630233916,12,Sugar GRNs,,720575940625102692,720575940607777628,7,9,720575940633304601,720575940620628957,28
720575940630233916,12,Sugar GRNs,,720575940625102692,720575940607777628,7,9,720575940633304601,720575940623081400,23
720575940630233916,12,Sugar GRNs,,720575940625102692,720575940607777628,7,9,720575940633304601,720575940625379859,19
720575940630233916,12,Sugar GRNs,,720575940625102692,720575940607777628,7,9,720575940633304601,720575940611254681,18
720575940630233916,12,Sugar GRNs,,720575940625102692,720575940607777628,7,9,720575940633304601,720575940628363820,18
720575940630233916,12,Sugar GRNs,,720575940625102692,720575940607777628,7,9,720575940633304601,720575940615043112,15
720575940630233916,12,Sugar GRNs,,720575940625102692,720575940607777628,7,9,720575940633304601,720575940612923390,11
720575940630233916,12,Sugar GRNs,,720575940625102692,720575940607777628,7,9,720575940633304601,720575940614623455,9
720575940630233916,12,Sugar GRNs,,720575940625102692,720575940629317450,6,7,720575940619025780,720575940628199802,7
720575940630233916,12,Sugar GRNs,,720575940625102692,720575940629317450,6,7,720575940619025780,720575940615911380,5
720575940630233916,12,Sugar GRNs,,720575940625102692,720575940629317450,6,6,720575940630311528,720575940623081400,5
720575940630233916,12,Sugar GRNs,,720575940625102692,720575940629317450,6,6,720575940630311528,720575940620628957,5
720575940630233916,12,Sugar GRNs,,720575940625102692,720575940607472988,5,9,720575940624454221,720575940622897639,12
720575940630233916,12,Sugar GRNs,,720575940625102692,720575940607472988,5,9,720575940624454221,720575940650527222,6
720575940630233916,12,Sugar GRNs,,720575940625102692,720575940607472988,5,9,720575940624454221,720575940623081400,5
720575940630233916,12,Sugar GRNs,,720575940625102692,720575940607472988,5,9,720575940624454221,720575940620628957,5
720575940630233916,12,Sugar GRNs,,720575940625102692,720575940607472988,5,9,720575940624454221,720575940615043112,5
720575940630233916,12,Sugar GRNs,,720575940625102692,720575940607472988,5,9,720575940624454221,720575940611254681,5
720575940632889389,12,Sugar GRNs,,720575940626191306,720575940647606148,10,6,720575940622160705,720575940628363820,5
720575940632889389,12,Sugar GRNs,,720575940626191306,720575940626308697,5,84,720575940610708430,720575940650527222,56
720575940632889389,12,Sugar GRNs,,720575940626191306,720575940626308697,5,84,720575940610708430,720575940603765280,45
720575940632889389,12,Sugar GRNs,,720575940626191306,720575940626308697,5,84,720575940610708430,720575940615043112,44
720575940632889389,12,Sugar GRNs,,720575940626191306,720575940626308697,5,84,720575940610708430,720575940612923390,36
720575940632889389,12,Sugar GRNs,,720575940626191306,720575940626308697,5,84,720575940610708430,720575940625379859,31
720575940632889389,12,Sugar GRNs,,720575940626191306,720575940626308697,5,84,720575940610708430,720575940622897639,30
720575940632889389,12,Sugar GRNs,,720575940626191306,720575940626308697,5,84,720575940610708430,720575940628199802,28
720575940632889389,12,Sugar GRNs,,720575940626191306,720575940626308697,5,84,720575940610708430,720575940643539566,27
720575940632889389,12,Sugar GRNs,,720575940626191306,720575940626308697,5,84,720575940610708430,720575940620628957,27
720575940632889389,12,Sugar GRNs,,720575940626191306,720575940626308697,5,84,720575940610708430,720575940631884883,26
720575940632889389,12,Sugar GRNs,,720575940626191306,720575940626308697,5,84,720575940610708430,720575940624064295,25
720575940632889389,12,Sugar GRNs,,720575940626191306,720575940626308697,5,84,720575940610708430,720575940632436307,25
720575940632889389,12,Sugar GRNs,,720575940626191306,720575940626308697,5,84,720575940610708430,720575940623081400,24
720575940632889389,12,Sugar GRNs,,720575940626191306,720575940626308697,5,84,720575940610708430,720575940628363820,22
720575940632889389,12,Sugar GRNs,,720575940626191306,720575940626308697,5,84,720575940610708430,720575940618694827,17
720575940632889389,12,Sugar GRNs,,720575940626191306,720575940626308697,5,84,720575940610708430,720575940614623455,17
720575940632889389,12,Sugar GRNs,,720575940626191306,720575940626308697,5,84,720575940610708430,720575940611254681,13
720575940632889389,12,Sugar GRNs,,720575940626191306,720575940626308697,5,84,720575940610708430,720575940615911380,6
720575940612670570,11,Sugar GRNs,,720575940632648612,720575940632873261,38,7,720575940644948771,720575940632436307,30
720575940612670570,11,Sugar GRNs,,720575940632648612,720575940632873261,38,6,720575940610708430,720575940650527222,56
720575940612670570,11,Sugar GRNs,,720575940632648612,720575940632873261,38,6,720575940610708430,720575940603765280,45
720575940612670570,11,Sugar GRNs,,720575940632648612,720575940632873261,38,6,720575940610708430,720575940615043112,44
720575940612670570,11,Sugar GRNs,,720575940632648612,720575940632873261,38,6,720575940610708430,720575940612923390,36
720575940612670570,11,Sugar GRNs,,720575940632648612,720575940632873261,38,6,720575940610708430,720575940625379859,31
720575940612670570,11,Sugar GRNs,,720575940632648612,720575940632873261,38,6,720575940610708430,720575940622897639,30
720575940612670570,11,Sugar GRNs,,720575940632648612,720575940632873261,38,6,720575940610708430,720575940628199802,28
720575940612670570,11,Sugar GRNs,,720575940632648612,720575940632873261,38,6,720575940610708430,720575940643539566,27
720575940612670570,11,Sugar GRNs,,720575940632648612,720575940632873261,38,6,720575940610708430,720575940620628957,27
720575940612670570,11,Sugar GRNs,,720575940632648612,720575940632873261,38,6,720575940610708430,720575940631884883,26
720575940612670570,11,Sugar GRNs,,720575940632648612,720575940632873261,38,6,720575940610708430,720575940624064295,25
720575940612670570,11,Sugar GRNs,,720575940632648612,720575940632873261,38,6,720575940610708430,720575940632436307,25
720575940612670570,11,Sugar GRNs,,720575940632648612,720575940632873261,38,6,720575940610708430,720575940623081400,24
720575940612670570,11,Sugar GRNs,,720575940632648612,720575940632873261,38,6,720575940610708430,720575940628363820,22
720575940612670570,11,Sugar GRNs,,720575940632648612,720575940632873261,38,6,720575940610708430,720575940618694827,17
720575940612670570,11,Sugar GRNs,,720575940632648612,720575940632873261,38,6,720575940610708430,720575940614623455,17
720575940612670570,11,Sugar GRNs,,720575940632648612,720575940632873261,38,6,720575940610708430,720575940611254681,13
720575940612670570,11,Sugar GRNs,,720575940632648612,720575940632873261,38,6,720575940610708430,720575940615911380,6
720575940612670570,11,Sugar GRNs,,720575940632648612,720575940628683063,28,19,720575940642715040,720575940632436307,8
720575940612670570,11,Sugar GRNs,,720575940632648612,720575940628683063,28,6,720575940610708430,720575940650527222,56
720575940612670570,11,Sugar GRNs,,720575940632648612,720575940628683063,28,6,720575940610708430,720575940603765280,45
720575940612670570,11,Sugar GRNs,,720575940632648612,720575940628683063,28,6,720575940610708430,720575940615043112,44
720575940612670570,11,Sugar GRNs,,720575940632648612,720575940628683063,28,6,720575940610708430,720575940612923390,36
720575940612670570,11,Sugar GRNs,,720575940632648612,720575940628683063,28,6,720575940610708430,720575940625379859,31
720575940612670570,11,Sugar GRNs,,720575940632648612,720575940628683063,28,6,720575940610708430,720575940622897639,30
720575940612670570,11,Sugar GRNs,,720575940632648612,720575940628683063,28,6,720575940610708430,720575940628199802,28
720575940612670570,11,Sugar GRNs,,720575940632648612,720575940628683063,28,6,720575940610708430,720575940643539566,27
720575940612670570,11,Sugar GRNs,,720575940632648612,720575940628683063,28,6,720575940610708430,720575940620628957,27
720575940612670570,11,Sugar GRNs,,720575940632648612,720575940628683063,28,6,720575940610708430,720575940631884883,26
720575940612670570,11,Sugar GRNs,,720575940632648612,720575940628683063,28,6,720575940610708430,720575940624064295,25
720575940612670570,11,Sugar GRNs,,720575940632648612,720575940628683063,28,6,720575940610708430,720575940632436307,25
720575940612670570,11,Sugar GRNs,,720575940632648612,720575940628683063,28,6,720575940610708430,720575940623081400,24
720575940612670570,11,Sugar GRNs,,720575940632648612,720575940628683063,28,6,720575940610708430,720575940628363820,22
720575940612670570,11,Sugar GRNs,,720575940632648612,720575940628683063,28,6,720575940610708430,720575940618694827,17
720575940612670570,11,Sugar GRNs,,720575940632648612,720575940628683063,28,6,720575940610708430,720575940614623455,17
720575940612670570,11,Sugar GRNs,,720575940632648612,720575940628683063,28,6,720575940610708430,720575940611254681,13
720575940612670570,11,Sugar GRNs,,720575940632648612,720575940628683063,28,6,720575940610708430,720575940615911380,6
720575940612670570,11,Sugar GRNs,,720575940632648612,720575940632146340,13,6,720575940633711028,720575940618694827,10
720575940612670570,11,Sugar GRNs,,720575940632648612,720575940632146340,13,6,720575940633711028,720575940615911380,5
720575940612670570,11,Sugar GRNs,,720575940632648612,720575940629317450,12,7,720575940619025780,720575940628199802,7
720575940612670570,11,Sugar GRNs,,720575940632648612,720575940629317450,12,7,720575940619025780,720575940615911380,5
720575940612670570,11,Sugar GRNs,,720575940632648612,720575940629317450,12,6,720575940630311528,720575940623081400,5
720575940612670570,11,Sugar GRNs,,720575940632648612,720575940629317450,12,6,720575940630311528,720575940620628957,5
720575940612670570,11,Sugar GRNs,,720575940632648612,720575940634683743,10,5,720575940633711028,720575940618694827,10
720575940612670570,11,Sugar GRNs,,720575940632648612,720575940634683743,10,5,720575940633711028,720575940615911380,5
720575940612670570,11,Sugar GRNs,,720575940632648612,720575940629211607,8,5,720575940630311528,720575940623081400,5
720575940612670570,11,Sugar GRNs,,720575940632648612,720575940629211607,8,5,720575940630311528,720575940620628957,5
720575940612670570,11,Sugar GRNs,,720575940632648612,720575940614273292,7,7,720575940630311528,720575940623081400,5
720575940612670570,11,Sugar GRNs,,720575940632648612,720575940614273292,7,7,720575940630311528,720575940620628957,5
720575940612670570,11,Sugar GRNs,,720575940632648612,720575940614273292,7,5,720575940626146125,720575940650527222,11
720575940612670570,11,Sugar GRNs,,720575940632648612,720575940614273292,7,5,720575940626146125,720575940622897639,6
720575940612670570,11,Sugar GRNs,,720575940632648612,720575940621736669,6,5,720575940626021052,720575940628199802,9
720575940612670570,11,Sugar GRNs,,720575940632648612,720575940621736669,6,5,720575940626021052,720575940618694827,5
720575940612670570,11,Sugar GRNs,,720575940632648612,720575940636574388,6,6,720575940610708430,720575940650527222,56
720575940612670570,11,Sugar GRNs,,720575940632648612,720575940636574388,6,6,720575940610708430,720575940603765280,45
720575940612670570,11,Sugar GRNs,,720575940632648612,720575940636574388,6,6,720575940610708430,720575940615043112,44
720575940612670570,11,Sugar GRNs,,720575940632648612,720575940636574388,6,6,720575940610708430,720575940612923390,36
720575940612670570,11,Sugar GRNs,,720575940632648612,720575940636574388,6,6,720575940610708430,720575940625379859,31
720575940612670570,11,Sugar GRNs,,720575940632648612,720575940636574388,6,6,720575940610708430,720575940622897639,30
720575940612670570,11,Sugar GRNs,,720575940632648612,720575940636574388,6,6,720575940610708430,720575940628199802,28
720575940612670570,11,Sugar GRNs,,720575940632648612,720575940636574388,6,6,720575940610708430,720575940643539566,27
720575940612670570,11,Sugar GRNs,,720575940632648612,720575940636574388,6,6,720575940610708430,720575940620628957,27
720575940612670570,11,Sugar GRNs,,720575940632648612,720575940636574388,6,6,720575940610708430,720575940631884883,26
720575940612670570,11,Sugar GRNs,,720575940632648612,720575940636574388,6,6,720575940610708430,720575940624064295,25
720575940612670570,11,Sugar GRNs,,720575940632648612,720575940636574388,6,6,720575940610708430,720575940632436307,25
720575940612670570,11,Sugar GRNs,,720575940632648612,720575940636574388,6,6,720575940610708430,720575940623081400,24
720575940612670570,11,Sugar GRNs,,720575940632648612,720575940636574388,6,6,720575940610708430,720575940628363820,22
720575940612670570,11,Sugar GRNs,,720575940632648612,720575940636574388,6,6,720575940610708430,720575940618694827,17
720575940612670570,11,Sugar GRNs,,720575940632648612,720575940636574388,6,6,720575940610708430,720575940614623455,17
720575940612670570,11,Sugar GRNs,,720575940632648612,720575940636574388,6,6,720575940610708430,720575940611254681,13
720575940612670570,11,Sugar GRNs,,720575940632648612,720575940636574388,6,6,720575940610708430,720575940615911380,6
720575940612670570,11,Sugar GRNs,,720575940632648612,720575940637580102,6,6,720575940633711028,720575940618694827,10
720575940612670570,11,Sugar GRNs,,720575940632648612,720575940637580102,6,6,720575940633711028,720575940615911380,5
720575940612670570,11,Sugar GRNs,,720575940632648612,720575940632636959,5,6,720575940631309866,720575940611254681,8
720575940611875570,11,Sugar GRNs,,720575940632648612,720575940632873261,38,7,720575940644948771,720575940632436307,30
720575940611875570,11,Sugar GRNs,,720575940632648612,720575940632873261,38,6,720575940610708430,720575940650527222,56
720575940611875570,11,Sugar GRNs,,720575940632648612,720575940632873261,38,6,720575940610708430,720575940603765280,45
720575940611875570,11,Sugar GRNs,,720575940632648612,720575940632873261,38,6,720575940610708430,720575940615043112,44
720575940611875570,11,Sugar GRNs,,720575940632648612,720575940632873261,38,6,720575940610708430,720575940612923390,36
720575940611875570,11,Sugar GRNs,,720575940632648612,720575940632873261,38,6,720575940610708430,720575940625379859,31
720575940611875570,11,Sugar GRNs,,720575940632648612,720575940632873261,38,6,720575940610708430,720575940622897639,30
720575940611875570,11,Sugar GRNs,,720575940632648612,720575940632873261,38,6,720575940610708430,720575940628199802,28
720575940611875570,11,Sugar GRNs,,720575940632648612,720575940632873261,38,6,720575940610708430,720575940643539566,27
720575940611875570,11,Sugar GRNs,,720575940632648612,720575940632873261,38,6,720575940610708430,720575940620628957,27
720575940611875570,11,Sugar GRNs,,720575940632648612,720575940632873261,38,6,720575940610708430,720575940631884883,26
720575940611875570,11,Sugar GRNs,,720575940632648612,720575940632873261,38,6,720575940610708430,720575940624064295,25
720575940611875570,11,Sugar GRNs,,720575940632648612,720575940632873261,38,6,720575940610708430,720575940632436307,25
720575940611875570,11,Sugar GRNs,,720575940632648612,720575940632873261,38,6,720575940610708430,720575940623081400,24
720575940611875570,11,Sugar GRNs,,720575940632648612,720575940632873261,38,6,720575940610708430,720575940628363820,22
720575940611875570,11,Sugar GRNs,,720575940632648612,720575940632873261,38,6,720575940610708430,720575940618694827,17
720575940611875570,11,Sugar GRNs,,720575940632648612,720575940632873261,38,6,720575940610708430,720575940614623455,17
720575940611875570,11,Sugar GRNs,,720575940632648612,720575940632873261,38,6,720575940610708430,720575940611254681,13
720575940611875570,11,Sugar GRNs,,720575940632648612,720575940632873261,38,6,720575940610708430,720575940615911380,6
720575940611875570,11,Sugar GRNs,,720575940632648612,720575940628683063,28,19,720575940642715040,720575940632436307,8
720575940611875570,11,Sugar GRNs,,720575940632648612,720575940628683063,28,6,720575940610708430,720575940650527222,56
720575940611875570,11,Sugar GRNs,,720575940632648612,720575940628683063,28,6,720575940610708430,720575940603765280,45
720575940611875570,11,Sugar GRNs,,720575940632648612,720575940628683063,28,6,720575940610708430,720575940615043112,44
720575940611875570,11,Sugar GRNs,,720575940632648612,720575940628683063,28,6,720575940610708430,720575940612923390,36
720575940611875570,11,Sugar GRNs,,720575940632648612,720575940628683063,28,6,720575940610708430,720575940625379859,31
720575940611875570,11,Sugar GRNs,,720575940632648612,720575940628683063,28,6,720575940610708430,720575940622897639,30
720575940611875570,11,Sugar GRNs,,720575940632648612,720575940628683063,28,6,720575940610708430,720575940628199802,28
720575940611875570,11,Sugar GRNs,,720575940632648612,720575940628683063,28,6,720575940610708430,720575940643539566,27
720575940611875570,11,Sugar GRNs,,720575940632648612,720575940628683063,28,6,720575940610708430,720575940620628957,27
720575940611875570,11,Sugar GRNs,,720575940632648612,720575940628683063,28,6,720575940610708430,720575940631884883,26
720575940611875570,11,Sugar GRNs,,720575940632648612,720575940628683063,28,6,720575940610708430,720575940624064295,25
720575940611875570,11,Sugar GRNs,,720575940632648612,720575940628683063,28,6,720575940610708430,720575940632436307,25
720575940611875570,11,Sugar GRNs,,720575940632648612,720575940628683063,28,6,720575940610708430,720575940623081400,24
720575940611875570,11,Sugar GRNs,,720575940632648612,720575940628683063,28,6,720575940610708430,720575940628363820,22
720575940611875570,11,Sugar GRNs,,720575940632648612,720575940628683063,28,6,720575940610708430,720575940618694827,17
720575940611875570,11,Sugar GRNs,,720575940632648612,720575940628683063,28,6,720575940610708430,720575940614623455,17
720575940611875570,11,Sugar GRNs,,720575940632648612,720575940628683063,28,6,720575940610708430,720575940611254681,13
720575940611875570,11,Sugar GRNs,,720575940632648612,720575940628683063,28,6,720575940610708430,720575940615911380,6
720575940611875570,11,Sugar GRNs,,720575940632648612,720575940632146340,13,6,720575940633711028,720575940618694827,10
720575940611875570,11,Sugar GRNs,,720575940632648612,720575940632146340,13,6,720575940633711028,720575940615911380,5
720575940611875570,11,Sugar GRNs,,720575940632648612,720575940629317450,12,7,720575940619025780,720575940628199802,7
720575940611875570,11,Sugar GRNs,,720575940632648612,720575940629317450,12,7,720575940619025780,720575940615911380,5
720575940611875570,11,Sugar GRNs,,720575940632648612,720575940629317450,12,6,720575940630311528,720575940623081400,5
720575940611875570,11,Sugar GRNs,,720575940632648612,720575940629317450,12,6,720575940630311528,720575940620628957,5
720575940611875570,11,Sugar GRNs,,720575940632648612,720575940634683743,10,5,720575940633711028,720575940618694827,10
720575940611875570,11,Sugar GRNs,,720575940632648612,720575940634683743,10,5,720575940633711028,720575940615911380,5
720575940611875570,11,Sugar GRNs,,720575940632648612,720575940629211607,8,5,720575940630311528,720575940623081400,5
720575940611875570,11,Sugar GRNs,,720575940632648612,720575940629211607,8,5,720575940630311528,720575940620628957,5
720575940611875570,11,Sugar GRNs,,720575940632648612,720575940614273292,7,7,720575940630311528,720575940623081400,5
720575940611875570,11,Sugar GRNs,,720575940632648612,720575940614273292,7,7,720575940630311528,720575940620628957,5
720575940611875570,11,Sugar GRNs,,720575940632648612,720575940614273292,7,5,720575940626146125,720575940650527222,11
720575940611875570,11,Sugar GRNs,,720575940632648612,720575940614273292,7,5,720575940626146125,720575940622897639,6
720575940611875570,11,Sugar GRNs,,720575940632648612,720575940621736669,6,5,720575940626021052,720575940628199802,9
720575940611875570,11,Sugar GRNs,,720575940632648612,720575940621736669,6,5,720575940626021052,720575940618694827,5
720575940611875570,11,Sugar GRNs,,720575940632648612,720575940636574388,6,6,720575940610708430,720575940650527222,56
720575940611875570,11,Sugar GRNs,,720575940632648612,720575940636574388,6,6,720575940610708430,720575940603765280,45
720575940611875570,11,Sugar GRNs,,720575940632648612,720575940636574388,6,6,720575940610708430,720575940615043112,44
720575940611875570,11,Sugar GRNs,,720575940632648612,720575940636574388,6,6,720575940610708430,720575940612923390,36
720575940611875570,11,Sugar GRNs,,720575940632648612,720575940636574388,6,6,720575940610708430,720575940625379859,31
720575940611875570,11,Sugar GRNs,,720575940632648612,720575940636574388,6,6,720575940610708430,720575940622897639,30
720575940611875570,11,Sugar GRNs,,720575940632648612,720575940636574388,6,6,720575940610708430,720575940628199802,28
720575940611875570,11,Sugar GRNs,,720575940632648612,720575940636574388,6,6,720575940610708430,720575940643539566,27
720575940611875570,11,Sugar GRNs,,720575940632648612,720575940636574388,6,6,720575940610708430,720575940620628957,27
720575940611875570,11,Sugar GRNs,,720575940632648612,720575940636574388,6,6,720575940610708430,720575940631884883,26
720575940611875570,11,Sugar GRNs,,720575940632648612,720575940636574388,6,6,720575940610708430,720575940624064295,25
720575940611875570,11,Sugar GRNs,,720575940632648612,720575940636574388,6,6,720575940610708430,720575940632436307,25
720575940611875570,11,Sugar GRNs,,720575940632648612,720575940636574388,6,6,720575940610708430,720575940623081400,24
720575940611875570,11,Sugar GRNs,,720575940632648612,720575940636574388,6,6,720575940610708430,720575940628363820,22
720575940611875570,11,Sugar GRNs,,720575940632648612,720575940636574388,6,6,720575940610708430,720575940618694827,17
720575940611875570,11,Sugar GRNs,,720575940632648612,720575940636574388,6,6,720575940610708430,720575940614623455,17
720575940611875570,11,Sugar GRNs,,720575940632648612,720575940636574388,6,6,720575940610708430,720575940611254681,13
720575940611875570,11,Sugar GRNs,,720575940632648612,720575940636574388,6,6,720575940610708430,720575940615911380,6
720575940611875570,11,Sugar GRNs,,720575940632648612,720575940637580102,6,6,720575940633711028,720575940618694827,10
720575940611875570,11,Sugar GRNs,,720575940632648612,720575940637580102,6,6,720575940633711028,720575940615911380,5
720575940611875570,11,Sugar GRNs,,720575940632648612,720575940632636959,5,6,720575940631309866,720575940611254681,8
720575940632425919,11,Sugar GRNs,,720575940626191306,720575940647606148,10,6,720575940622160705,720575940628363820,5
720575940632425919,11,Sugar GRNs,,720575940626191306,720575940626308697,5,84,720575940610708430,720575940650527222,56
720575940632425919,11,Sugar GRNs,,720575940626191306,720575940626308697,5,84,720575940610708430,720575940603765280,45
720575940632425919,11,Sugar GRNs,,720575940626191306,720575940626308697,5,84,720575940610708430,720575940615043112,44
720575940632425919,11,Sugar GRNs,,720575940626191306,720575940626308697,5,84,720575940610708430,720575940612923390,36
720575940632425919,11,Sugar GRNs,,720575940626191306,720575940626308697,5,84,720575940610708430,720575940625379859,31
720575940632425919,11,Sugar GRNs,,720575940626191306,720575940626308697,5,84,720575940610708430,720575940622897639,30
720575940632425919,11,Sugar GRNs,,720575940626191306,720575940626308697,5,84,720575940610708430,720575940628199802,28
720575940632425919,11,Sugar GRNs,,720575940626191306,720575940626308697,5,84,720575940610708430,720575940643539566,27
720575940632425919,11,Sugar GRNs,,720575940626191306,720575940626308697,5,84,720575940610708430,720575940620628957,27
720575940632425919,11,Sugar GRNs,,720575940626191306,720575940626308697,5,84,720575940610708430,720575940631884883,26
720575940632425919,11,Sugar GRNs,,720575940626191306,720575940626308697,5,84,720575940610708430,720575940624064295,25
720575940632425919,11,Sugar GRNs,,720575940626191306,720575940626308697,5,84,720575940610708430,720575940632436307,25
720575940632425919,11,Sugar GRNs,,720575940626191306,720575940626308697,5,84,720575940610708430,720575940623081400,24
720575940632425919,11,Sugar GRNs,,720575940626191306,720575940626308697,5,84,720575940610708430,720575940628363820,22
720575940632425919,11,Sugar GRNs,,720575940626191306,720575940626308697,5,84,720575940610708430,720575940618694827,17
720575940632425919,11,Sugar GRNs,,720575940626191306,720575940626308697,5,84,720575940610708430,720575940614623455,17
720575940632425919,11,Sugar GRNs,,720575940626191306,720575940626308697,5,84,720575940610708430,720575940611254681,13
720575940632425919,11,Sugar GRNs,,720575940626191306,720575940626308697,5,84,720575940610708430,720575940615911380,6
720575940612670570,11,Sugar GRNs,,720575940641366517,720575940628683063,45,19,720575940642715040,720575940632436307,8
720575940612670570,11,Sugar GRNs,,720575940641366517,720575940628683063,45,6,720575940610708430,720575940650527222,56
720575940612670570,11,Sugar GRNs,,720575940641366517,720575940628683063,45,6,720575940610708430,720575940603765280,45
720575940612670570,11,Sugar GRNs,,720575940641366517,720575940628683063,45,6,720575940610708430,720575940615043112,44
720575940612670570,11,Sugar GRNs,,720575940641366517,720575940628683063,45,6,720575940610708430,720575940612923390,36
720575940612670570,11,Sugar GRNs,,720575940641366517,720575940628683063,45,6,720575940610708430,720575940625379859,31
720575940612670570,11,Sugar GRNs,,720575940641366517,720575940628683063,45,6,720575940610708430,720575940622897639,30
720575940612670570,11,Sugar GRNs,,720575940641366517,720575940628683063,45,6,720575940610708430,720575940628199802,28
720575940612670570,11,Sugar GRNs,,720575940641366517,720575940628683063,45,6,720575940610708430,720575940643539566,27
720575940612670570,11,Sugar GRNs,,720575940641366517,720575940628683063,45,6,720575940610708430,720575940620628957,27
720575940612670570,11,Sugar GRNs,,720575940641366517,720575940628683063,45,6,720575940610708430,720575940631884883,26
720575940612670570,11,Sugar GRNs,,720575940641366517,720575940628683063,45,6,720575940610708430,720575940624064295,25
720575940612670570,11,Sugar GRNs,,720575940641366517,720575940628683063,45,6,720575940610708430,720575940632436307,25
720575940612670570,11,Sugar GRNs,,720575940641366517,720575940628683063,45,6,720575940610708430,720575940623081400,24
720575940612670570,11,Sugar GRNs,,720575940641366517,720575940628683063,45,6,720575940610708430,720575940628363820,22
720575940612670570,11,Sugar GRNs,,720575940641366517,720575940628683063,45,6,720575940610708430,720575940618694827,17
720575940612670570,11,Sugar GRNs,,720575940641366517,720575940628683063,45,6,720575940610708430,720575940614623455,17
720575940612670570,11,Sugar GRNs,,720575940641366517,720575940628683063,45,6,720575940610708430,720575940611254681,13
720575940612670570,11,Sugar GRNs,,720575940641366517,720575940628683063,45,6,720575940610708430,720575940615911380,6
720575940612670570,11,Sugar GRNs,,720575940641366517,720575940632873261,45,7,720575940644948771,720575940632436307,30
720575940612670570,11,Sugar GRNs,,720575940641366517,720575940632873261,45,6,720575940610708430,720575940650527222,56
720575940612670570,11,Sugar GRNs,,720575940641366517,720575940632873261,45,6,720575940610708430,720575940603765280,45
720575940612670570,11,Sugar GRNs,,720575940641366517,720575940632873261,45,6,720575940610708430,720575940615043112,44
720575940612670570,11,Sugar GRNs,,720575940641366517,720575940632873261,45,6,720575940610708430,720575940612923390,36
720575940612670570,11,Sugar GRNs,,720575940641366517,720575940632873261,45,6,720575940610708430,720575940625379859,31
720575940612670570,11,Sugar GRNs,,720575940641366517,720575940632873261,45,6,720575940610708430,720575940622897639,30
720575940612670570,11,Sugar GRNs,,720575940641366517,720575940632873261,45,6,720575940610708430,720575940628199802,28
720575940612670570,11,Sugar GRNs,,720575940641366517,720575940632873261,45,6,720575940610708430,720575940643539566,27
720575940612670570,11,Sugar GRNs,,720575940641366517,720575940632873261,45,6,720575940610708430,720575940620628957,27
720575940612670570,11,Sugar GRNs,,720575940641366517,720575940632873261,45,6,720575940610708430,720575940631884883,26
720575940612670570,11,Sugar GRNs,,720575940641366517,720575940632873261,45,6,720575940610708430,720575940624064295,25
720575940612670570,11,Sugar GRNs,,720575940641366517,720575940632873261,45,6,720575940610708430,720575940632436307,25
720575940612670570,11,Sugar GRNs,,720575940641366517,720575940632873261,45,6,720575940610708430,720575940623081400,24
720575940612670570,11,Sugar GRNs,,720575940641366517,720575940632873261,45,6,720575940610708430,720575940628363820,22
720575940612670570,11,Sugar GRNs,,720575940641366517,720575940632873261,45,6,720575940610708430,720575940618694827,17
720575940612670570,11,Sugar GRNs,,720575940641366517,720575940632873261,45,6,720575940610708430,720575940614623455,17
720575940612670570,11,Sugar GRNs,,720575940641366517,720575940632873261,45,6,720575940610708430,720575940611254681,13
720575940612670570,11,Sugar GRNs,,720575940641366517,720575940632873261,45,6,720575940610708430,720575940615911380,6
720575940612670570,11,Sugar GRNs,,720575940641366517,720575940632636959,16,6,720575940631309866,720575940611254681,8
720575940612670570,11,Sugar GRNs,,720575940641366517,720575940621736669,15,5,720575940626021052,720575940628199802,9
720575940612670570,11,Sugar GRNs,,720575940641366517,720575940621736669,15,5,720575940626021052,720575940618694827,5
720575940612670570,11,Sugar GRNs,,720575940641366517,720575940629317450,15,7,720575940619025780,720575940628199802,7
720575940612670570,11,Sugar GRNs,,720575940641366517,720575940629317450,15,7,720575940619025780,720575940615911380,5
720575940612670570,11,Sugar GRNs,,720575940641366517,720575940629317450,15,6,720575940630311528,720575940623081400,5
720575940612670570,11,Sugar GRNs,,720575940641366517,720575940629317450,15,6,720575940630311528,720575940620628957,5
720575940637568838,11,Sugar GRNs,,720575940625102692,720575940626870846,75,6,720575940626146125,720575940650527222,11
720575940637568838,11,Sugar GRNs,,720575940625102692,720575940626870846,75,6,720575940626146125,720575940622897639,6
720575940637568838,11,Sugar GRNs,,720575940625102692,720575940626308697,61,84,720575940610708430,720575940650527222,56
720575940637568838,11,Sugar GRNs,,720575940625102692,720575940626308697,61,84,720575940610708430,720575940603765280,45
720575940637568838,11,Sugar GRNs,,720575940625102692,720575940626308697,61,84,720575940610708430,720575940615043112,44
720575940637568838,11,Sugar GRNs,,720575940625102692,720575940626308697,61,84,720575940610708430,720575940612923390,36
720575940637568838,11,Sugar GRNs,,720575940625102692,720575940626308697,61,84,720575940610708430,720575940625379859,31
720575940637568838,11,Sugar GRNs,,720575940625102692,720575940626308697,61,84,720575940610708430,720575940622897639,30
720575940637568838,11,Sugar GRNs,,720575940625102692,720575940626308697,61,84,720575940610708430,720575940628199802,28
720575940637568838,11,Sugar GRNs,,720575940625102692,720575940626308697,61,84,720575940610708430,720575940643539566,27
720575940637568838,11,Sugar GRNs,,720575940625102692,720575940626308697,61,84,720575940610708430,720575940620628957,27
720575940637568838,11,Sugar GRNs,,720575940625102692,720575940626308697,61,84,720575940610708430,720575940631884883,26
720575940637568838,11,Sugar GRNs,,720575940625102692,720575940626308697,61,84,720575940610708430,720575940624064295,25
720575940637568838,11,Sugar GRNs,,720575940625102692,720575940626308697,61,84,720575940610708430,720575940632436307,25
720575940637568838,11,Sugar GRNs,,720575940625102692,720575940626308697,61,84,720575940610708430,720575940623081400,24
720575940637568838,11,Sugar GRNs,,720575940625102692,720575940626308697,61,84,720575940610708430,720575940628363820,22
720575940637568838,11,Sugar GRNs,,720575940625102692,720575940626308697,61,84,720575940610708430,720575940618694827,17
720575940637568838,11,Sugar GRNs,,720575940625102692,720575940626308697,61,84,720575940610708430,720575940614623455,17
720575940637568838,11,Sugar GRNs,,720575940625102692,720575940626308697,61,84,720575940610708430,720575940611254681,13
720575940637568838,11,Sugar GRNs,,720575940625102692,720575940626308697,61,84,720575940610708430,720575940615911380,6
720575940637568838,11,Sugar GRNs,,720575940625102692,720575940632602532,29,8,720575940614950194,720575940628363820,9
720575940637568838,11,Sugar GRNs,,720575940625102692,720575940632602532,29,8,720575940614950194,720575940625379859,5
720575940637568838,11,Sugar GRNs,,720575940625102692,720575940630664556,25,5,720575940631915801,720575940615043112,5
720575940637568838,11,Sugar GRNs,,720575940625102692,720575940623333964,23,25,720575940622160705,720575940628363820,5
720575940637568838,11,Sugar GRNs,,720575940625102692,720575940623333964,23,19,720575940625053773,720575940615043112,6
720575940637568838,11,Sugar GRNs,,720575940625102692,720575940623333964,23,19,720575940625053773,720575940603765280,5
720575940637568838,11,Sugar GRNs,,720575940625102692,720575940639813365,12,6,720575940610708430,720575940650527222,56
720575940637568838,11,Sugar GRNs,,720575940625102692,720575940639813365,12,6,720575940610708430,720575940603765280,45
720575940637568838,11,Sugar GRNs,,720575940625102692,720575940639813365,12,6,720575940610708430,720575940615043112,44
720575940637568838,11,Sugar GRNs,,720575940625102692,720575940639813365,12,6,720575940610708430,720575940612923390,36
720575940637568838,11,Sugar GRNs,,720575940625102692,720575940639813365,12,6,720575940610708430,720575940625379859,31
720575940637568838,11,Sugar GRNs,,720575940625102692,720575940639813365,12,6,720575940610708430,720575940622897639,30
720575940637568838,11,Sugar GRNs,,720575940625102692,720575940639813365,12,6,720575940610708430,720575940628199802,28
720575940637568838,11,Sugar GRNs,,720575940625102692,720575940639813365,12,6,720575940610708430,720575940643539566,27
720575940637568838,11,Sugar GRNs,,720575940625102692,720575940639813365,12,6,720575940610708430,720575940620628957,27
720575940637568838,11,Sugar GRNs,,720575940625102692,720575940639813365,12,6,720575940610708430,720575940631884883,26
720575940637568838,11,Sugar GRNs,,720575940625102692,720575940639813365,12,6,720575940610708430,720575940624064295,25
720575940637568838,11,Sugar GRNs,,720575940625102692,720575940639813365,12,6,720575940610708430,720575940632436307,25
720575940637568838,11,Sugar GRNs,,720575940625102692,720575940639813365,12,6,720575940610708430,720575940623081400,24
720575940637568838,11,Sugar GRNs,,720575940625102692,720575940639813365,12,6,720575940610708430,720575940628363820,22
720575940637568838,11,Sugar GRNs,,720575940625102692,720575940639813365,12,6,720575940610708430,720575940618694827,17
720575940637568838,11,Sugar GRNs,,720575940625102692,720575940639813365,12,6,720575940610708430,720575940614623455,17
720575940637568838,11,Sugar GRNs,,720575940625102692,720575940639813365,12,6,720575940610708430,720575940611254681,13
720575940637568838,11,Sugar GRNs,,720575940625102692,720575940639813365,12,6,720575940610708430,720575940615911380,6
720575940637568838,11,Sugar GRNs,,720575940625102692,720575940624040743,11,12,720575940620691327,720575940650527222,9
720575940637568838,11,Sugar GRNs,,720575940625102692,720575940624040743,11,12,720575940620691327,720575940628363820,9
720575940637568838,11,Sugar GRNs,,720575940625102692,720575940617184001,11,12,720575940633304601,720575940632436307,62
720575940637568838,11,Sugar GRNs,,720575940625102692,720575940617184001,11,12,720575940633304601,720575940650527222,51
720575940637568838,11,Sugar GRNs,,720575940625102692,720575940617184001,11,12,720575940633304601,720575940622897639,45
720575940637568838,11,Sugar GRNs,,720575940625102692,720575940617184001,11,12,720575940633304601,720575940603765280,45
720575940637568838,11,Sugar GRNs,,720575940625102692,720575940617184001,11,12,720575940633304601,720575940620628957,28
720575940637568838,11,Sugar GRNs,,720575940625102692,720575940617184001,11,12,720575940633304601,720575940623081400,23
720575940637568838,11,Sugar GRNs,,720575940625102692,720575940617184001,11,12,720575940633304601,720575940625379859,19
720575940637568838,11,Sugar GRNs,,720575940625102692,720575940617184001,11,12,720575940633304601,720575940611254681,18
720575940637568838,11,Sugar GRNs,,720575940625102692,720575940617184001,11,12,720575940633304601,720575940628363820,18
720575940637568838,11,Sugar GRNs,,720575940625102692,720575940617184001,11,12,720575940633304601,720575940615043112,15
720575940637568838,11,Sugar GRNs,,720575940625102692,720575940617184001,11,12,720575940633304601,720575940612923390,11
720575940637568838,11,Sugar GRNs,,720575940625102692,720575940617184001,11,12,720575940633304601,720575940614623455,9
720575940637568838,11,Sugar GRNs,,720575940625102692,720575940617184001,11,12,720575940631309866,720575940611254681,8
720575940637568838,11,Sugar GRNs,,720575940625102692,720575940617184001,11,7,720575940631008824,720575940643539566,53
720575940637568838,11,Sugar GRNs,,720575940625102692,720575940617184001,11,7,720575940631008824,720575940615043112,40
720575940637568838,11,Sugar GRNs,,720575940625102692,720575940617184001,11,7,720575940631008824,720575940628199802,34
720575940637568838,11,Sugar GRNs,,720575940625102692,720575940617184001,11,7,720575940631008824,720575940625379859,33
720575940637568838,11,Sugar GRNs,,720575940625102692,720575940617184001,11,7,720575940631008824,720575940611254681,33
720575940637568838,11,Sugar GRNs,,720575940625102692,720575940617184001,11,7,720575940631008824,720575940612923390,28
720575940637568838,11,Sugar GRNs,,720575940625102692,720575940617184001,11,7,720575940631008824,720575940618694827,22
720575940637568838,11,Sugar GRNs,,720575940625102692,720575940617184001,11,7,720575940631008824,720575940624064295,21
720575940637568838,11,Sugar GRNs,,720575940625102692,720575940617184001,11,7,720575940631008824,720575940631884883,20
720575940637568838,11,Sugar GRNs,,720575940625102692,720575940617184001,11,7,720575940631008824,720575940615911380,9
720575940637568838,11,Sugar GRNs,,720575940625102692,720575940617184001,11,7,720575940631008824,720575940632436307,6
720575940637568838,11,Sugar GRNs,,720575940625102692,720575940630311528,10,7,720575940631309866,720575940611254681,8
720575940637568838,11,Sugar GRNs,,720575940625102692,720575940630311528,10,6,720575940633304601,720575940632436307,62
720575940637568838,11,Sugar GRNs,,720575940625102692,720575940630311528,10,6,720575940633304601,720575940650527222,51
720575940637568838,11,Sugar GRNs,,720575940625102692,720575940630311528,10,6,720575940633304601,720575940622897639,45
720575940637568838,11,Sugar GRNs,,720575940625102692,720575940630311528,10,6,720575940633304601,720575940603765280,45
720575940637568838,11,Sugar GRNs,,720575940625102692,720575940630311528,10,6,720575940633304601,720575940620628957,28
720575940637568838,11,Sugar GRNs,,720575940625102692,720575940630311528,10,6,720575940633304601,720575940623081400,23
720575940637568838,11,Sugar GRNs,,720575940625102692,720575940630311528,10,6,720575940633304601,720575940625379859,19
720575940637568838,11,Sugar GRNs,,720575940625102692,720575940630311528,10,6,720575940633304601,720575940611254681,18
720575940637568838,11,Sugar GRNs,,720575940625102692,720575940630311528,10,6,720575940633304601,720575940628363820,18
720575940637568838,11,Sugar GRNs,,720575940625102692,720575940630311528,10,6,720575940633304601,720575940615043112,15
720575940637568838,11,Sugar GRNs,,720575940625102692,720575940630311528,10,6,720575940633304601,720575940612923390,11
720575940637568838,11,Sugar GRNs,,720575940625102692,720575940630311528,10,6,720575940633304601,720575940614623455,9
720575940637568838,11,Sugar GRNs,,720575940625102692,720575940622457579,9,11,720575940613845516,720575940650527222,13
720575940637568838,11,Sugar GRNs,,720575940625102692,720575940622457579,9,11,720575940613845516,720575940603765280,11
720575940637568838,11,Sugar GRNs,,720575940625102692,720575940622457579,9,11,720575940613845516,720575940614623455,8
720575940637568838,11,Sugar GRNs,,720575940625102692,720575940622457579,9,11,720575940613845516,720575940622897639,8
720575940637568838,11,Sugar GRNs,,720575940625102692,720575940622457579,9,11,720575940613845516,720575940620628957,7
720575940637568838,11,Sugar GRNs,,720575940625102692,720575940622457579,9,11,720575940613845516,720575940628363820,7
720575940637568838,11,Sugar GRNs,,720575940625102692,720575940622457579,9,11,720575940613845516,720575940623081400,5
720575940637568838,11,Sugar GRNs,,720575940625102692,720575940622457579,9,6,720575940623777065,720575940615043112,5
720575940637568838,11,Sugar GRNs,,720575940625102692,720575940627492866,8,45,720575940615792523,720575940632436307,36
720575940637568838,11,Sugar GRNs,,720575940625102692,720575940627492866,8,45,720575940615792523,720575940611254681,13
720575940637568838,11,Sugar GRNs,,720575940625102692,720575940627492866,8,7,720575940609625442,720575940622897639,10
720575940637568838,11,Sugar GRNs,,720575940625102692,720575940627492866,8,7,720575940609625442,720575940650527222,9
720575940637568838,11,Sugar GRNs,,720575940625102692,720575940627492866,8,7,720575940609625442,720575940603765280,9
720575940637568838,11,Sugar GRNs,,720575940625102692,720575940627492866,8,7,720575940609625442,720575940623081400,7
720575940637568838,11,Sugar GRNs,,720575940625102692,720575940627492866,8,7,720575940609625442,720575940628363820,6
720575940637568838,11,Sugar GRNs,,720575940625102692,720575940627492866,8,5,720575940642715040,720575940632436307,8
720575940637568838,11,Sugar GRNs,,720575940625102692,720575940607777628,7,10,720575940613845516,720575940650527222,13
720575940637568838,11,Sugar GRNs,,720575940625102692,720575940607777628,7,10,720575940613845516,720575940603765280,11
720575940637568838,11,Sugar GRNs,,720575940625102692,720575940607777628,7,10,720575940613845516,720575940614623455,8
720575940637568838,11,Sugar GRNs,,720575940625102692,720575940607777628,7,10,720575940613845516,720575940622897639,8
720575940637568838,11,Sugar GRNs,,720575940625102692,720575940607777628,7,10,720575940613845516,720575940620628957,7
720575940637568838,11,Sugar GRNs,,720575940625102692,720575940607777628,7,10,720575940613845516,720575940628363820,7
720575940637568838,11,Sugar GRNs,,720575940625102692,720575940607777628,7,10,720575940613845516,720575940623081400,5
720575940637568838,11,Sugar GRNs,,720575940625102692,720575940607777628,7,9,720575940633304601,720575940632436307,62
720575940637568838,11,Sugar GRNs,,720575940625102692,720575940607777628,7,9,720575940633304601,720575940650527222,51
720575940637568838,11,Sugar GRNs,,720575940625102692,720575940607777628,7,9,720575940633304601,720575940622897639,45
720575940637568838,11,Sugar GRNs,,720575940625102692,720575940607777628,7,9,720575940633304601,720575940603765280,45
720575940637568838,11,Sugar GRNs,,720575940625102692,720575940607777628,7,9,720575940633304601,720575940620628957,28
720575940637568838,11,Sugar GRNs,,720575940625102692,720575940607777628,7,9,720575940633304601,720575940623081400,23
720575940637568838,11,Sugar GRNs,,720575940625102692,720575940607777628,7,9,720575940633304601,720575940625379859,19
720575940637568838,11,Sugar GRNs,,720575940625102692,720575940607777628,7,9,720575940633304601,720575940611254681,18
720575940637568838,11,Sugar GRNs,,720575940625102692,720575940607777628,7,9,720575940633304601,720575940628363820,18
720575940637568838,11,Sugar GRNs,,720575940625102692,720575940607777628,7,9,720575940633304601,720575940615043112,15
720575940637568838,11,Sugar GRNs,,720575940625102692,720575940607777628,7,9,720575940633304601,720575940612923390,11
720575940637568838,11,Sugar GRNs,,720575940625102692,720575940607777628,7,9,720575940633304601,720575940614623455,9
720575940637568838,11,Sugar GRNs,,720575940625102692,720575940629317450,6,7,720575940619025780,720575940628199802,7
720575940637568838,11,Sugar GRNs,,720575940625102692,720575940629317450,6,7,720575940619025780,720575940615911380,5
720575940637568838,11,Sugar GRNs,,720575940625102692,720575940629317450,6,6,720575940630311528,720575940623081400,5
720575940637568838,11,Sugar GRNs,,720575940625102692,720575940629317450,6,6,720575940630311528,720575940620628957,5
720575940637568838,11,Sugar GRNs,,720575940625102692,720575940607472988,5,9,720575940624454221,720575940622897639,12
720575940637568838,11,Sugar GRNs,,720575940625102692,720575940607472988,5,9,720575940624454221,720575940650527222,6
720575940637568838,11,Sugar GRNs,,720575940625102692,720575940607472988,5,9,720575940624454221,720575940623081400,5
720575940637568838,11,Sugar GRNs,,720575940625102692,720575940607472988,5,9,720575940624454221,720575940620628957,5
720575940637568838,11,Sugar GRNs,,720575940625102692,720575940607472988,5,9,720575940624454221,720575940615043112,5
720575940637568838,11,Sugar GRNs,,720575940625102692,720575940607472988,5,9,720575940624454221,720575940611254681,5
720575940611875570,11,Sugar GRNs,,720575940655014049,720575940611549902,33,6,720575940623040094,720575940612923390,7
720575940611875570,11,Sugar GRNs,,720575940655014049,720575940611549902,33,6,720575940623040094,720575940615043112,5
720575940611875570,11,Sugar GRNs,,720575940655014049,720575940635210859,8,7,720575940631309866,720575940611254681,8
720575940624963786,11,Sugar GRNs,,720575940625178768,720575940630664556,129,5,720575940631915801,720575940615043112,5
720575940624963786,11,Sugar GRNs,,720575940625178768,720575940626308697,47,84,720575940610708430,720575940650527222,56
720575940624963786,11,Sugar GRNs,,720575940625178768,720575940626308697,47,84,720575940610708430,720575940603765280,45
720575940624963786,11,Sugar GRNs,,720575940625178768,720575940626308697,47,84,720575940610708430,720575940615043112,44
720575940624963786,11,Sugar GRNs,,720575940625178768,720575940626308697,47,84,720575940610708430,720575940612923390,36
720575940624963786,11,Sugar GRNs,,720575940625178768,720575940626308697,47,84,720575940610708430,720575940625379859,31
720575940624963786,11,Sugar GRNs,,720575940625178768,720575940626308697,47,84,720575940610708430,720575940622897639,30
720575940624963786,11,Sugar GRNs,,720575940625178768,720575940626308697,47,84,720575940610708430,720575940628199802,28
720575940624963786,11,Sugar GRNs,,720575940625178768,720575940626308697,47,84,720575940610708430,720575940643539566,27
720575940624963786,11,Sugar GRNs,,720575940625178768,720575940626308697,47,84,720575940610708430,720575940620628957,27
720575940624963786,11,Sugar GRNs,,720575940625178768,720575940626308697,47,84,720575940610708430,720575940631884883,26
720575940624963786,11,Sugar GRNs,,720575940625178768,720575940626308697,47,84,720575940610708430,720575940624064295,25
720575940624963786,11,Sugar GRNs,,720575940625178768,720575940626308697,47,84,720575940610708430,720575940632436307,25
720575940624963786,11,Sugar GRNs,,720575940625178768,720575940626308697,47,84,720575940610708430,720575940623081400,24
720575940624963786,11,Sugar GRNs,,720575940625178768,720575940626308697,47,84,720575940610708430,720575940628363820,22
720575940624963786,11,Sugar GRNs,,720575940625178768,720575940626308697,47,84,720575940610708430,720575940618694827,17
720575940624963786,11,Sugar GRNs,,720575940625178768,720575940626308697,47,84,720575940610708430,720575940614623455,17
720575940624963786,11,Sugar GRNs,,720575940625178768,720575940626308697,47,84,720575940610708430,720575940611254681,13
720575940624963786,11,Sugar GRNs,,720575940625178768,720575940626308697,47,84,720575940610708430,720575940615911380,6
720575940624963786,11,Sugar GRNs,,720575940625178768,720575940632602532,39,8,720575940614950194,720575940628363820,9
720575940624963786,11,Sugar GRNs,,720575940625178768,720575940632602532,39,8,720575940614950194,720575940625379859,5
720575940624963786,11,Sugar GRNs,,720575940625178768,720575940620170887,7,5,720575940622834411,720575940612923390,7
720575940633143833,11,Sugar GRNs,,720575940626191306,720575940647606148,10,6,720575940622160705,720575940628363820,5
720575940633143833,11,Sugar GRNs,,720575940626191306,720575940626308697,5,84,720575940610708430,720575940650527222,56
720575940633143833,11,Sugar GRNs,,720575940626191306,720575940626308697,5,84,720575940610708430,720575940603765280,45
720575940633143833,11,Sugar GRNs,,720575940626191306,720575940626308697,5,84,720575940610708430,720575940615043112,44
720575940633143833,11,Sugar GRNs,,720575940626191306,720575940626308697,5,84,720575940610708430,720575940612923390,36
720575940633143833,11,Sugar GRNs,,720575940626191306,720575940626308697,5,84,720575940610708430,720575940625379859,31
720575940633143833,11,Sugar GRNs,,720575940626191306,720575940626308697,5,84,720575940610708430,720575940622897639,30
720575940633143833,11,Sugar GRNs,,720575940626191306,720575940626308697,5,84,720575940610708430,720575940628199802,28
720575940633143833,11,Sugar GRNs,,720575940626191306,720575940626308697,5,84,720575940610708430,720575940643539566,27
720575940633143833,11,Sugar GRNs,,720575940626191306,720575940626308697,5,84,720575940610708430,720575940620628957,27
720575940633143833,11,Sugar GRNs,,720575940626191306,720575940626308697,5,84,720575940610708430,720575940631884883,26
720575940633143833,11,Sugar GRNs,,720575940626191306,720575940626308697,5,84,720575940610708430,720575940624064295,25
720575940633143833,11,Sugar GRNs,,720575940626191306,720575940626308697,5,84,720575940610708430,720575940632436307,25
720575940633143833,11,Sugar GRNs,,720575940626191306,720575940626308697,5,84,720575940610708430,720575940623081400,24
720575940633143833,11,Sugar GRNs,,720575940626191306,720575940626308697,5,84,720575940610708430,720575940628363820,22
720575940633143833,11,Sugar GRNs,,720575940626191306,720575940626308697,5,84,720575940610708430,720575940618694827,17
720575940633143833,11,Sugar GRNs,,720575940626191306,720575940626308697,5,84,720575940610708430,720575940614623455,17
720575940633143833,11,Sugar GRNs,,720575940626191306,720575940626308697,5,84,720575940610708430,720575940611254681,13
720575940633143833,11,Sugar GRNs,,720575940626191306,720575940626308697,5,84,720575940610708430,720575940615911380,6
720575940633143833,11,Sugar GRNs,,720575940631349335,720575940626953561,11,5,720575940624454221,720575940622897639,12
720575940633143833,11,Sugar GRNs,,720575940631349335,720575940626953561,11,5,720575940624454221,720575940650527222,6
720575940633143833,11,Sugar GRNs,,720575940631349335,720575940626953561,11,5,720575940624454221,720575940623081400,5
720575940633143833,11,Sugar GRNs,,720575940631349335,720575940626953561,11,5,720575940624454221,720575940620628957,5
720575940633143833,11,Sugar GRNs,,720575940631349335,720575940626953561,11,5,720575940624454221,720575940615043112,5
720575940633143833,11,Sugar GRNs,,720575940631349335,720575940626953561,11,5,720575940624454221,720575940611254681,5
720575940633143833,11,Sugar GRNs,,720575940631349335,720575940611549902,5,6,720575940623040094,720575940612923390,7
720575940633143833,11,Sugar GRNs,,720575940631349335,720575940611549902,5,6,720575940623040094,720575940615043112,5
720575940611875570,10,Sugar GRNs,,720575940618574749,720575940620746478,15,5,720575940618310229,720575940628363820,5
720575940611875570,10,Sugar GRNs,,720575940618574749,720575940620746478,15,5,720575940618310229,720575940620628957,5
720575940630233916,10,Sugar GRNs,,720575940655011489,720575940625741287,20,26,720575940615871967,720575940643539566,9
720575940630233916,10,Sugar GRNs,,720575940655011489,720575940625741287,20,26,720575940615871967,720575940618694827,6
720575940630233916,10,Sugar GRNs,,720575940655011489,720575940625741287,20,26,720575940615871967,720575940615911380,6
720575940630233916,10,Sugar GRNs,,720575940655011489,720575940625741287,20,26,720575940615871967,720575940612923390,5
720575940630233916,10,Sugar GRNs,,720575940655011489,720575940625741287,20,11,720575940632412828,720575940615043112,5
720575940630233916,10,Sugar GRNs,,720575940655011489,720575940625741287,20,7,720575940625053773,720575940615043112,6
720575940630233916,10,Sugar GRNs,,720575940655011489,720575940625741287,20,7,720575940625053773,720575940603765280,5
720575940630233916,10,Sugar GRNs,,720575940655011489,720575940628360506,19,11,720575940625053773,720575940615043112,6
720575940630233916,10,Sugar GRNs,,720575940655011489,720575940628360506,19,11,720575940625053773,720575940603765280,5
720575940630233916,10,Sugar GRNs,,720575940655011489,720575940628360506,19,9,720575940638302909,720575940603765280,5
720575940630233916,10,Sugar GRNs,,720575940655011489,720575940628360506,19,8,720575940615871967,720575940643539566,9
720575940630233916,10,Sugar GRNs,,720575940655011489,720575940628360506,19,8,720575940615871967,720575940618694827,6
720575940630233916,10,Sugar GRNs,,720575940655011489,720575940628360506,19,8,720575940615871967,720575940615911380,6
720575940630233916,10,Sugar GRNs,,720575940655011489,720575940628360506,19,8,720575940615871967,720575940612923390,5
720575940628853239,10,Sugar GRNs,,720575940612648106,720575940617755220,29,77,720575940631309866,720575940611254681,8
720575940628853239,10,Sugar GRNs,,720575940612648106,720575940620096171,26,8,720575940621490721,720575940632436307,8
720575940628853239,10,Sugar GRNs,,720575940612648106,720575940620096171,26,5,720575940631309866,720575940611254681,8
720575940628853239,10,Sugar GRNs,,720575940612648106,720575940624532408,16,12,720575940621490721,720575940632436307,8
720575940628853239,10,Sugar GRNs,,720575940612648106,720575940632636959,7,6,720575940631309866,720575940611254681,8
720575940628853239,10,Sugar GRNs,,720575940612648106,720575940627559623,6,19,720575940625053773,720575940615043112,6
720575940628853239,10,Sugar GRNs,,720575940612648106,720575940627559623,6,19,720575940625053773,720575940603765280,5
720575940628853239,10,Sugar GRNs,,720575940612648106,720575940627559623,6,16,720575940622160705,720575940628363820,5
720575940610788069,10,Sugar GRNs,,720575940642361485,720575940612648106,6,6,720575940621490721,720575940632436307,8
720575940632889389,10,Sugar GRNs,,720575940623210445,720575940611549902,7,6,720575940623040094,720575940612923390,7
720575940632889389,10,Sugar GRNs,,720575940623210445,720575940611549902,7,6,720575940623040094,720575940615043112,5
720575940639198653,10,Sugar GRNs,,720575940622116705,720575940635210859,7,7,720575940631309866,720575940611254681,8
720575940639198653,10,Sugar GRNs,,720575940622116705,720575940636574388,5,6,720575940610708430,720575940650527222,56
720575940639198653,10,Sugar GRNs,,720575940622116705,720575940636574388,5,6,720575940610708430,720575940603765280,45
720575940639198653,10,Sugar GRNs,,720575940622116705,720575940636574388,5,6,720575940610708430,720575940615043112,44
720575940639198653,10,Sugar GRNs,,720575940622116705,720575940636574388,5,6,720575940610708430,720575940612923390,36
720575940639198653,10,Sugar GRNs,,720575940622116705,720575940636574388,5,6,720575940610708430,720575940625379859,31
720575940639198653,10,Sugar GRNs,,720575940622116705,720575940636574388,5,6,720575940610708430,720575940622897639,30
720575940639198653,10,Sugar GRNs,,720575940622116705,720575940636574388,5,6,720575940610708430,720575940628199802,28
720575940639198653,10,Sugar GRNs,,720575940622116705,720575940636574388,5,6,720575940610708430,720575940643539566,27
720575940639198653,10,Sugar GRNs,,720575940622116705,720575940636574388,5,6,720575940610708430,720575940620628957,27
720575940639198653,10,Sugar GRNs,,720575940622116705,720575940636574388,5,6,720575940610708430,720575940631884883,26
720575940639198653,10,Sugar GRNs,,720575940622116705,720575940636574388,5,6,720575940610708430,720575940624064295,25
720575940639198653,10,Sugar GRNs,,720575940622116705,720575940636574388,5,6,720575940610708430,720575940632436307,25
720575940639198653,10,Sugar GRNs,,720575940622116705,720575940636574388,5,6,720575940610708430,720575940623081400,24
720575940639198653,10,Sugar GRNs,,720575940622116705,720575940636574388,5,6,720575940610708430,720575940628363820,22
720575940639198653,10,Sugar GRNs,,720575940622116705,720575940636574388,5,6,720575940610708430,720575940618694827,17
720575940639198653,10,Sugar GRNs,,720575940622116705,720575940636574388,5,6,720575940610708430,720575940614623455,17
720575940639198653,10,Sugar GRNs,,720575940622116705,720575940636574388,5,6,720575940610708430,720575940611254681,13
720575940639198653,10,Sugar GRNs,,720575940622116705,720575940636574388,5,6,720575940610708430,720575940615911380,6
720575940621502051,10,Sugar GRNs,,720575940626191306,720575940647606148,10,6,720575940622160705,720575940628363820,5
720575940621502051,10,Sugar GRNs,,720575940626191306,720575940626308697,5,84,720575940610708430,720575940650527222,56
720575940621502051,10,Sugar GRNs,,720575940626191306,720575940626308697,5,84,720575940610708430,720575940603765280,45
720575940621502051,10,Sugar GRNs,,720575940626191306,720575940626308697,5,84,720575940610708430,720575940615043112,44
720575940621502051,10,Sugar GRNs,,720575940626191306,720575940626308697,5,84,720575940610708430,720575940612923390,36
720575940621502051,10,Sugar GRNs,,720575940626191306,720575940626308697,5,84,720575940610708430,720575940625379859,31
720575940621502051,10,Sugar GRNs,,720575940626191306,720575940626308697,5,84,720575940610708430,720575940622897639,30
720575940621502051,10,Sugar GRNs,,720575940626191306,720575940626308697,5,84,720575940610708430,720575940628199802,28
720575940621502051,10,Sugar GRNs,,720575940626191306,720575940626308697,5,84,720575940610708430,720575940643539566,27
720575940621502051,10,Sugar GRNs,,720575940626191306,720575940626308697,5,84,720575940610708430,720575940620628957,27
720575940621502051,10,Sugar GRNs,,720575940626191306,720575940626308697,5,84,720575940610708430,720575940631884883,26
720575940621502051,10,Sugar GRNs,,720575940626191306,720575940626308697,5,84,720575940610708430,720575940624064295,25
720575940621502051,10,Sugar GRNs,,720575940626191306,720575940626308697,5,84,720575940610708430,720575940632436307,25
720575940621502051,10,Sugar GRNs,,720575940626191306,720575940626308697,5,84,720575940610708430,720575940623081400,24
720575940621502051,10,Sugar GRNs,,720575940626191306,720575940626308697,5,84,720575940610708430,720575940628363820,22
720575940621502051,10,Sugar GRNs,,720575940626191306,720575940626308697,5,84,720575940610708430,720575940618694827,17
720575940621502051,10,Sugar GRNs,,720575940626191306,720575940626308697,5,84,720575940610708430,720575940614623455,17
720575940621502051,10,Sugar GRNs,,720575940626191306,720575940626308697,5,84,720575940610708430,720575940611254681,13
720575940621502051,10,Sugar GRNs,,720575940626191306,720575940626308697,5,84,720575940610708430,720575940615911380,6
720575940638202345,10,Sugar GRNs,,720575940625102692,720575940626870846,75,6,720575940626146125,720575940650527222,11
720575940638202345,10,Sugar GRNs,,720575940625102692,720575940626870846,75,6,720575940626146125,720575940622897639,6
720575940638202345,10,Sugar GRNs,,720575940625102692,720575940626308697,61,84,720575940610708430,720575940650527222,56
720575940638202345,10,Sugar GRNs,,720575940625102692,720575940626308697,61,84,720575940610708430,720575940603765280,45
720575940638202345,10,Sugar GRNs,,720575940625102692,720575940626308697,61,84,720575940610708430,720575940615043112,44
720575940638202345,10,Sugar GRNs,,720575940625102692,720575940626308697,61,84,720575940610708430,720575940612923390,36
720575940638202345,10,Sugar GRNs,,720575940625102692,720575940626308697,61,84,720575940610708430,720575940625379859,31
720575940638202345,10,Sugar GRNs,,720575940625102692,720575940626308697,61,84,720575940610708430,720575940622897639,30
720575940638202345,10,Sugar GRNs,,720575940625102692,720575940626308697,61,84,720575940610708430,720575940628199802,28
720575940638202345,10,Sugar GRNs,,720575940625102692,720575940626308697,61,84,720575940610708430,720575940643539566,27
720575940638202345,10,Sugar GRNs,,720575940625102692,720575940626308697,61,84,720575940610708430,720575940620628957,27
720575940638202345,10,Sugar GRNs,,720575940625102692,720575940626308697,61,84,720575940610708430,720575940631884883,26
720575940638202345,10,Sugar GRNs,,720575940625102692,720575940626308697,61,84,720575940610708430,720575940624064295,25
720575940638202345,10,Sugar GRNs,,720575940625102692,720575940626308697,61,84,720575940610708430,720575940632436307,25
720575940638202345,10,Sugar GRNs,,720575940625102692,720575940626308697,61,84,720575940610708430,720575940623081400,24
720575940638202345,10,Sugar GRNs,,720575940625102692,720575940626308697,61,84,720575940610708430,720575940628363820,22
720575940638202345,10,Sugar GRNs,,720575940625102692,720575940626308697,61,84,720575940610708430,720575940618694827,17
720575940638202345,10,Sugar GRNs,,720575940625102692,720575940626308697,61,84,720575940610708430,720575940614623455,17
720575940638202345,10,Sugar GRNs,,720575940625102692,720575940626308697,61,84,720575940610708430,720575940611254681,13
720575940638202345,10,Sugar GRNs,,720575940625102692,720575940626308697,61,84,720575940610708430,720575940615911380,6
720575940638202345,10,Sugar GRNs,,720575940625102692,720575940632602532,29,8,720575940614950194,720575940628363820,9
720575940638202345,10,Sugar GRNs,,720575940625102692,720575940632602532,29,8,720575940614950194,720575940625379859,5
720575940638202345,10,Sugar GRNs,,720575940625102692,720575940630664556,25,5,720575940631915801,720575940615043112,5
720575940638202345,10,Sugar GRNs,,720575940625102692,720575940623333964,23,25,720575940622160705,720575940628363820,5
720575940638202345,10,Sugar GRNs,,720575940625102692,720575940623333964,23,19,720575940625053773,720575940615043112,6
720575940638202345,10,Sugar GRNs,,720575940625102692,720575940623333964,23,19,720575940625053773,720575940603765280,5
720575940638202345,10,Sugar GRNs,,720575940625102692,720575940639813365,12,6,720575940610708430,720575940650527222,56
720575940638202345,10,Sugar GRNs,,720575940625102692,720575940639813365,12,6,720575940610708430,720575940603765280,45
720575940638202345,10,Sugar GRNs,,720575940625102692,720575940639813365,12,6,720575940610708430,720575940615043112,44
720575940638202345,10,Sugar GRNs,,720575940625102692,720575940639813365,12,6,720575940610708430,720575940612923390,36
720575940638202345,10,Sugar GRNs,,720575940625102692,720575940639813365,12,6,720575940610708430,720575940625379859,31
720575940638202345,10,Sugar GRNs,,720575940625102692,720575940639813365,12,6,720575940610708430,720575940622897639,30
720575940638202345,10,Sugar GRNs,,720575940625102692,720575940639813365,12,6,720575940610708430,720575940628199802,28
720575940638202345,10,Sugar GRNs,,720575940625102692,720575940639813365,12,6,720575940610708430,720575940643539566,27
720575940638202345,10,Sugar GRNs,,720575940625102692,720575940639813365,12,6,720575940610708430,720575940620628957,27
720575940638202345,10,Sugar GRNs,,720575940625102692,720575940639813365,12,6,720575940610708430,720575940631884883,26
720575940638202345,10,Sugar GRNs,,720575940625102692,720575940639813365,12,6,720575940610708430,720575940624064295,25
720575940638202345,10,Sugar GRNs,,720575940625102692,720575940639813365,12,6,720575940610708430,720575940632436307,25
720575940638202345,10,Sugar GRNs,,720575940625102692,720575940639813365,12,6,720575940610708430,720575940623081400,24
720575940638202345,10,Sugar GRNs,,720575940625102692,720575940639813365,12,6,720575940610708430,720575940628363820,22
720575940638202345,10,Sugar GRNs,,720575940625102692,720575940639813365,12,6,720575940610708430,720575940618694827,17
720575940638202345,10,Sugar GRNs,,720575940625102692,720575940639813365,12,6,720575940610708430,720575940614623455,17
720575940638202345,10,Sugar GRNs,,720575940625102692,720575940639813365,12,6,720575940610708430,720575940611254681,13
720575940638202345,10,Sugar GRNs,,720575940625102692,720575940639813365,12,6,720575940610708430,720575940615911380,6
720575940638202345,10,Sugar GRNs,,720575940625102692,720575940624040743,11,12,720575940620691327,720575940650527222,9
720575940638202345,10,Sugar GRNs,,720575940625102692,720575940624040743,11,12,720575940620691327,720575940628363820,9
720575940638202345,10,Sugar GRNs,,720575940625102692,720575940617184001,11,12,720575940633304601,720575940632436307,62
720575940638202345,10,Sugar GRNs,,720575940625102692,720575940617184001,11,12,720575940633304601,720575940650527222,51
720575940638202345,10,Sugar GRNs,,720575940625102692,720575940617184001,11,12,720575940633304601,720575940622897639,45
720575940638202345,10,Sugar GRNs,,720575940625102692,720575940617184001,11,12,720575940633304601,720575940603765280,45
720575940638202345,10,Sugar GRNs,,720575940625102692,720575940617184001,11,12,720575940633304601,720575940620628957,28
720575940638202345,10,Sugar GRNs,,720575940625102692,720575940617184001,11,12,720575940633304601,720575940623081400,23
720575940638202345,10,Sugar GRNs,,720575940625102692,720575940617184001,11,12,720575940633304601,720575940625379859,19
720575940638202345,10,Sugar GRNs,,720575940625102692,720575940617184001,11,12,720575940633304601,720575940611254681,18
720575940638202345,10,Sugar GRNs,,720575940625102692,720575940617184001,11,12,720575940633304601,720575940628363820,18
720575940638202345,10,Sugar GRNs,,720575940625102692,720575940617184001,11,12,720575940633304601,720575940615043112,15
720575940638202345,10,Sugar GRNs,,720575940625102692,720575940617184001,11,12,720575940633304601,720575940612923390,11
720575940638202345,10,Sugar GRNs,,720575940625102692,720575940617184001,11,12,720575940633304601,720575940614623455,9
720575940638202345,10,Sugar GRNs,,720575940625102692,720575940617184001,11,12,720575940631309866,720575940611254681,8
720575940638202345,10,Sugar GRNs,,720575940625102692,720575940617184001,11,7,720575940631008824,720575940643539566,53
720575940638202345,10,Sugar GRNs,,720575940625102692,720575940617184001,11,7,720575940631008824,720575940615043112,40
720575940638202345,10,Sugar GRNs,,720575940625102692,720575940617184001,11,7,720575940631008824,720575940628199802,34
720575940638202345,10,Sugar GRNs,,720575940625102692,720575940617184001,11,7,720575940631008824,720575940625379859,33
720575940638202345,10,Sugar GRNs,,720575940625102692,720575940617184001,11,7,720575940631008824,720575940611254681,33
720575940638202345,10,Sugar GRNs,,720575940625102692,720575940617184001,11,7,720575940631008824,720575940612923390,28
720575940638202345,10,Sugar GRNs,,720575940625102692,720575940617184001,11,7,720575940631008824,720575940618694827,22
720575940638202345,10,Sugar GRNs,,720575940625102692,720575940617184001,11,7,720575940631008824,720575940624064295,21
720575940638202345,10,Sugar GRNs,,720575940625102692,720575940617184001,11,7,720575940631008824,720575940631884883,20
720575940638202345,10,Sugar GRNs,,720575940625102692,720575940617184001,11,7,720575940631008824,720575940615911380,9
720575940638202345,10,Sugar GRNs,,720575940625102692,720575940617184001,11,7,720575940631008824,720575940632436307,6
720575940638202345,10,Sugar GRNs,,720575940625102692,720575940630311528,10,7,720575940631309866,720575940611254681,8
720575940638202345,10,Sugar GRNs,,720575940625102692,720575940630311528,10,6,720575940633304601,720575940632436307,62
720575940638202345,10,Sugar GRNs,,720575940625102692,720575940630311528,10,6,720575940633304601,720575940650527222,51
720575940638202345,10,Sugar GRNs,,720575940625102692,720575940630311528,10,6,720575940633304601,720575940622897639,45
720575940638202345,10,Sugar GRNs,,720575940625102692,720575940630311528,10,6,720575940633304601,720575940603765280,45
720575940638202345,10,Sugar GRNs,,720575940625102692,720575940630311528,10,6,720575940633304601,720575940620628957,28
720575940638202345,10,Sugar GRNs,,720575940625102692,720575940630311528,10,6,720575940633304601,720575940623081400,23
720575940638202345,10,Sugar GRNs,,720575940625102692,720575940630311528,10,6,720575940633304601,720575940625379859,19
720575940638202345,10,Sugar GRNs,,720575940625102692,720575940630311528,10,6,720575940633304601,720575940611254681,18
720575940638202345,10,Sugar GRNs,,720575940625102692,720575940630311528,10,6,720575940633304601,720575940628363820,18
720575940638202345,10,Sugar GRNs,,720575940625102692,720575940630311528,10,6,720575940633304601,720575940615043112,15
720575940638202345,10,Sugar GRNs,,720575940625102692,720575940630311528,10,6,720575940633304601,720575940612923390,11
720575940638202345,10,Sugar GRNs,,720575940625102692,720575940630311528,10,6,720575940633304601,720575940614623455,9
720575940638202345,10,Sugar GRNs,,720575940625102692,720575940622457579,9,11,720575940613845516,720575940650527222,13
720575940638202345,10,Sugar GRNs,,720575940625102692,720575940622457579,9,11,720575940613845516,720575940603765280,11
720575940638202345,10,Sugar GRNs,,720575940625102692,720575940622457579,9,11,720575940613845516,720575940614623455,8
720575940638202345,10,Sugar GRNs,,720575940625102692,720575940622457579,9,11,720575940613845516,720575940622897639,8
720575940638202345,10,Sugar GRNs,,720575940625102692,720575940622457579,9,11,720575940613845516,720575940620628957,7
720575940638202345,10,Sugar GRNs,,720575940625102692,720575940622457579,9,11,720575940613845516,720575940628363820,7
720575940638202345,10,Sugar GRNs,,720575940625102692,720575940622457579,9,11,720575940613845516,720575940623081400,5
720575940638202345,10,Sugar GRNs,,720575940625102692,720575940622457579,9,6,720575940623777065,720575940615043112,5
720575940638202345,10,Sugar GRNs,,720575940625102692,720575940627492866,8,45,720575940615792523,720575940632436307,36
720575940638202345,10,Sugar GRNs,,720575940625102692,720575940627492866,8,45,720575940615792523,720575940611254681,13
720575940638202345,10,Sugar GRNs,,720575940625102692,720575940627492866,8,7,720575940609625442,720575940622897639,10
720575940638202345,10,Sugar GRNs,,720575940625102692,720575940627492866,8,7,720575940609625442,720575940650527222,9
720575940638202345,10,Sugar GRNs,,720575940625102692,720575940627492866,8,7,720575940609625442,720575940603765280,9
720575940638202345,10,Sugar GRNs,,720575940625102692,720575940627492866,8,7,720575940609625442,720575940623081400,7
720575940638202345,10,Sugar GRNs,,720575940625102692,720575940627492866,8,7,720575940609625442,720575940628363820,6
720575940638202345,10,Sugar GRNs,,720575940625102692,720575940627492866,8,5,720575940642715040,720575940632436307,8
720575940638202345,10,Sugar GRNs,,720575940625102692,720575940607777628,7,10,720575940613845516,720575940650527222,13
720575940638202345,10,Sugar GRNs,,720575940625102692,720575940607777628,7,10,720575940613845516,720575940603765280,11
720575940638202345,10,Sugar GRNs,,720575940625102692,720575940607777628,7,10,720575940613845516,720575940614623455,8
720575940638202345,10,Sugar GRNs,,720575940625102692,720575940607777628,7,10,720575940613845516,720575940622897639,8
720575940638202345,10,Sugar GRNs,,720575940625102692,720575940607777628,7,10,720575940613845516,720575940620628957,7
720575940638202345,10,Sugar GRNs,,720575940625102692,720575940607777628,7,10,720575940613845516,720575940628363820,7
720575940638202345,10,Sugar GRNs,,720575940625102692,720575940607777628,7,10,720575940613845516,720575940623081400,5
720575940638202345,10,Sugar GRNs,,720575940625102692,720575940607777628,7,9,720575940633304601,720575940632436307,62
720575940638202345,10,Sugar GRNs,,720575940625102692,720575940607777628,7,9,720575940633304601,720575940650527222,51
720575940638202345,10,Sugar GRNs,,720575940625102692,720575940607777628,7,9,720575940633304601,720575940622897639,45
720575940638202345,10,Sugar GRNs,,720575940625102692,720575940607777628,7,9,720575940633304601,720575940603765280,45
720575940638202345,10,Sugar GRNs,,720575940625102692,720575940607777628,7,9,720575940633304601,720575940620628957,28
720575940638202345,10,Sugar GRNs,,720575940625102692,720575940607777628,7,9,720575940633304601,720575940623081400,23
720575940638202345,10,Sugar GRNs,,720575940625102692,720575940607777628,7,9,720575940633304601,720575940625379859,19
720575940638202345,10,Sugar GRNs,,720575940625102692,720575940607777628,7,9,720575940633304601,720575940611254681,18
720575940638202345,10,Sugar GRNs,,720575940625102692,720575940607777628,7,9,720575940633304601,720575940628363820,18
720575940638202345,10,Sugar GRNs,,720575940625102692,720575940607777628,7,9,720575940633304601,720575940615043112,15
720575940638202345,10,Sugar GRNs,,720575940625102692,720575940607777628,7,9,720575940633304601,720575940612923390,11
720575940638202345,10,Sugar GRNs,,720575940625102692,720575940607777628,7,9,720575940633304601,720575940614623455,9
720575940638202345,10,Sugar GRNs,,720575940625102692,720575940629317450,6,7,720575940619025780,720575940628199802,7
720575940638202345,10,Sugar GRNs,,720575940625102692,720575940629317450,6,7,720575940619025780,720575940615911380,5
720575940638202345,10,Sugar GRNs,,720575940625102692,720575940629317450,6,6,720575940630311528,720575940623081400,5
720575940638202345,10,Sugar GRNs,,720575940625102692,720575940629317450,6,6,720575940630311528,720575940620628957,5
720575940638202345,10,Sugar GRNs,,720575940625102692,720575940607472988,5,9,720575940624454221,720575940622897639,12
720575940638202345,10,Sugar GRNs,,720575940625102692,720575940607472988,5,9,720575940624454221,720575940650527222,6
720575940638202345,10,Sugar GRNs,,720575940625102692,720575940607472988,5,9,720575940624454221,720575940623081400,5
720575940638202345,10,Sugar GRNs,,720575940625102692,720575940607472988,5,9,720575940624454221,720575940620628957,5
720575940638202345,10,Sugar GRNs,,720575940625102692,720575940607472988,5,9,720575940624454221,720575940615043112,5
720575940638202345,10,Sugar GRNs,,720575940625102692,720575940607472988,5,9,720575940624454221,720575940611254681,5
720575940639198653,10,Sugar GRNs,,720575940623210445,720575940611549902,7,6,720575940623040094,720575940612923390,7
720575940639198653,10,Sugar GRNs,,720575940623210445,720575940611549902,7,6,720575940623040094,720575940615043112,5
720575940624963786,10,Sugar GRNs,,720575940647033396,720575940633165980,16,5,720575940630349905,720575940612923390,13
720575940624963786,10,Sugar GRNs,,720575940647033396,720575940633165980,16,5,720575940630349905,720575940628199802,12
720575940624963786,10,Sugar GRNs,,720575940647033396,720575940633165980,16,5,720575940630349905,720575940643539566,12
720575940624963786,10,Sugar GRNs,,720575940647033396,720575940633165980,16,5,720575940630349905,720575940615911380,9
720575940624963786,10,Sugar GRNs,,720575940647033396,720575940633165980,16,5,720575940630349905,720575940631884883,9
720575940624963786,10,Sugar GRNs,,720575940647033396,720575940633165980,16,5,720575940630349905,720575940625379859,8
720575940624963786,10,Sugar GRNs,,720575940647033396,720575940633165980,16,5,720575940630349905,720575940624064295,6
720575940624963786,10,Sugar GRNs,,720575940647033396,720575940633165980,16,5,720575940630349905,720575940615043112,5
720575940624963786,10,Sugar GRNs,,720575940647033396,720575940629317450,13,7,720575940619025780,720575940628199802,7
720575940624963786,10,Sugar GRNs,,720575940647033396,720575940629317450,13,7,720575940619025780,720575940615911380,5
720575940624963786,10,Sugar GRNs,,720575940647033396,720575940629317450,13,6,720575940630311528,720575940623081400,5
720575940624963786,10,Sugar GRNs,,720575940647033396,720575940629317450,13,6,720575940630311528,720575940620628957,5
720575940624963786,10,Sugar GRNs,,720575940647033396,720575940618788944,9,7,720575940626146125,720575940650527222,11
720575940624963786,10,Sugar GRNs,,720575940647033396,720575940618788944,9,7,720575940626146125,720575940622897639,6
720575940624963786,10,Sugar GRNs,,720575940647033396,720575940618788944,9,5,720575940630311528,720575940623081400,5
720575940624963786,10,Sugar GRNs,,720575940647033396,720575940618788944,9,5,720575940630311528,720575940620628957,5
720575940624963786,10,Sugar GRNs,,720575940647033396,720575940618788944,9,5,720575940627492866,720575940650527222,11
720575940624963786,10,Sugar GRNs,,720575940647033396,720575940618788944,9,5,720575940627492866,720575940603765280,10
720575940624963786,10,Sugar GRNs,,720575940647033396,720575940618788944,9,5,720575940627492866,720575940623081400,5
720575940624963786,10,Sugar GRNs,,720575940647033396,720575940621736669,8,5,720575940626021052,720575940628199802,9
720575940624963786,10,Sugar GRNs,,720575940647033396,720575940621736669,8,5,720575940626021052,720575940618694827,5
720575940624963786,10,Sugar GRNs,,720575940647033396,720575940635816926,7,5,720575940633711028,720575940618694827,10
720575940624963786,10,Sugar GRNs,,720575940647033396,720575940635816926,7,5,720575940633711028,720575940615911380,5
720575940624963786,10,Sugar GRNs,,720575940647033396,720575940620181825,5,9,720575940622160705,720575940628363820,5
720575940632425919,9,Sugar GRNs,,720575940618574749,720575940620746478,15,5,720575940618310229,720575940628363820,5
720575940632425919,9,Sugar GRNs,,720575940618574749,720575940620746478,15,5,720575940618310229,720575940620628957,5
720575940630233916,9,Sugar GRNs,,720575940632293346,720575940625102692,66,10,720575940630311528,720575940623081400,5
720575940630233916,9,Sugar GRNs,,720575940632293346,720575940625102692,66,10,720575940630311528,720575940620628957,5
720575940630233916,9,Sugar GRNs,,720575940632293346,720575940625102692,66,8,720575940627492866,720575940650527222,11
720575940630233916,9,Sugar GRNs,,720575940632293346,720575940625102692,66,8,720575940627492866,720575940603765280,10
720575940630233916,9,Sugar GRNs,,720575940632293346,720575940625102692,66,8,720575940627492866,720575940623081400,5
720575940630233916,9,Sugar GRNs,,720575940632293346,720575940625102692,66,7,720575940622587018,720575940650527222,9
720575940630233916,9,Sugar GRNs,,720575940632293346,720575940625102692,66,7,720575940622587018,720575940628363820,6
720575940630233916,9,Sugar GRNs,,720575940632293346,720575940625102692,66,7,720575940622587018,720575940603765280,5
720575940630233916,9,Sugar GRNs,,720575940632293346,720575940630664556,39,5,720575940631915801,720575940615043112,5
720575940630233916,9,Sugar GRNs,,720575940632293346,720575940626870846,15,6,720575940626146125,720575940650527222,11
720575940630233916,9,Sugar GRNs,,720575940632293346,720575940626870846,15,6,720575940626146125,720575940622897639,6
720575940630233916,9,Sugar GRNs,,720575940632293346,720575940627454569,7,5,720575940626021052,720575940628199802,9
720575940630233916,9,Sugar GRNs,,720575940632293346,720575940627454569,7,5,720575940626021052,720575940618694827,5
720575940632889389,9,Sugar GRNs,,720575940632648612,720575940632873261,38,7,720575940644948771,720575940632436307,30
720575940632889389,9,Sugar GRNs,,720575940632648612,720575940632873261,38,6,720575940610708430,720575940650527222,56
720575940632889389,9,Sugar GRNs,,720575940632648612,720575940632873261,38,6,720575940610708430,720575940603765280,45
720575940632889389,9,Sugar GRNs,,720575940632648612,720575940632873261,38,6,720575940610708430,720575940615043112,44
720575940632889389,9,Sugar GRNs,,720575940632648612,720575940632873261,38,6,720575940610708430,720575940612923390,36
720575940632889389,9,Sugar GRNs,,720575940632648612,720575940632873261,38,6,720575940610708430,720575940625379859,31
720575940632889389,9,Sugar GRNs,,720575940632648612,720575940632873261,38,6,720575940610708430,720575940622897639,30
720575940632889389,9,Sugar GRNs,,720575940632648612,720575940632873261,38,6,720575940610708430,720575940628199802,28
720575940632889389,9,Sugar GRNs,,720575940632648612,720575940632873261,38,6,720575940610708430,720575940643539566,27
720575940632889389,9,Sugar GRNs,,720575940632648612,720575940632873261,38,6,720575940610708430,720575940620628957,27
720575940632889389,9,Sugar GRNs,,720575940632648612,720575940632873261,38,6,720575940610708430,720575940631884883,26
720575940632889389,9,Sugar GRNs,,720575940632648612,720575940632873261,38,6,720575940610708430,720575940624064295,25
720575940632889389,9,Sugar GRNs,,720575940632648612,720575940632873261,38,6,720575940610708430,720575940632436307,25
720575940632889389,9,Sugar GRNs,,720575940632648612,720575940632873261,38,6,720575940610708430,720575940623081400,24
720575940632889389,9,Sugar GRNs,,720575940632648612,720575940632873261,38,6,720575940610708430,720575940628363820,22
720575940632889389,9,Sugar GRNs,,720575940632648612,720575940632873261,38,6,720575940610708430,720575940618694827,17
720575940632889389,9,Sugar GRNs,,720575940632648612,720575940632873261,38,6,720575940610708430,720575940614623455,17
720575940632889389,9,Sugar GRNs,,720575940632648612,720575940632873261,38,6,720575940610708430,720575940611254681,13
720575940632889389,9,Sugar GRNs,,720575940632648612,720575940632873261,38,6,720575940610708430,720575940615911380,6
720575940632889389,9,Sugar GRNs,,720575940632648612,720575940628683063,28,19,720575940642715040,720575940632436307,8
720575940632889389,9,Sugar GRNs,,720575940632648612,720575940628683063,28,6,720575940610708430,720575940650527222,56
720575940632889389,9,Sugar GRNs,,720575940632648612,720575940628683063,28,6,720575940610708430,720575940603765280,45
720575940632889389,9,Sugar GRNs,,720575940632648612,720575940628683063,28,6,720575940610708430,720575940615043112,44
720575940632889389,9,Sugar GRNs,,720575940632648612,720575940628683063,28,6,720575940610708430,720575940612923390,36
720575940632889389,9,Sugar GRNs,,720575940632648612,720575940628683063,28,6,720575940610708430,720575940625379859,31
720575940632889389,9,Sugar GRNs,,720575940632648612,720575940628683063,28,6,720575940610708430,720575940622897639,30
720575940632889389,9,Sugar GRNs,,720575940632648612,720575940628683063,28,6,720575940610708430,720575940628199802,28
720575940632889389,9,Sugar GRNs,,720575940632648612,720575940628683063,28,6,720575940610708430,720575940643539566,27
720575940632889389,9,Sugar GRNs,,720575940632648612,720575940628683063,28,6,720575940610708430,720575940620628957,27
720575940632889389,9,Sugar GRNs,,720575940632648612,720575940628683063,28,6,720575940610708430,720575940631884883,26
720575940632889389,9,Sugar GRNs,,720575940632648612,720575940628683063,28,6,720575940610708430,720575940624064295,25
720575940632889389,9,Sugar GRNs,,720575940632648612,720575940628683063,28,6,720575940610708430,720575940632436307,25
720575940632889389,9,Sugar GRNs,,720575940632648612,720575940628683063,28,6,720575940610708430,720575940623081400,24
720575940632889389,9,Sugar GRNs,,720575940632648612,720575940628683063,28,6,720575940610708430,720575940628363820,22
720575940632889389,9,Sugar GRNs,,720575940632648612,720575940628683063,28,6,720575940610708430,720575940618694827,17
720575940632889389,9,Sugar GRNs,,720575940632648612,720575940628683063,28,6,720575940610708430,720575940614623455,17
720575940632889389,9,Sugar GRNs,,720575940632648612,720575940628683063,28,6,720575940610708430,720575940611254681,13
720575940632889389,9,Sugar GRNs,,720575940632648612,720575940628683063,28,6,720575940610708430,720575940615911380,6
720575940632889389,9,Sugar GRNs,,720575940632648612,720575940632146340,13,6,720575940633711028,720575940618694827,10
720575940632889389,9,Sugar GRNs,,720575940632648612,720575940632146340,13,6,720575940633711028,720575940615911380,5
720575940632889389,9,Sugar GRNs,,720575940632648612,720575940629317450,12,7,720575940619025780,720575940628199802,7
720575940632889389,9,Sugar GRNs,,720575940632648612,720575940629317450,12,7,720575940619025780,720575940615911380,5
720575940632889389,9,Sugar GRNs,,720575940632648612,720575940629317450,12,6,720575940630311528,720575940623081400,5
720575940632889389,9,Sugar GRNs,,720575940632648612,720575940629317450,12,6,720575940630311528,720575940620628957,5
720575940632889389,9,Sugar GRNs,,720575940632648612,720575940634683743,10,5,720575940633711028,720575940618694827,10
720575940632889389,9,Sugar GRNs,,720575940632648612,720575940634683743,10,5,720575940633711028,720575940615911380,5
720575940632889389,9,Sugar GRNs,,720575940632648612,720575940629211607,8,5,720575940630311528,720575940623081400,5
720575940632889389,9,Sugar GRNs,,720575940632648612,720575940629211607,8,5,720575940630311528,720575940620628957,5
720575940632889389,9,Sugar GRNs,,720575940632648612,720575940614273292,7,7,720575940630311528,720575940623081400,5
720575940632889389,9,Sugar GRNs,,720575940632648612,720575940614273292,7,7,720575940630311528,720575940620628957,5
720575940632889389,9,Sugar GRNs,,720575940632648612,720575940614273292,7,5,720575940626146125,720575940650527222,11
720575940632889389,9,Sugar GRNs,,720575940632648612,720575940614273292,7,5,720575940626146125,720575940622897639,6
720575940632889389,9,Sugar GRNs,,720575940632648612,720575940621736669,6,5,720575940626021052,720575940628199802,9
720575940632889389,9,Sugar GRNs,,720575940632648612,720575940621736669,6,5,720575940626021052,720575940618694827,5
720575940632889389,9,Sugar GRNs,,720575940632648612,720575940636574388,6,6,720575940610708430,720575940650527222,56
720575940632889389,9,Sugar GRNs,,720575940632648612,720575940636574388,6,6,720575940610708430,720575940603765280,45
720575940632889389,9,Sugar GRNs,,720575940632648612,720575940636574388,6,6,720575940610708430,720575940615043112,44
720575940632889389,9,Sugar GRNs,,720575940632648612,720575940636574388,6,6,720575940610708430,720575940612923390,36
720575940632889389,9,Sugar GRNs,,720575940632648612,720575940636574388,6,6,720575940610708430,720575940625379859,31
720575940632889389,9,Sugar GRNs,,720575940632648612,720575940636574388,6,6,720575940610708430,720575940622897639,30
720575940632889389,9,Sugar GRNs,,720575940632648612,720575940636574388,6,6,720575940610708430,720575940628199802,28
720575940632889389,9,Sugar GRNs,,720575940632648612,720575940636574388,6,6,720575940610708430,720575940643539566,27
720575940632889389,9,Sugar GRNs,,720575940632648612,720575940636574388,6,6,720575940610708430,720575940620628957,27
720575940632889389,9,Sugar GRNs,,720575940632648612,720575940636574388,6,6,720575940610708430,720575940631884883,26
720575940632889389,9,Sugar GRNs,,720575940632648612,720575940636574388,6,6,720575940610708430,720575940624064295,25
720575940632889389,9,Sugar GRNs,,720575940632648612,720575940636574388,6,6,720575940610708430,720575940632436307,25
720575940632889389,9,Sugar GRNs,,720575940632648612,720575940636574388,6,6,720575940610708430,720575940623081400,24
720575940632889389,9,Sugar GRNs,,720575940632648612,720575940636574388,6,6,720575940610708430,720575940628363820,22
720575940632889389,9,Sugar GRNs,,720575940632648612,720575940636574388,6,6,720575940610708430,720575940618694827,17
720575940632889389,9,Sugar GRNs,,720575940632648612,720575940636574388,6,6,720575940610708430,720575940614623455,17
720575940632889389,9,Sugar GRNs,,720575940632648612,720575940636574388,6,6,720575940610708430,720575940611254681,13
720575940632889389,9,Sugar GRNs,,720575940632648612,720575940636574388,6,6,720575940610708430,720575940615911380,6
720575940632889389,9,Sugar GRNs,,720575940632648612,720575940637580102,6,6,720575940633711028,720575940618694827,10
720575940632889389,9,Sugar GRNs,,720575940632648612,720575940637580102,6,6,720575940633711028,720575940615911380,5
720575940632889389,9,Sugar GRNs,,720575940632648612,720575940632636959,5,6,720575940631309866,720575940611254681,8
720575940639198653,9,Sugar GRNs,,720575940641366517,720575940628683063,45,19,720575940642715040,720575940632436307,8
720575940639198653,9,Sugar GRNs,,720575940641366517,720575940628683063,45,6,720575940610708430,720575940650527222,56
720575940639198653,9,Sugar GRNs,,720575940641366517,720575940628683063,45,6,720575940610708430,720575940603765280,45
720575940639198653,9,Sugar GRNs,,720575940641366517,720575940628683063,45,6,720575940610708430,720575940615043112,44
720575940639198653,9,Sugar GRNs,,720575940641366517,720575940628683063,45,6,720575940610708430,720575940612923390,36
720575940639198653,9,Sugar GRNs,,720575940641366517,720575940628683063,45,6,720575940610708430,720575940625379859,31
720575940639198653,9,Sugar GRNs,,720575940641366517,720575940628683063,45,6,720575940610708430,720575940622897639,30
720575940639198653,9,Sugar GRNs,,720575940641366517,720575940628683063,45,6,720575940610708430,720575940628199802,28
720575940639198653,9,Sugar GRNs,,720575940641366517,720575940628683063,45,6,720575940610708430,720575940643539566,27
720575940639198653,9,Sugar GRNs,,720575940641366517,720575940628683063,45,6,720575940610708430,720575940620628957,27
720575940639198653,9,Sugar GRNs,,720575940641366517,720575940628683063,45,6,720575940610708430,720575940631884883,26
720575940639198653,9,Sugar GRNs,,720575940641366517,720575940628683063,45,6,720575940610708430,720575940624064295,25
720575940639198653,9,Sugar GRNs,,720575940641366517,720575940628683063,45,6,720575940610708430,720575940632436307,25
720575940639198653,9,Sugar GRNs,,720575940641366517,720575940628683063,45,6,720575940610708430,720575940623081400,24
720575940639198653,9,Sugar GRNs,,720575940641366517,720575940628683063,45,6,720575940610708430,720575940628363820,22
720575940639198653,9,Sugar GRNs,,720575940641366517,720575940628683063,45,6,720575940610708430,720575940618694827,17
720575940639198653,9,Sugar GRNs,,720575940641366517,720575940628683063,45,6,720575940610708430,720575940614623455,17
720575940639198653,9,Sugar GRNs,,720575940641366517,720575940628683063,45,6,720575940610708430,720575940611254681,13
720575940639198653,9,Sugar GRNs,,720575940641366517,720575940628683063,45,6,720575940610708430,720575940615911380,6
720575940639198653,9,Sugar GRNs,,720575940641366517,720575940632873261,45,7,720575940644948771,720575940632436307,30
720575940639198653,9,Sugar GRNs,,720575940641366517,720575940632873261,45,6,720575940610708430,720575940650527222,56
720575940639198653,9,Sugar GRNs,,720575940641366517,720575940632873261,45,6,720575940610708430,720575940603765280,45
720575940639198653,9,Sugar GRNs,,720575940641366517,720575940632873261,45,6,720575940610708430,720575940615043112,44
720575940639198653,9,Sugar GRNs,,720575940641366517,720575940632873261,45,6,720575940610708430,720575940612923390,36
720575940639198653,9,Sugar GRNs,,720575940641366517,720575940632873261,45,6,720575940610708430,720575940625379859,31
720575940639198653,9,Sugar GRNs,,720575940641366517,720575940632873261,45,6,720575940610708430,720575940622897639,30
720575940639198653,9,Sugar GRNs,,720575940641366517,720575940632873261,45,6,720575940610708430,720575940628199802,28
720575940639198653,9,Sugar GRNs,,720575940641366517,720575940632873261,45,6,720575940610708430,720575940643539566,27
720575940639198653,9,Sugar GRNs,,720575940641366517,720575940632873261,45,6,720575940610708430,720575940620628957,27
720575940639198653,9,Sugar GRNs,,720575940641366517,720575940632873261,45,6,720575940610708430,720575940631884883,26
720575940639198653,9,Sugar GRNs,,720575940641366517,720575940632873261,45,6,720575940610708430,720575940624064295,25
720575940639198653,9,Sugar GRNs,,720575940641366517,720575940632873261,45,6,720575940610708430,720575940632436307,25
720575940639198653,9,Sugar GRNs,,720575940641366517,720575940632873261,45,6,720575940610708430,720575940623081400,24
720575940639198653,9,Sugar GRNs,,720575940641366517,720575940632873261,45,6,720575940610708430,720575940628363820,22
720575940639198653,9,Sugar GRNs,,720575940641366517,720575940632873261,45,6,720575940610708430,720575940618694827,17
720575940639198653,9,Sugar GRNs,,720575940641366517,720575940632873261,45,6,720575940610708430,720575940614623455,17
720575940639198653,9,Sugar GRNs,,720575940641366517,720575940632873261,45,6,720575940610708430,720575940611254681,13
720575940639198653,9,Sugar GRNs,,720575940641366517,720575940632873261,45,6,720575940610708430,720575940615911380,6
720575940639198653,9,Sugar GRNs,,720575940641366517,720575940632636959,16,6,720575940631309866,720575940611254681,8
720575940639198653,9,Sugar GRNs,,720575940641366517,720575940621736669,15,5,720575940626021052,720575940628199802,9
720575940639198653,9,Sugar GRNs,,720575940641366517,720575940621736669,15,5,720575940626021052,720575940618694827,5
720575940639198653,9,Sugar GRNs,,720575940641366517,720575940629317450,15,7,720575940619025780,720575940628199802,7
720575940639198653,9,Sugar GRNs,,720575940641366517,720575940629317450,15,7,720575940619025780,720575940615911380,5
720575940639198653,9,Sugar GRNs,,720575940641366517,720575940629317450,15,6,720575940630311528,720575940623081400,5
720575940639198653,9,Sugar GRNs,,720575940641366517,720575940629317450,15,6,720575940630311528,720575940620628957,5
720575940639259967,9,Sugar GRNs,,720575940641366517,720575940628683063,45,19,720575940642715040,720575940632436307,8
720575940639259967,9,Sugar GRNs,,720575940641366517,720575940628683063,45,6,720575940610708430,720575940650527222,56
720575940639259967,9,Sugar GRNs,,720575940641366517,720575940628683063,45,6,720575940610708430,720575940603765280,45
720575940639259967,9,Sugar GRNs,,720575940641366517,720575940628683063,45,6,720575940610708430,720575940615043112,44
720575940639259967,9,Sugar GRNs,,720575940641366517,720575940628683063,45,6,720575940610708430,720575940612923390,36
720575940639259967,9,Sugar GRNs,,720575940641366517,720575940628683063,45,6,720575940610708430,720575940625379859,31
720575940639259967,9,Sugar GRNs,,720575940641366517,720575940628683063,45,6,720575940610708430,720575940622897639,30
720575940639259967,9,Sugar GRNs,,720575940641366517,720575940628683063,45,6,720575940610708430,720575940628199802,28
720575940639259967,9,Sugar GRNs,,720575940641366517,720575940628683063,45,6,720575940610708430,720575940643539566,27
720575940639259967,9,Sugar GRNs,,720575940641366517,720575940628683063,45,6,720575940610708430,720575940620628957,27
720575940639259967,9,Sugar GRNs,,720575940641366517,720575940628683063,45,6,720575940610708430,720575940631884883,26
720575940639259967,9,Sugar GRNs,,720575940641366517,720575940628683063,45,6,720575940610708430,720575940624064295,25
720575940639259967,9,Sugar GRNs,,720575940641366517,720575940628683063,45,6,720575940610708430,720575940632436307,25
720575940639259967,9,Sugar GRNs,,720575940641366517,720575940628683063,45,6,720575940610708430,720575940623081400,24
720575940639259967,9,Sugar GRNs,,720575940641366517,720575940628683063,45,6,720575940610708430,720575940628363820,22
720575940639259967,9,Sugar GRNs,,720575940641366517,720575940628683063,45,6,720575940610708430,720575940618694827,17
720575940639259967,9,Sugar GRNs,,720575940641366517,720575940628683063,45,6,720575940610708430,720575940614623455,17
720575940639259967,9,Sugar GRNs,,720575940641366517,720575940628683063,45,6,720575940610708430,720575940611254681,13
720575940639259967,9,Sugar GRNs,,720575940641366517,720575940628683063,45,6,720575940610708430,720575940615911380,6
720575940639259967,9,Sugar GRNs,,720575940641366517,720575940632873261,45,7,720575940644948771,720575940632436307,30
720575940639259967,9,Sugar GRNs,,720575940641366517,720575940632873261,45,6,720575940610708430,720575940650527222,56
720575940639259967,9,Sugar GRNs,,720575940641366517,720575940632873261,45,6,720575940610708430,720575940603765280,45
720575940639259967,9,Sugar GRNs,,720575940641366517,720575940632873261,45,6,720575940610708430,720575940615043112,44
720575940639259967,9,Sugar GRNs,,720575940641366517,720575940632873261,45,6,720575940610708430,720575940612923390,36
720575940639259967,9,Sugar GRNs,,720575940641366517,720575940632873261,45,6,720575940610708430,720575940625379859,31
720575940639259967,9,Sugar GRNs,,720575940641366517,720575940632873261,45,6,720575940610708430,720575940622897639,30
720575940639259967,9,Sugar GRNs,,720575940641366517,720575940632873261,45,6,720575940610708430,720575940628199802,28
720575940639259967,9,Sugar GRNs,,720575940641366517,720575940632873261,45,6,720575940610708430,720575940643539566,27
720575940639259967,9,Sugar GRNs,,720575940641366517,720575940632873261,45,6,720575940610708430,720575940620628957,27
720575940639259967,9,Sugar GRNs,,720575940641366517,720575940632873261,45,6,720575940610708430,720575940631884883,26
720575940639259967,9,Sugar GRNs,,720575940641366517,720575940632873261,45,6,720575940610708430,720575940624064295,25
720575940639259967,9,Sugar GRNs,,720575940641366517,720575940632873261,45,6,720575940610708430,720575940632436307,25
720575940639259967,9,Sugar GRNs,,720575940641366517,720575940632873261,45,6,720575940610708430,720575940623081400,24
720575940639259967,9,Sugar GRNs,,720575940641366517,720575940632873261,45,6,720575940610708430,720575940628363820,22
720575940639259967,9,Sugar GRNs,,720575940641366517,720575940632873261,45,6,720575940610708430,720575940618694827,17
720575940639259967,9,Sugar GRNs,,720575940641366517,720575940632873261,45,6,720575940610708430,720575940614623455,17
720575940639259967,9,Sugar GRNs,,720575940641366517,720575940632873261,45,6,720575940610708430,720575940611254681,13
720575940639259967,9,Sugar GRNs,,720575940641366517,720575940632873261,45,6,720575940610708430,720575940615911380,6
720575940639259967,9,Sugar GRNs,,720575940641366517,720575940632636959,16,6,720575940631309866,720575940611254681,8
720575940639259967,9,Sugar GRNs,,720575940641366517,720575940621736669,15,5,720575940626021052,720575940628199802,9
720575940639259967,9,Sugar GRNs,,720575940641366517,720575940621736669,15,5,720575940626021052,720575940618694827,5
720575940639259967,9,Sugar GRNs,,720575940641366517,720575940629317450,15,7,720575940619025780,720575940628199802,7
720575940639259967,9,Sugar GRNs,,720575940641366517,720575940629317450,15,7,720575940619025780,720575940615911380,5
720575940639259967,9,Sugar GRNs,,720575940641366517,720575940629317450,15,6,720575940630311528,720575940623081400,5
720575940639259967,9,Sugar GRNs,,720575940641366517,720575940629317450,15,6,720575940630311528,720575940620628957,5
720575940630797113,9,Sugar GRNs,,720575940632648612,720575940632873261,38,7,720575940644948771,720575940632436307,30
720575940630797113,9,Sugar GRNs,,720575940632648612,720575940632873261,38,6,720575940610708430,720575940650527222,56
720575940630797113,9,Sugar GRNs,,720575940632648612,720575940632873261,38,6,720575940610708430,720575940603765280,45
720575940630797113,9,Sugar GRNs,,720575940632648612,720575940632873261,38,6,720575940610708430,720575940615043112,44
720575940630797113,9,Sugar GRNs,,720575940632648612,720575940632873261,38,6,720575940610708430,720575940612923390,36
720575940630797113,9,Sugar GRNs,,720575940632648612,720575940632873261,38,6,720575940610708430,720575940625379859,31
720575940630797113,9,Sugar GRNs,,720575940632648612,720575940632873261,38,6,720575940610708430,720575940622897639,30
720575940630797113,9,Sugar GRNs,,720575940632648612,720575940632873261,38,6,720575940610708430,720575940628199802,28
720575940630797113,9,Sugar GRNs,,720575940632648612,720575940632873261,38,6,720575940610708430,720575940643539566,27
720575940630797113,9,Sugar GRNs,,720575940632648612,720575940632873261,38,6,720575940610708430,720575940620628957,27
720575940630797113,9,Sugar GRNs,,720575940632648612,720575940632873261,38,6,720575940610708430,720575940631884883,26
720575940630797113,9,Sugar GRNs,,720575940632648612,720575940632873261,38,6,720575940610708430,720575940624064295,25
720575940630797113,9,Sugar GRNs,,720575940632648612,720575940632873261,38,6,720575940610708430,720575940632436307,25
720575940630797113,9,Sugar GRNs,,720575940632648612,720575940632873261,38,6,720575940610708430,720575940623081400,24
720575940630797113,9,Sugar GRNs,,720575940632648612,720575940632873261,38,6,720575940610708430,720575940628363820,22
720575940630797113,9,Sugar GRNs,,720575940632648612,720575940632873261,38,6,720575940610708430,720575940618694827,17
720575940630797113,9,Sugar GRNs,,720575940632648612,720575940632873261,38,6,720575940610708430,720575940614623455,17
720575940630797113,9,Sugar GRNs,,720575940632648612,720575940632873261,38,6,720575940610708430,720575940611254681,13
720575940630797113,9,Sugar GRNs,,720575940632648612,720575940632873261,38,6,720575940610708430,720575940615911380,6
720575940630797113,9,Sugar GRNs,,720575940632648612,720575940628683063,28,19,720575940642715040,720575940632436307,8
720575940630797113,9,Sugar GRNs,,720575940632648612,720575940628683063,28,6,720575940610708430,720575940650527222,56
720575940630797113,9,Sugar GRNs,,720575940632648612,720575940628683063,28,6,720575940610708430,720575940603765280,45
720575940630797113,9,Sugar GRNs,,720575940632648612,720575940628683063,28,6,720575940610708430,720575940615043112,44
720575940630797113,9,Sugar GRNs,,720575940632648612,720575940628683063,28,6,720575940610708430,720575940612923390,36
720575940630797113,9,Sugar GRNs,,720575940632648612,720575940628683063,28,6,720575940610708430,720575940625379859,31
720575940630797113,9,Sugar GRNs,,720575940632648612,720575940628683063,28,6,720575940610708430,720575940622897639,30
720575940630797113,9,Sugar GRNs,,720575940632648612,720575940628683063,28,6,720575940610708430,720575940628199802,28
720575940630797113,9,Sugar GRNs,,720575940632648612,720575940628683063,28,6,720575940610708430,720575940643539566,27
720575940630797113,9,Sugar GRNs,,720575940632648612,720575940628683063,28,6,720575940610708430,720575940620628957,27
720575940630797113,9,Sugar GRNs,,720575940632648612,720575940628683063,28,6,720575940610708430,720575940631884883,26
720575940630797113,9,Sugar GRNs,,720575940632648612,720575940628683063,28,6,720575940610708430,720575940624064295,25
720575940630797113,9,Sugar GRNs,,720575940632648612,720575940628683063,28,6,720575940610708430,720575940632436307,25
720575940630797113,9,Sugar GRNs,,720575940632648612,720575940628683063,28,6,720575940610708430,720575940623081400,24
720575940630797113,9,Sugar GRNs,,720575940632648612,720575940628683063,28,6,720575940610708430,720575940628363820,22
720575940630797113,9,Sugar GRNs,,720575940632648612,720575940628683063,28,6,720575940610708430,720575940618694827,17
720575940630797113,9,Sugar GRNs,,720575940632648612,720575940628683063,28,6,720575940610708430,720575940614623455,17
720575940630797113,9,Sugar GRNs,,720575940632648612,720575940628683063,28,6,720575940610708430,720575940611254681,13
720575940630797113,9,Sugar GRNs,,720575940632648612,720575940628683063,28,6,720575940610708430,720575940615911380,6
720575940630797113,9,Sugar GRNs,,720575940632648612,720575940632146340,13,6,720575940633711028,720575940618694827,10
720575940630797113,9,Sugar GRNs,,720575940632648612,720575940632146340,13,6,720575940633711028,720575940615911380,5
720575940630797113,9,Sugar GRNs,,720575940632648612,720575940629317450,12,7,720575940619025780,720575940628199802,7
720575940630797113,9,Sugar GRNs,,720575940632648612,720575940629317450,12,7,720575940619025780,720575940615911380,5
720575940630797113,9,Sugar GRNs,,720575940632648612,720575940629317450,12,6,720575940630311528,720575940623081400,5
720575940630797113,9,Sugar GRNs,,720575940632648612,720575940629317450,12,6,720575940630311528,720575940620628957,5
720575940630797113,9,Sugar GRNs,,720575940632648612,720575940634683743,10,5,720575940633711028,720575940618694827,10
720575940630797113,9,Sugar GRNs,,720575940632648612,720575940634683743,10,5,720575940633711028,720575940615911380,5
720575940630797113,9,Sugar GRNs,,720575940632648612,720575940629211607,8,5,720575940630311528,720575940623081400,5
720575940630797113,9,Sugar GRNs,,720575940632648612,720575940629211607,8,5,720575940630311528,720575940620628957,5
720575940630797113,9,Sugar GRNs,,720575940632648612,720575940614273292,7,7,720575940630311528,720575940623081400,5
720575940630797113,9,Sugar GRNs,,720575940632648612,720575940614273292,7,7,720575940630311528,720575940620628957,5
720575940630797113,9,Sugar GRNs,,720575940632648612,720575940614273292,7,5,720575940626146125,720575940650527222,11
720575940630797113,9,Sugar GRNs,,720575940632648612,720575940614273292,7,5,720575940626146125,720575940622897639,6
720575940630797113,9,Sugar GRNs,,720575940632648612,720575940621736669,6,5,720575940626021052,720575940628199802,9
720575940630797113,9,Sugar GRNs,,720575940632648612,720575940621736669,6,5,720575940626021052,720575940618694827,5
720575940630797113,9,Sugar GRNs,,720575940632648612,720575940636574388,6,6,720575940610708430,720575940650527222,56
720575940630797113,9,Sugar GRNs,,720575940632648612,720575940636574388,6,6,720575940610708430,720575940603765280,45
720575940630797113,9,Sugar GRNs,,720575940632648612,720575940636574388,6,6,720575940610708430,720575940615043112,44
720575940630797113,9,Sugar GRNs,,720575940632648612,720575940636574388,6,6,720575940610708430,720575940612923390,36
720575940630797113,9,Sugar GRNs,,720575940632648612,720575940636574388,6,6,720575940610708430,720575940625379859,31
720575940630797113,9,Sugar GRNs,,720575940632648612,720575940636574388,6,6,720575940610708430,720575940622897639,30
720575940630797113,9,Sugar GRNs,,720575940632648612,720575940636574388,6,6,720575940610708430,720575940628199802,28
720575940630797113,9,Sugar GRNs,,720575940632648612,720575940636574388,6,6,720575940610708430,720575940643539566,27
720575940630797113,9,Sugar GRNs,,720575940632648612,720575940636574388,6,6,720575940610708430,720575940620628957,27
720575940630797113,9,Sugar GRNs,,720575940632648612,720575940636574388,6,6,720575940610708430,720575940631884883,26
720575940630797113,9,Sugar GRNs,,720575940632648612,720575940636574388,6,6,720575940610708430,720575940624064295,25
720575940630797113,9,Sugar GRNs,,720575940632648612,720575940636574388,6,6,720575940610708430,720575940632436307,25
720575940630797113,9,Sugar GRNs,,720575940632648612,720575940636574388,6,6,720575940610708430,720575940623081400,24
720575940630797113,9,Sugar GRNs,,720575940632648612,720575940636574388,6,6,720575940610708430,720575940628363820,22
720575940630797113,9,Sugar GRNs,,720575940632648612,720575940636574388,6,6,720575940610708430,720575940618694827,17
720575940630797113,9,Sugar GRNs,,720575940632648612,720575940636574388,6,6,720575940610708430,720575940614623455,17
720575940630797113,9,Sugar GRNs,,720575940632648612,720575940636574388,6,6,720575940610708430,720575940611254681,13
720575940630797113,9,Sugar GRNs,,720575940632648612,720575940636574388,6,6,720575940610708430,720575940615911380,6
720575940630797113,9,Sugar GRNs,,720575940632648612,720575940637580102,6,6,720575940633711028,720575940618694827,10
720575940630797113,9,Sugar GRNs,,720575940632648612,720575940637580102,6,6,720575940633711028,720575940615911380,5
720575940630797113,9,Sugar GRNs,,720575940632648612,720575940632636959,5,6,720575940631309866,720575940611254681,8
720575940611875570,9,Sugar GRNs,,720575940628114684,720575940612648106,7,6,720575940621490721,720575940632436307,8
720575940629176663,9,Sugar GRNs,,720575940640589171,720575940655013281,13,5,720575940618310229,720575940628363820,5
720575940629176663,9,Sugar GRNs,,720575940640589171,720575940655013281,13,5,720575940618310229,720575940620628957,5
720575940629176663,9,Sugar GRNs,,720575940640589171,720575940614349974,13,8,720575940618310229,720575940628363820,5
720575940629176663,9,Sugar GRNs,,720575940640589171,720575940614349974,13,8,720575940618310229,720575940620628957,5
720575940624963786,9,Sugar GRNs,,720575940610916465,720575940618788944,35,7,720575940626146125,720575940650527222,11
720575940624963786,9,Sugar GRNs,,720575940610916465,720575940618788944,35,7,720575940626146125,720575940622897639,6
720575940624963786,9,Sugar GRNs,,720575940610916465,720575940618788944,35,5,720575940630311528,720575940623081400,5
720575940624963786,9,Sugar GRNs,,720575940610916465,720575940618788944,35,5,720575940630311528,720575940620628957,5
720575940624963786,9,Sugar GRNs,,720575940610916465,720575940618788944,35,5,720575940627492866,720575940650527222,11
720575940624963786,9,Sugar GRNs,,720575940610916465,720575940618788944,35,5,720575940627492866,720575940603765280,10
720575940624963786,9,Sugar GRNs,,720575940610916465,720575940618788944,35,5,720575940627492866,720575940623081400,5
720575940624963786,9,Sugar GRNs,,720575940610916465,720575940633165980,26,5,720575940630349905,720575940612923390,13
720575940624963786,9,Sugar GRNs,,720575940610916465,720575940633165980,26,5,720575940630349905,720575940628199802,12
720575940624963786,9,Sugar GRNs,,720575940610916465,720575940633165980,26,5,720575940630349905,720575940643539566,12
720575940624963786,9,Sugar GRNs,,720575940610916465,720575940633165980,26,5,720575940630349905,720575940615911380,9
720575940624963786,9,Sugar GRNs,,720575940610916465,720575940633165980,26,5,720575940630349905,720575940631884883,9
720575940624963786,9,Sugar GRNs,,720575940610916465,720575940633165980,26,5,720575940630349905,720575940625379859,8
720575940624963786,9,Sugar GRNs,,720575940610916465,720575940633165980,26,5,720575940630349905,720575940624064295,6
720575940624963786,9,Sugar GRNs,,720575940610916465,720575940633165980,26,5,720575940630349905,720575940615043112,5
720575940624963786,9,Sugar GRNs,,720575940610916465,720575940621736669,10,5,720575940626021052,720575940628199802,9
720575940624963786,9,Sugar GRNs,,720575940610916465,720575940621736669,10,5,720575940626021052,720575940618694827,5
720575940624963786,9,Sugar GRNs,,720575940610916465,720575940629317450,10,7,720575940619025780,720575940628199802,7
720575940624963786,9,Sugar GRNs,,720575940610916465,720575940629317450,10,7,720575940619025780,720575940615911380,5
720575940624963786,9,Sugar GRNs,,720575940610916465,720575940629317450,10,6,720575940630311528,720575940623081400,5
720575940624963786,9,Sugar GRNs,,720575940610916465,720575940629317450,10,6,720575940630311528,720575940620628957,5
720575940612670570,9,Sugar GRNs,,720575940622116705,720575940635210859,7,7,720575940631309866,720575940611254681,8
720575940612670570,9,Sugar GRNs,,720575940622116705,720575940636574388,5,6,720575940610708430,720575940650527222,56
720575940612670570,9,Sugar GRNs,,720575940622116705,720575940636574388,5,6,720575940610708430,720575940603765280,45
720575940612670570,9,Sugar GRNs,,720575940622116705,720575940636574388,5,6,720575940610708430,720575940615043112,44
720575940612670570,9,Sugar GRNs,,720575940622116705,720575940636574388,5,6,720575940610708430,720575940612923390,36
720575940612670570,9,Sugar GRNs,,720575940622116705,720575940636574388,5,6,720575940610708430,720575940625379859,31
720575940612670570,9,Sugar GRNs,,720575940622116705,720575940636574388,5,6,720575940610708430,720575940622897639,30
720575940612670570,9,Sugar GRNs,,720575940622116705,720575940636574388,5,6,720575940610708430,720575940628199802,28
720575940612670570,9,Sugar GRNs,,720575940622116705,720575940636574388,5,6,720575940610708430,720575940643539566,27
720575940612670570,9,Sugar GRNs,,720575940622116705,720575940636574388,5,6,720575940610708430,720575940620628957,27
720575940612670570,9,Sugar GRNs,,720575940622116705,720575940636574388,5,6,720575940610708430,720575940631884883,26
720575940612670570,9,Sugar GRNs,,720575940622116705,720575940636574388,5,6,720575940610708430,720575940624064295,25
720575940612670570,9,Sugar GRNs,,720575940622116705,720575940636574388,5,6,720575940610708430,720575940632436307,25
720575940612670570,9,Sugar GRNs,,720575940622116705,720575940636574388,5,6,720575940610708430,720575940623081400,24
720575940612670570,9,Sugar GRNs,,720575940622116705,720575940636574388,5,6,720575940610708430,720575940628363820,22
720575940612670570,9,Sugar GRNs,,720575940622116705,720575940636574388,5,6,720575940610708430,720575940618694827,17
720575940612670570,9,Sugar GRNs,,720575940622116705,720575940636574388,5,6,720575940610708430,720575940614623455,17
720575940612670570,9,Sugar GRNs,,720575940622116705,720575940636574388,5,6,720575940610708430,720575940611254681,13
720575940612670570,9,Sugar GRNs,,720575940622116705,720575940636574388,5,6,720575940610708430,720575940615911380,6
720575940623172843,9,Sugar GRNs,,720575940633198284,720575940629543409,28,5,720575940610708430,720575940650527222,56
720575940623172843,9,Sugar GRNs,,720575940633198284,720575940629543409,28,5,720575940610708430,720575940603765280,45
720575940623172843,9,Sugar GRNs,,720575940633198284,720575940629543409,28,5,720575940610708430,720575940615043112,44
720575940623172843,9,Sugar GRNs,,720575940633198284,720575940629543409,28,5,720575940610708430,720575940612923390,36
720575940623172843,9,Sugar GRNs,,720575940633198284,720575940629543409,28,5,720575940610708430,720575940625379859,31
720575940623172843,9,Sugar GRNs,,720575940633198284,720575940629543409,28,5,720575940610708430,720575940622897639,30
720575940623172843,9,Sugar GRNs,,720575940633198284,720575940629543409,28,5,720575940610708430,720575940628199802,28
720575940623172843,9,Sugar GRNs,,720575940633198284,720575940629543409,28,5,720575940610708430,720575940643539566,27
720575940623172843,9,Sugar GRNs,,720575940633198284,720575940629543409,28,5,720575940610708430,720575940620628957,27
720575940623172843,9,Sugar GRNs,,720575940633198284,720575940629543409,28,5,720575940610708430,720575940631884883,26
720575940623172843,9,Sugar GRNs,,720575940633198284,720575940629543409,28,5,720575940610708430,720575940624064295,25
720575940623172843,9,Sugar GRNs,,720575940633198284,720575940629543409,28,5,720575940610708430,720575940632436307,25
720575940623172843,9,Sugar GRNs,,720575940633198284,720575940629543409,28,5,720575940610708430,720575940623081400,24
720575940623172843,9,Sugar GRNs,,720575940633198284,720575940629543409,28,5,720575940610708430,720575940628363820,22
720575940623172843,9,Sugar GRNs,,720575940633198284,720575940629543409,28,5,720575940610708430,720575940618694827,17
720575940623172843,9,Sugar GRNs,,720575940633198284,720575940629543409,28,5,720575940610708430,720575940614623455,17
720575940623172843,9,Sugar GRNs,,720575940633198284,720575940629543409,28,5,720575940610708430,720575940611254681,13
720575940623172843,9,Sugar GRNs,,720575940633198284,720575940629543409,28,5,720575940610708430,720575940615911380,6
720575940623172843,9,Sugar GRNs,,720575940633198284,720575940641536987,7,5,720575940634721761,720575940650527222,5
720575940623172843,9,Sugar GRNs,,720575940633198284,720575940641536987,7,5,720575940634721761,720575940643539566,5
720575940640649691,9,Sugar GRNs,,720575940655014049,720575940611549902,33,6,720575940623040094,720575940612923390,7
720575940640649691,9,Sugar GRNs,,720575940655014049,720575940611549902,33,6,720575940623040094,720575940615043112,5
720575940640649691,9,Sugar GRNs,,720575940655014049,720575940635210859,8,7,720575940631309866,720575940611254681,8
720575940628853239,8,Sugar GRNs,,720575940625867056,720575940645039383,6,5,720575940623040094,720575940612923390,7
720575940628853239,8,Sugar GRNs,,720575940625867056,720575940645039383,6,5,720575940623040094,720575940615043112,5
720575940612670570,8,Sugar GRNs,,720575940625867056,720575940645039383,6,5,720575940623040094,720575940612923390,7
720575940612670570,8,Sugar GRNs,,720575940625867056,720575940645039383,6,5,720575940623040094,720575940615043112,5
720575940611875570,8,Sugar GRNs,,720575940630689644,720575940623338281,19,7,720575940631309866,720575940611254681,8
720575940611875570,8,Sugar GRNs,,720575940630689644,720575940632407826,11,26,720575940610708430,720575940650527222,56
720575940611875570,8,Sugar GRNs,,720575940630689644,720575940632407826,11,26,720575940610708430,720575940603765280,45
720575940611875570,8,Sugar GRNs,,720575940630689644,720575940632407826,11,26,720575940610708430,720575940615043112,44
720575940611875570,8,Sugar GRNs,,720575940630689644,720575940632407826,11,26,720575940610708430,720575940612923390,36
720575940611875570,8,Sugar GRNs,,720575940630689644,720575940632407826,11,26,720575940610708430,720575940625379859,31
720575940611875570,8,Sugar GRNs,,720575940630689644,720575940632407826,11,26,720575940610708430,720575940622897639,30
720575940611875570,8,Sugar GRNs,,720575940630689644,720575940632407826,11,26,720575940610708430,720575940628199802,28
720575940611875570,8,Sugar GRNs,,720575940630689644,720575940632407826,11,26,720575940610708430,720575940643539566,27
720575940611875570,8,Sugar GRNs,,720575940630689644,720575940632407826,11,26,720575940610708430,720575940620628957,27
720575940611875570,8,Sugar GRNs,,720575940630689644,720575940632407826,11,26,720575940610708430,720575940631884883,26
720575940611875570,8,Sugar GRNs,,720575940630689644,720575940632407826,11,26,720575940610708430,720575940624064295,25
720575940611875570,8,Sugar GRNs,,720575940630689644,720575940632407826,11,26,720575940610708430,720575940632436307,25
720575940611875570,8,Sugar GRNs,,720575940630689644,720575940632407826,11,26,720575940610708430,720575940623081400,24
720575940611875570,8,Sugar GRNs,,720575940630689644,720575940632407826,11,26,720575940610708430,720575940628363820,22
720575940611875570,8,Sugar GRNs,,720575940630689644,720575940632407826,11,26,720575940610708430,720575940618694827,17
720575940611875570,8,Sugar GRNs,,720575940630689644,720575940632407826,11,26,720575940610708430,720575940614623455,17
720575940611875570,8,Sugar GRNs,,720575940630689644,720575940632407826,11,26,720575940610708430,720575940611254681,13
720575940611875570,8,Sugar GRNs,,720575940630689644,720575940632407826,11,26,720575940610708430,720575940615911380,6
720575940611875570,8,Sugar GRNs,,720575940630689644,720575940632524559,10,16,720575940610708430,720575940650527222,56
720575940611875570,8,Sugar GRNs,,720575940630689644,720575940632524559,10,16,720575940610708430,720575940603765280,45
720575940611875570,8,Sugar GRNs,,720575940630689644,720575940632524559,10,16,720575940610708430,720575940615043112,44
720575940611875570,8,Sugar GRNs,,720575940630689644,720575940632524559,10,16,720575940610708430,720575940612923390,36
720575940611875570,8,Sugar GRNs,,720575940630689644,720575940632524559,10,16,720575940610708430,720575940625379859,31
720575940611875570,8,Sugar GRNs,,720575940630689644,720575940632524559,10,16,720575940610708430,720575940622897639,30
720575940611875570,8,Sugar GRNs,,720575940630689644,720575940632524559,10,16,720575940610708430,720575940628199802,28
720575940611875570,8,Sugar GRNs,,720575940630689644,720575940632524559,10,16,720575940610708430,720575940643539566,27
720575940611875570,8,Sugar GRNs,,720575940630689644,720575940632524559,10,16,720575940610708430,720575940620628957,27
720575940611875570,8,Sugar GRNs,,720575940630689644,720575940632524559,10,16,720575940610708430,720575940631884883,26
720575940611875570,8,Sugar GRNs,,720575940630689644,720575940632524559,10,16,720575940610708430,720575940624064295,25
720575940611875570,8,Sugar GRNs,,720575940630689644,720575940632524559,10,16,720575940610708430,720575940632436307,25
720575940611875570,8,Sugar GRNs,,720575940630689644,720575940632524559,10,16,720575940610708430,720575940623081400,24
720575940611875570,8,Sugar GRNs,,720575940630689644,720575940632524559,10,16,720575940610708430,720575940628363820,22
720575940611875570,8,Sugar GRNs,,720575940630689644,720575940632524559,10,16,720575940610708430,720575940618694827,17
720575940611875570,8,Sugar GRNs,,720575940630689644,720575940632524559,10,16,720575940610708430,720575940614623455,17
720575940611875570,8,Sugar GRNs,,720575940630689644,720575940632524559,10,16,720575940610708430,720575940611254681,13
720575940611875570,8,Sugar GRNs,,720575940630689644,720575940632524559,10,16,720575940610708430,720575940615911380,6
720575940621502051,8,Sugar GRNs,,720575940625867056,720575940645039383,6,5,720575940623040094,720575940612923390,7
720575940621502051,8,Sugar GRNs,,720575940625867056,720575940645039383,6,5,720575940623040094,720575940615043112,5
720575940630233916,8,Sugar GRNs,,720575940630664556,720575940618788944,98,7,720575940626146125,720575940650527222,11
720575940630233916,8,Sugar GRNs,,720575940630664556,720575940618788944,98,7,720575940626146125,720575940622897639,6
720575940630233916,8,Sugar GRNs,,720575940630664556,720575940618788944,98,5,720575940630311528,720575940623081400,5
720575940630233916,8,Sugar GRNs,,720575940630664556,720575940618788944,98,5,720575940630311528,720575940620628957,5
720575940630233916,8,Sugar GRNs,,720575940630664556,720575940618788944,98,5,720575940627492866,720575940650527222,11
720575940630233916,8,Sugar GRNs,,720575940630664556,720575940618788944,98,5,720575940627492866,720575940603765280,10
720575940630233916,8,Sugar GRNs,,720575940630664556,720575940618788944,98,5,720575940627492866,720575940623081400,5
720575940630233916,8,Sugar GRNs,,720575940630664556,720575940627454569,57,5,720575940626021052,720575940628199802,9
720575940630233916,8,Sugar GRNs,,720575940630664556,720575940627454569,57,5,720575940626021052,720575940618694827,5
720575940630233916,8,Sugar GRNs,,720575940630664556,720575940620735258,54,5,720575940627492866,720575940650527222,11
720575940630233916,8,Sugar GRNs,,720575940630664556,720575940620735258,54,5,720575940627492866,720575940603765280,10
720575940630233916,8,Sugar GRNs,,720575940630664556,720575940620735258,54,5,720575940627492866,720575940623081400,5
720575940630233916,8,Sugar GRNs,,720575940630664556,720575940633165980,42,5,720575940630349905,720575940612923390,13
720575940630233916,8,Sugar GRNs,,720575940630664556,720575940633165980,42,5,720575940630349905,720575940628199802,12
720575940630233916,8,Sugar GRNs,,720575940630664556,720575940633165980,42,5,720575940630349905,720575940643539566,12
720575940630233916,8,Sugar GRNs,,720575940630664556,720575940633165980,42,5,720575940630349905,720575940615911380,9
720575940630233916,8,Sugar GRNs,,720575940630664556,720575940633165980,42,5,720575940630349905,720575940631884883,9
720575940630233916,8,Sugar GRNs,,720575940630664556,720575940633165980,42,5,720575940630349905,720575940625379859,8
720575940630233916,8,Sugar GRNs,,720575940630664556,720575940633165980,42,5,720575940630349905,720575940624064295,6
720575940630233916,8,Sugar GRNs,,720575940630664556,720575940633165980,42,5,720575940630349905,720575940615043112,5
720575940630233916,8,Sugar GRNs,,720575940630664556,720575940658442625,37,5,720575940626021052,720575940628199802,9
720575940630233916,8,Sugar GRNs,,720575940630664556,720575940658442625,37,5,720575940626021052,720575940618694827,5
720575940630233916,8,Sugar GRNs,,720575940630664556,720575940608713993,33,5,720575940627492866,720575940650527222,11
720575940630233916,8,Sugar GRNs,,720575940630664556,720575940608713993,33,5,720575940627492866,720575940603765280,10
720575940630233916,8,Sugar GRNs,,720575940630664556,720575940608713993,33,5,720575940627492866,720575940623081400,5
720575940630233916,8,Sugar GRNs,,720575940630664556,720575940622661095,31,6,720575940624454221,720575940622897639,12
720575940630233916,8,Sugar GRNs,,720575940630664556,720575940622661095,31,6,720575940624454221,720575940650527222,6
720575940630233916,8,Sugar GRNs,,720575940630664556,720575940622661095,31,6,720575940624454221,720575940623081400,5
720575940630233916,8,Sugar GRNs,,720575940630664556,720575940622661095,31,6,720575940624454221,720575940620628957,5
720575940630233916,8,Sugar GRNs,,720575940630664556,720575940622661095,31,6,720575940624454221,720575940615043112,5
720575940630233916,8,Sugar GRNs,,720575940630664556,720575940622661095,31,6,720575940624454221,720575940611254681,5
720575940630233916,8,Sugar GRNs,,720575940630664556,720575940626870846,27,6,720575940626146125,720575940650527222,11
720575940630233916,8,Sugar GRNs,,720575940630664556,720575940626870846,27,6,720575940626146125,720575940622897639,6
720575940630233916,8,Sugar GRNs,,720575940630664556,720575940626015242,26,17,720575940624454221,720575940622897639,12
720575940630233916,8,Sugar GRNs,,720575940630664556,720575940626015242,26,17,720575940624454221,720575940650527222,6
720575940630233916,8,Sugar GRNs,,720575940630664556,720575940626015242,26,17,720575940624454221,720575940623081400,5
720575940630233916,8,Sugar GRNs,,720575940630664556,720575940626015242,26,17,720575940624454221,720575940620628957,5
720575940630233916,8,Sugar GRNs,,720575940630664556,720575940626015242,26,17,720575940624454221,720575940615043112,5
720575940630233916,8,Sugar GRNs,,720575940630664556,720575940626015242,26,17,720575940624454221,720575940611254681,5
720575940630233916,8,Sugar GRNs,,720575940630664556,720575940626015242,26,11,720575940626146125,720575940650527222,11
720575940630233916,8,Sugar GRNs,,720575940630664556,720575940626015242,26,11,720575940626146125,720575940622897639,6
720575940630233916,8,Sugar GRNs,,720575940630664556,720575940626015242,26,6,720575940630311528,720575940623081400,5
720575940630233916,8,Sugar GRNs,,720575940630664556,720575940626015242,26,6,720575940630311528,720575940620628957,5
720575940630233916,8,Sugar GRNs,,720575940630664556,720575940629211607,24,5,720575940630311528,720575940623081400,5
720575940630233916,8,Sugar GRNs,,720575940630664556,720575940629211607,24,5,720575940630311528,720575940620628957,5
720575940630233916,8,Sugar GRNs,,720575940630664556,720575940613426343,24,9,720575940627492866,720575940650527222,11
720575940630233916,8,Sugar GRNs,,720575940630664556,720575940613426343,24,9,720575940627492866,720575940603765280,10
720575940630233916,8,Sugar GRNs,,720575940630664556,720575940613426343,24,9,720575940627492866,720575940623081400,5
720575940630233916,8,Sugar GRNs,,720575940630664556,720575940622457579,24,11,720575940613845516,720575940650527222,13
720575940630233916,8,Sugar GRNs,,720575940630664556,720575940622457579,24,11,720575940613845516,720575940603765280,11
720575940630233916,8,Sugar GRNs,,720575940630664556,720575940622457579,24,11,720575940613845516,720575940614623455,8
720575940630233916,8,Sugar GRNs,,720575940630664556,720575940622457579,24,11,720575940613845516,720575940622897639,8
720575940630233916,8,Sugar GRNs,,720575940630664556,720575940622457579,24,11,720575940613845516,720575940620628957,7
720575940630233916,8,Sugar GRNs,,720575940630664556,720575940622457579,24,11,720575940613845516,720575940628363820,7
720575940630233916,8,Sugar GRNs,,720575940630664556,720575940622457579,24,11,720575940613845516,720575940623081400,5
720575940630233916,8,Sugar GRNs,,720575940630664556,720575940622457579,24,6,720575940623777065,720575940615043112,5
720575940630233916,8,Sugar GRNs,,720575940630664556,720575940632602532,22,8,720575940614950194,720575940628363820,9
720575940630233916,8,Sugar GRNs,,720575940630664556,720575940632602532,22,8,720575940614950194,720575940625379859,5
720575940630233916,8,Sugar GRNs,,720575940630664556,720575940614273292,17,7,720575940630311528,720575940623081400,5
720575940630233916,8,Sugar GRNs,,720575940630664556,720575940614273292,17,7,720575940630311528,720575940620628957,5
720575940630233916,8,Sugar GRNs,,720575940630664556,720575940614273292,17,5,720575940626146125,720575940650527222,11
720575940630233916,8,Sugar GRNs,,720575940630664556,720575940614273292,17,5,720575940626146125,720575940622897639,6
720575940630233916,8,Sugar GRNs,,720575940630664556,720575940632078873,16,9,720575940623777065,720575940615043112,5
720575940630233916,8,Sugar GRNs,,720575940630664556,720575940615245107,15,6,720575940627492866,720575940650527222,11
720575940630233916,8,Sugar GRNs,,720575940630664556,720575940615245107,15,6,720575940627492866,720575940603765280,10
720575940630233916,8,Sugar GRNs,,720575940630664556,720575940615245107,15,6,720575940627492866,720575940623081400,5
720575940630233916,8,Sugar GRNs,,720575940630664556,720575940621827419,15,6,720575940622834411,720575940612923390,7
720575940630233916,8,Sugar GRNs,,720575940630664556,720575940629317450,15,7,720575940619025780,720575940628199802,7
720575940630233916,8,Sugar GRNs,,720575940630664556,720575940629317450,15,7,720575940619025780,720575940615911380,5
720575940630233916,8,Sugar GRNs,,720575940630664556,720575940629317450,15,6,720575940630311528,720575940623081400,5
720575940630233916,8,Sugar GRNs,,720575940630664556,720575940629317450,15,6,720575940630311528,720575940620628957,5
720575940630233916,8,Sugar GRNs,,720575940630664556,720575940641776032,15,6,720575940630311528,720575940623081400,5
720575940630233916,8,Sugar GRNs,,720575940630664556,720575940641776032,15,6,720575940630311528,720575940620628957,5
720575940630233916,8,Sugar GRNs,,720575940630664556,720575940631299602,14,22,720575940610708430,720575940650527222,56
720575940630233916,8,Sugar GRNs,,720575940630664556,720575940631299602,14,22,720575940610708430,720575940603765280,45
720575940630233916,8,Sugar GRNs,,720575940630664556,720575940631299602,14,22,720575940610708430,720575940615043112,44
720575940630233916,8,Sugar GRNs,,720575940630664556,720575940631299602,14,22,720575940610708430,720575940612923390,36
720575940630233916,8,Sugar GRNs,,720575940630664556,720575940631299602,14,22,720575940610708430,720575940625379859,31
720575940630233916,8,Sugar GRNs,,720575940630664556,720575940631299602,14,22,720575940610708430,720575940622897639,30
720575940630233916,8,Sugar GRNs,,720575940630664556,720575940631299602,14,22,720575940610708430,720575940628199802,28
720575940630233916,8,Sugar GRNs,,720575940630664556,720575940631299602,14,22,720575940610708430,720575940643539566,27
720575940630233916,8,Sugar GRNs,,720575940630664556,720575940631299602,14,22,720575940610708430,720575940620628957,27
720575940630233916,8,Sugar GRNs,,720575940630664556,720575940631299602,14,22,720575940610708430,720575940631884883,26
720575940630233916,8,Sugar GRNs,,720575940630664556,720575940631299602,14,22,720575940610708430,720575940624064295,25
720575940630233916,8,Sugar GRNs,,720575940630664556,720575940631299602,14,22,720575940610708430,720575940632436307,25
720575940630233916,8,Sugar GRNs,,720575940630664556,720575940631299602,14,22,720575940610708430,720575940623081400,24
720575940630233916,8,Sugar GRNs,,720575940630664556,720575940631299602,14,22,720575940610708430,720575940628363820,22
720575940630233916,8,Sugar GRNs,,720575940630664556,720575940631299602,14,22,720575940610708430,720575940618694827,17
720575940630233916,8,Sugar GRNs,,720575940630664556,720575940631299602,14,22,720575940610708430,720575940614623455,17
720575940630233916,8,Sugar GRNs,,720575940630664556,720575940631299602,14,22,720575940610708430,720575940611254681,13
720575940630233916,8,Sugar GRNs,,720575940630664556,720575940631299602,14,22,720575940610708430,720575940615911380,6
720575940630233916,8,Sugar GRNs,,720575940630664556,720575940630661164,13,9,720575940614950194,720575940628363820,9
720575940630233916,8,Sugar GRNs,,720575940630664556,720575940630661164,13,9,720575940614950194,720575940625379859,5
720575940630233916,8,Sugar GRNs,,720575940630664556,720575940630661164,13,6,720575940624608442,720575940650527222,8
720575940630233916,8,Sugar GRNs,,720575940630664556,720575940630661164,13,6,720575940624608442,720575940628363820,6
720575940630233916,8,Sugar GRNs,,720575940630664556,720575940630661164,13,6,720575940624608442,720575940603765280,5
720575940630233916,8,Sugar GRNs,,720575940630664556,720575940608368818,13,5,720575940623777065,720575940615043112,5
720575940630233916,8,Sugar GRNs,,720575940630664556,720575940630504466,11,6,720575940622160705,720575940628363820,5
720575940630233916,8,Sugar GRNs,,720575940630664556,720575940628386295,11,101,720575940610708430,720575940650527222,56
720575940630233916,8,Sugar GRNs,,720575940630664556,720575940628386295,11,101,720575940610708430,720575940603765280,45
720575940630233916,8,Sugar GRNs,,720575940630664556,720575940628386295,11,101,720575940610708430,720575940615043112,44
720575940630233916,8,Sugar GRNs,,720575940630664556,720575940628386295,11,101,720575940610708430,720575940612923390,36
720575940630233916,8,Sugar GRNs,,720575940630664556,720575940628386295,11,101,720575940610708430,720575940625379859,31
720575940630233916,8,Sugar GRNs,,720575940630664556,720575940628386295,11,101,720575940610708430,720575940622897639,30
720575940630233916,8,Sugar GRNs,,720575940630664556,720575940628386295,11,101,720575940610708430,720575940628199802,28
720575940630233916,8,Sugar GRNs,,720575940630664556,720575940628386295,11,101,720575940610708430,720575940643539566,27
720575940630233916,8,Sugar GRNs,,720575940630664556,720575940628386295,11,101,720575940610708430,720575940620628957,27
720575940630233916,8,Sugar GRNs,,720575940630664556,720575940628386295,11,101,720575940610708430,720575940631884883,26
720575940630233916,8,Sugar GRNs,,720575940630664556,720575940628386295,11,101,720575940610708430,720575940624064295,25
720575940630233916,8,Sugar GRNs,,720575940630664556,720575940628386295,11,101,720575940610708430,720575940632436307,25
720575940630233916,8,Sugar GRNs,,720575940630664556,720575940628386295,11,101,720575940610708430,720575940623081400,24
720575940630233916,8,Sugar GRNs,,720575940630664556,720575940628386295,11,101,720575940610708430,720575940628363820,22
720575940630233916,8,Sugar GRNs,,720575940630664556,720575940628386295,11,101,720575940610708430,720575940618694827,17
720575940630233916,8,Sugar GRNs,,720575940630664556,720575940628386295,11,101,720575940610708430,720575940614623455,17
720575940630233916,8,Sugar GRNs,,720575940630664556,720575940628386295,11,101,720575940610708430,720575940611254681,13
720575940630233916,8,Sugar GRNs,,720575940630664556,720575940628386295,11,101,720575940610708430,720575940615911380,6
720575940630233916,8,Sugar GRNs,,720575940630664556,720575940625102692,9,10,720575940630311528,720575940623081400,5
720575940630233916,8,Sugar GRNs,,720575940630664556,720575940625102692,9,10,720575940630311528,720575940620628957,5
720575940630233916,8,Sugar GRNs,,720575940630664556,720575940625102692,9,8,720575940627492866,720575940650527222,11
720575940630233916,8,Sugar GRNs,,720575940630664556,720575940625102692,9,8,720575940627492866,720575940603765280,10
720575940630233916,8,Sugar GRNs,,720575940630664556,720575940625102692,9,8,720575940627492866,720575940623081400,5
720575940630233916,8,Sugar GRNs,,720575940630664556,720575940625102692,9,7,720575940622587018,720575940650527222,9
720575940630233916,8,Sugar GRNs,,720575940630664556,720575940625102692,9,7,720575940622587018,720575940628363820,6
720575940630233916,8,Sugar GRNs,,720575940630664556,720575940625102692,9,7,720575940622587018,720575940603765280,5
720575940630233916,8,Sugar GRNs,,720575940630664556,720575940617799253,8,5,720575940627492866,720575940650527222,11
720575940630233916,8,Sugar GRNs,,720575940630664556,720575940617799253,8,5,720575940627492866,720575940603765280,10
720575940630233916,8,Sugar GRNs,,720575940630664556,720575940617799253,8,5,720575940627492866,720575940623081400,5
720575940630233916,8,Sugar GRNs,,720575940630664556,720575940621736669,8,5,720575940626021052,720575940628199802,9
720575940630233916,8,Sugar GRNs,,720575940630664556,720575940621736669,8,5,720575940626021052,720575940618694827,5
720575940630233916,8,Sugar GRNs,,720575940630664556,720575940626809109,7,8,720575940614950194,720575940628363820,9
720575940630233916,8,Sugar GRNs,,720575940630664556,720575940626809109,7,8,720575940614950194,720575940625379859,5
720575940630233916,8,Sugar GRNs,,720575940630664556,720575940626809109,7,5,720575940626021052,720575940628199802,9
720575940630233916,8,Sugar GRNs,,720575940630664556,720575940626809109,7,5,720575940626021052,720575940618694827,5
720575940630233916,8,Sugar GRNs,,720575940630664556,720575940626809109,7,5,720575940630349905,720575940612923390,13
720575940630233916,8,Sugar GRNs,,720575940630664556,720575940626809109,7,5,720575940630349905,720575940628199802,12
720575940630233916,8,Sugar GRNs,,720575940630664556,720575940626809109,7,5,720575940630349905,720575940643539566,12
720575940630233916,8,Sugar GRNs,,720575940630664556,720575940626809109,7,5,720575940630349905,720575940615911380,9
720575940630233916,8,Sugar GRNs,,720575940630664556,720575940626809109,7,5,720575940630349905,720575940631884883,9
720575940630233916,8,Sugar GRNs,,720575940630664556,720575940626809109,7,5,720575940630349905,720575940625379859,8
720575940630233916,8,Sugar GRNs,,720575940630664556,720575940626809109,7,5,720575940630349905,720575940624064295,6
720575940630233916,8,Sugar GRNs,,720575940630664556,720575940626809109,7,5,720575940630349905,720575940615043112,5
720575940630233916,8,Sugar GRNs,,720575940630664556,720575940616072221,6,7,720575940619025780,720575940628199802,7
720575940630233916,8,Sugar GRNs,,720575940630664556,720575940616072221,6,7,720575940619025780,720575940615911380,5
720575940630233916,8,Sugar GRNs,,720575940630664556,720575940616072221,6,6,720575940638517181,720575940603765280,13
720575940630233916,8,Sugar GRNs,,720575940630664556,720575940616072221,6,6,720575940638517181,720575940650527222,8
720575940630233916,8,Sugar GRNs,,720575940630664556,720575940616072221,6,6,720575940638517181,720575940624064295,5
720575940630233916,8,Sugar GRNs,,720575940630664556,720575940616072221,6,6,720575940628903895,720575940623081400,7
720575940630233916,8,Sugar GRNs,,720575940630664556,720575940634659508,6,5,720575940621490721,720575940632436307,8
720575940630233916,8,Sugar GRNs,,720575940630664556,720575940631915801,5,10,720575940623777065,720575940615043112,5
720575940630233916,8,Sugar GRNs,,720575940630664556,720575940610623658,5,12,720575940623777065,720575940615043112,5
720575940630233916,8,Sugar GRNs,,720575940630664556,720575940607472988,5,9,720575940624454221,720575940622897639,12
720575940630233916,8,Sugar GRNs,,720575940630664556,720575940607472988,5,9,720575940624454221,720575940650527222,6
720575940630233916,8,Sugar GRNs,,720575940630664556,720575940607472988,5,9,720575940624454221,720575940623081400,5
720575940630233916,8,Sugar GRNs,,720575940630664556,720575940607472988,5,9,720575940624454221,720575940620628957,5
720575940630233916,8,Sugar GRNs,,720575940630664556,720575940607472988,5,9,720575940624454221,720575940615043112,5
720575940630233916,8,Sugar GRNs,,720575940630664556,720575940607472988,5,9,720575940624454221,720575940611254681,5
720575940629176663,8,Sugar GRNs,,720575940626191306,720575940647606148,10,6,720575940622160705,720575940628363820,5
720575940629176663,8,Sugar GRNs,,720575940626191306,720575940626308697,5,84,720575940610708430,720575940650527222,56
720575940629176663,8,Sugar GRNs,,720575940626191306,720575940626308697,5,84,720575940610708430,720575940603765280,45
720575940629176663,8,Sugar GRNs,,720575940626191306,720575940626308697,5,84,720575940610708430,720575940615043112,44
720575940629176663,8,Sugar GRNs,,720575940626191306,720575940626308697,5,84,720575940610708430,720575940612923390,36
720575940629176663,8,Sugar GRNs,,720575940626191306,720575940626308697,5,84,720575940610708430,720575940625379859,31
720575940629176663,8,Sugar GRNs,,720575940626191306,720575940626308697,5,84,720575940610708430,720575940622897639,30
720575940629176663,8,Sugar GRNs,,720575940626191306,720575940626308697,5,84,720575940610708430,720575940628199802,28
720575940629176663,8,Sugar GRNs,,720575940626191306,720575940626308697,5,84,720575940610708430,720575940643539566,27
720575940629176663,8,Sugar GRNs,,720575940626191306,720575940626308697,5,84,720575940610708430,720575940620628957,27
720575940629176663,8,Sugar GRNs,,720575940626191306,720575940626308697,5,84,720575940610708430,720575940631884883,26
720575940629176663,8,Sugar GRNs,,720575940626191306,720575940626308697,5,84,720575940610708430,720575940624064295,25
720575940629176663,8,Sugar GRNs,,720575940626191306,720575940626308697,5,84,720575940610708430,720575940632436307,25
720575940629176663,8,Sugar GRNs,,720575940626191306,720575940626308697,5,84,720575940610708430,720575940623081400,24
720575940629176663,8,Sugar GRNs,,720575940626191306,720575940626308697,5,84,720575940610708430,720575940628363820,22
720575940629176663,8,Sugar GRNs,,720575940626191306,720575940626308697,5,84,720575940610708430,720575940618694827,17
720575940629176663,8,Sugar GRNs,,720575940626191306,720575940626308697,5,84,720575940610708430,720575940614623455,17
720575940629176663,8,Sugar GRNs,,720575940626191306,720575940626308697,5,84,720575940610708430,720575940611254681,13
720575940629176663,8,Sugar GRNs,,720575940626191306,720575940626308697,5,84,720575940610708430,720575940615911380,6
720575940638202345,8,Sugar GRNs,,720575940637790527,720575940611077188,20,5,720575940622160705,720575940628363820,5
720575940638202345,8,Sugar GRNs,,720575940637790527,720575940626091722,18,11,720575940634721761,720575940650527222,5
720575940638202345,8,Sugar GRNs,,720575940637790527,720575940626091722,18,11,720575940634721761,720575940643539566,5
720575940638202345,8,Sugar GRNs,,720575940637790527,720575940626091722,18,7,720575940637572324,720575940620628957,9
720575940638202345,8,Sugar GRNs,,720575940637790527,720575940626091722,18,7,720575940637572324,720575940622897639,8
720575940638202345,8,Sugar GRNs,,720575940637790527,720575940611871352,8,11,720575940634721761,720575940650527222,5
720575940638202345,8,Sugar GRNs,,720575940637790527,720575940611871352,8,11,720575940634721761,720575940643539566,5
720575940638202345,8,Sugar GRNs,,720575940637790527,720575940620519083,7,13,720575940629026668,720575940614623455,9
720575940638202345,8,Sugar GRNs,,720575940637790527,720575940620519083,7,13,720575940629026668,720575940603765280,5
720575940638202345,8,Sugar GRNs,,720575940637790527,720575940620519083,7,13,720575940629026668,720575940650527222,5
720575940638202345,8,Sugar GRNs,,720575940637790527,720575940620519083,7,13,720575940629026668,720575940628363820,5
720575940638202345,8,Sugar GRNs,,720575940637790527,720575940620519083,7,13,720575940629026668,720575940622897639,5
720575940638202345,8,Sugar GRNs,,720575940637790527,720575940620519083,7,12,720575940626518474,720575940615911380,6
720575940638202345,8,Sugar GRNs,,720575940637790527,720575940620519083,7,12,720575940626518474,720575940628199802,5
720575940638202345,8,Sugar GRNs,,720575940637790527,720575940620519083,7,11,720575940624795962,720575940643539566,11
720575940638202345,8,Sugar GRNs,,720575940637790527,720575940620519083,7,11,720575940624795962,720575940615043112,6
720575940638202345,8,Sugar GRNs,,720575940637790527,720575940620519083,7,11,720575940624795962,720575940625379859,5
720575940638202345,8,Sugar GRNs,,720575940637790527,720575940620519083,7,10,720575940619025780,720575940628199802,7
720575940638202345,8,Sugar GRNs,,720575940637790527,720575940620519083,7,10,720575940619025780,720575940615911380,5
720575940638202345,8,Sugar GRNs,,720575940637790527,720575940620519083,7,9,720575940615686841,720575940603765280,8
720575940638202345,8,Sugar GRNs,,720575940637790527,720575940620519083,7,9,720575940615686841,720575940615043112,7
720575940638202345,8,Sugar GRNs,,720575940637790527,720575940620519083,7,9,720575940615686841,720575940622897639,7
720575940638202345,8,Sugar GRNs,,720575940637790527,720575940620519083,7,9,720575940615686841,720575940650527222,6
720575940638202345,8,Sugar GRNs,,720575940637790527,720575940620519083,7,9,720575940615686841,720575940612923390,6
720575940638202345,8,Sugar GRNs,,720575940637790527,720575940620519083,7,9,720575940615686841,720575940620628957,5
720575940638202345,8,Sugar GRNs,,720575940637790527,720575940620519083,7,7,720575940631969325,720575940618694827,6
720575940638202345,8,Sugar GRNs,,720575940637790527,720575940620519083,7,7,720575940631969325,720575940628199802,6
720575940638202345,8,Sugar GRNs,,720575940637790527,720575940620519083,7,7,720575940631969325,720575940643539566,5
720575940638202345,8,Sugar GRNs,,720575940637790527,720575940620519083,7,7,720575940631969325,720575940650527222,5
720575940638202345,8,Sugar GRNs,,720575940637790527,720575940620519083,7,7,720575940628903895,720575940623081400,7
720575940638202345,8,Sugar GRNs,,720575940637790527,720575940620519083,7,6,720575940613845516,720575940650527222,13
720575940638202345,8,Sugar GRNs,,720575940637790527,720575940620519083,7,6,720575940613845516,720575940603765280,11
720575940638202345,8,Sugar GRNs,,720575940637790527,720575940620519083,7,6,720575940613845516,720575940614623455,8
720575940638202345,8,Sugar GRNs,,720575940637790527,720575940620519083,7,6,720575940613845516,720575940622897639,8
720575940638202345,8,Sugar GRNs,,720575940637790527,720575940620519083,7,6,720575940613845516,720575940620628957,7
720575940638202345,8,Sugar GRNs,,720575940637790527,720575940620519083,7,6,720575940613845516,720575940628363820,7
720575940638202345,8,Sugar GRNs,,720575940637790527,720575940620519083,7,6,720575940613845516,720575940623081400,5
720575940638202345,8,Sugar GRNs,,720575940637790527,720575940630883343,6,7,720575940613845516,720575940650527222,13
720575940638202345,8,Sugar GRNs,,720575940637790527,720575940630883343,6,7,720575940613845516,720575940603765280,11
720575940638202345,8,Sugar GRNs,,720575940637790527,720575940630883343,6,7,720575940613845516,720575940614623455,8
720575940638202345,8,Sugar GRNs,,720575940637790527,720575940630883343,6,7,720575940613845516,720575940622897639,8
720575940638202345,8,Sugar GRNs,,720575940637790527,720575940630883343,6,7,720575940613845516,720575940620628957,7
720575940638202345,8,Sugar GRNs,,720575940637790527,720575940630883343,6,7,720575940613845516,720575940628363820,7
720575940638202345,8,Sugar GRNs,,720575940637790527,720575940630883343,6,7,720575940613845516,720575940623081400,5
720575940638202345,8,Sugar GRNs,,720575940637790527,720575940630883343,6,7,720575940615686841,720575940603765280,8
720575940638202345,8,Sugar GRNs,,720575940637790527,720575940630883343,6,7,720575940615686841,720575940615043112,7
720575940638202345,8,Sugar GRNs,,720575940637790527,720575940630883343,6,7,720575940615686841,720575940622897639,7
720575940638202345,8,Sugar GRNs,,720575940637790527,720575940630883343,6,7,720575940615686841,720575940650527222,6
720575940638202345,8,Sugar GRNs,,720575940637790527,720575940630883343,6,7,720575940615686841,720575940612923390,6
720575940638202345,8,Sugar GRNs,,720575940637790527,720575940630883343,6,7,720575940615686841,720575940620628957,5
720575940638202345,8,Sugar GRNs,,720575940637790527,720575940621225893,5,19,720575940631969325,720575940618694827,6
720575940638202345,8,Sugar GRNs,,720575940637790527,720575940621225893,5,19,720575940631969325,720575940628199802,6
720575940638202345,8,Sugar GRNs,,720575940637790527,720575940621225893,5,19,720575940631969325,720575940643539566,5
720575940638202345,8,Sugar GRNs,,720575940637790527,720575940621225893,5,19,720575940631969325,720575940650527222,5
720575940638202345,8,Sugar GRNs,,720575940637790527,720575940621225893,5,16,720575940623741795,720575940650527222,16
720575940638202345,8,Sugar GRNs,,720575940637790527,720575940621225893,5,16,720575940623741795,720575940603765280,12
720575940638202345,8,Sugar GRNs,,720575940637790527,720575940621225893,5,16,720575940623741795,720575940628363820,6
720575940638202345,8,Sugar GRNs,,720575940637790527,720575940621225893,5,16,720575940623741795,720575940623081400,6
720575940638202345,8,Sugar GRNs,,720575940637790527,720575940621225893,5,16,720575940623741795,720575940622897639,5
720575940638202345,8,Sugar GRNs,,720575940637790527,720575940621225893,5,16,720575940623741795,720575940614623455,5
720575940638202345,8,Sugar GRNs,,720575940637790527,720575940621225893,5,15,720575940608174894,720575940625379859,16
720575940638202345,8,Sugar GRNs,,720575940637790527,720575940621225893,5,15,720575940608174894,720575940615911380,16
720575940638202345,8,Sugar GRNs,,720575940637790527,720575940621225893,5,15,720575940608174894,720575940612923390,16
720575940638202345,8,Sugar GRNs,,720575940637790527,720575940621225893,5,15,720575940608174894,720575940631884883,8
720575940638202345,8,Sugar GRNs,,720575940637790527,720575940621225893,5,15,720575940608174894,720575940618694827,7
720575940638202345,8,Sugar GRNs,,720575940637790527,720575940621225893,5,15,720575940608174894,720575940628199802,5
720575940638202345,8,Sugar GRNs,,720575940637790527,720575940621225893,5,15,720575940608174894,720575940643539566,5
720575940638202345,8,Sugar GRNs,,720575940637790527,720575940621225893,5,12,720575940619025780,720575940628199802,7
720575940638202345,8,Sugar GRNs,,720575940637790527,720575940621225893,5,12,720575940619025780,720575940615911380,5
720575940638202345,8,Sugar GRNs,,720575940637790527,720575940621225893,5,11,720575940625320530,720575940628199802,10
720575940638202345,8,Sugar GRNs,,720575940637790527,720575940621225893,5,11,720575940625320530,720575940625379859,8
720575940638202345,8,Sugar GRNs,,720575940637790527,720575940621225893,5,11,720575940625320530,720575940612923390,7
720575940638202345,8,Sugar GRNs,,720575940637790527,720575940621225893,5,11,720575940625320530,720575940615043112,6
720575940638202345,8,Sugar GRNs,,720575940637790527,720575940621225893,5,10,720575940624795962,720575940643539566,11
720575940638202345,8,Sugar GRNs,,720575940637790527,720575940621225893,5,10,720575940624795962,720575940615043112,6
720575940638202345,8,Sugar GRNs,,720575940637790527,720575940621225893,5,10,720575940624795962,720575940625379859,5
720575940638202345,8,Sugar GRNs,,720575940637790527,720575940621225893,5,10,720575940625053773,720575940615043112,6
720575940638202345,8,Sugar GRNs,,720575940637790527,720575940621225893,5,10,720575940625053773,720575940603765280,5
720575940638202345,8,Sugar GRNs,,720575940637790527,720575940621225893,5,8,720575940628903895,720575940623081400,7
720575940638202345,8,Sugar GRNs,,720575940637790527,720575940621225893,5,8,720575940637763150,720575940650527222,7
720575940638202345,8,Sugar GRNs,,720575940637790527,720575940621225893,5,8,720575940637763150,720575940623081400,7
720575940638202345,8,Sugar GRNs,,720575940637790527,720575940621225893,5,8,720575940637763150,720575940622897639,6
720575940638202345,8,Sugar GRNs,,720575940637790527,720575940621225893,5,8,720575940637763150,720575940628363820,5
720575940638202345,8,Sugar GRNs,,720575940637790527,720575940621225893,5,7,720575940615686841,720575940603765280,8
720575940638202345,8,Sugar GRNs,,720575940637790527,720575940621225893,5,7,720575940615686841,720575940615043112,7
720575940638202345,8,Sugar GRNs,,720575940637790527,720575940621225893,5,7,720575940615686841,720575940622897639,7
720575940638202345,8,Sugar GRNs,,720575940637790527,720575940621225893,5,7,720575940615686841,720575940650527222,6
720575940638202345,8,Sugar GRNs,,720575940637790527,720575940621225893,5,7,720575940615686841,720575940612923390,6
720575940638202345,8,Sugar GRNs,,720575940637790527,720575940621225893,5,7,720575940615686841,720575940620628957,5
720575940638202345,8,Sugar GRNs,,720575940637790527,720575940621225893,5,6,720575940629026668,720575940614623455,9
720575940638202345,8,Sugar GRNs,,720575940637790527,720575940621225893,5,6,720575940629026668,720575940603765280,5
720575940638202345,8,Sugar GRNs,,720575940637790527,720575940621225893,5,6,720575940629026668,720575940650527222,5
720575940638202345,8,Sugar GRNs,,720575940637790527,720575940621225893,5,6,720575940629026668,720575940628363820,5
720575940638202345,8,Sugar GRNs,,720575940637790527,720575940621225893,5,6,720575940629026668,720575940622897639,5
720575940621754367,8,Sugar GRNs,,720575940632648612,720575940632873261,38,7,720575940644948771,720575940632436307,30
720575940621754367,8,Sugar GRNs,,720575940632648612,720575940632873261,38,6,720575940610708430,720575940650527222,56
720575940621754367,8,Sugar GRNs,,720575940632648612,720575940632873261,38,6,720575940610708430,720575940603765280,45
720575940621754367,8,Sugar GRNs,,720575940632648612,720575940632873261,38,6,720575940610708430,720575940615043112,44
720575940621754367,8,Sugar GRNs,,720575940632648612,720575940632873261,38,6,720575940610708430,720575940612923390,36
720575940621754367,8,Sugar GRNs,,720575940632648612,720575940632873261,38,6,720575940610708430,720575940625379859,31
720575940621754367,8,Sugar GRNs,,720575940632648612,720575940632873261,38,6,720575940610708430,720575940622897639,30
720575940621754367,8,Sugar GRNs,,720575940632648612,720575940632873261,38,6,720575940610708430,720575940628199802,28
720575940621754367,8,Sugar GRNs,,720575940632648612,720575940632873261,38,6,720575940610708430,720575940643539566,27
720575940621754367,8,Sugar GRNs,,720575940632648612,720575940632873261,38,6,720575940610708430,720575940620628957,27
720575940621754367,8,Sugar GRNs,,720575940632648612,720575940632873261,38,6,720575940610708430,720575940631884883,26
720575940621754367,8,Sugar GRNs,,720575940632648612,720575940632873261,38,6,720575940610708430,720575940624064295,25
720575940621754367,8,Sugar GRNs,,720575940632648612,720575940632873261,38,6,720575940610708430,720575940632436307,25
720575940621754367,8,Sugar GRNs,,720575940632648612,720575940632873261,38,6,720575940610708430,720575940623081400,24
720575940621754367,8,Sugar GRNs,,720575940632648612,720575940632873261,38,6,720575940610708430,720575940628363820,22
720575940621754367,8,Sugar GRNs,,720575940632648612,720575940632873261,38,6,720575940610708430,720575940618694827,17
720575940621754367,8,Sugar GRNs,,720575940632648612,720575940632873261,38,6,720575940610708430,720575940614623455,17
720575940621754367,8,Sugar GRNs,,720575940632648612,720575940632873261,38,6,720575940610708430,720575940611254681,13
720575940621754367,8,Sugar GRNs,,720575940632648612,720575940632873261,38,6,720575940610708430,720575940615911380,6
720575940621754367,8,Sugar GRNs,,720575940632648612,720575940628683063,28,19,720575940642715040,720575940632436307,8
720575940621754367,8,Sugar GRNs,,720575940632648612,720575940628683063,28,6,720575940610708430,720575940650527222,56
720575940621754367,8,Sugar GRNs,,720575940632648612,720575940628683063,28,6,720575940610708430,720575940603765280,45
720575940621754367,8,Sugar GRNs,,720575940632648612,720575940628683063,28,6,720575940610708430,720575940615043112,44
720575940621754367,8,Sugar GRNs,,720575940632648612,720575940628683063,28,6,720575940610708430,720575940612923390,36
720575940621754367,8,Sugar GRNs,,720575940632648612,720575940628683063,28,6,720575940610708430,720575940625379859,31
720575940621754367,8,Sugar GRNs,,720575940632648612,720575940628683063,28,6,720575940610708430,720575940622897639,30
720575940621754367,8,Sugar GRNs,,720575940632648612,720575940628683063,28,6,720575940610708430,720575940628199802,28
720575940621754367,8,Sugar GRNs,,720575940632648612,720575940628683063,28,6,720575940610708430,720575940643539566,27
720575940621754367,8,Sugar GRNs,,720575940632648612,720575940628683063,28,6,720575940610708430,720575940620628957,27
720575940621754367,8,Sugar GRNs,,720575940632648612,720575940628683063,28,6,720575940610708430,720575940631884883,26
720575940621754367,8,Sugar GRNs,,720575940632648612,720575940628683063,28,6,720575940610708430,720575940624064295,25
720575940621754367,8,Sugar GRNs,,720575940632648612,720575940628683063,28,6,720575940610708430,720575940632436307,25
720575940621754367,8,Sugar GRNs,,720575940632648612,720575940628683063,28,6,720575940610708430,720575940623081400,24
720575940621754367,8,Sugar GRNs,,720575940632648612,720575940628683063,28,6,720575940610708430,720575940628363820,22
720575940621754367,8,Sugar GRNs,,720575940632648612,720575940628683063,28,6,720575940610708430,720575940618694827,17
720575940621754367,8,Sugar GRNs,,720575940632648612,720575940628683063,28,6,720575940610708430,720575940614623455,17
720575940621754367,8,Sugar GRNs,,720575940632648612,720575940628683063,28,6,720575940610708430,720575940611254681,13
720575940621754367,8,Sugar GRNs,,720575940632648612,720575940628683063,28,6,720575940610708430,720575940615911380,6
720575940621754367,8,Sugar GRNs,,720575940632648612,720575940632146340,13,6,720575940633711028,720575940618694827,10
720575940621754367,8,Sugar GRNs,,720575940632648612,720575940632146340,13,6,720575940633711028,720575940615911380,5
720575940621754367,8,Sugar GRNs,,720575940632648612,720575940629317450,12,7,720575940619025780,720575940628199802,7
720575940621754367,8,Sugar GRNs,,720575940632648612,720575940629317450,12,7,720575940619025780,720575940615911380,5
720575940621754367,8,Sugar GRNs,,720575940632648612,720575940629317450,12,6,720575940630311528,720575940623081400,5
720575940621754367,8,Sugar GRNs,,720575940632648612,720575940629317450,12,6,720575940630311528,720575940620628957,5
720575940621754367,8,Sugar GRNs,,720575940632648612,720575940634683743,10,5,720575940633711028,720575940618694827,10
720575940621754367,8,Sugar GRNs,,720575940632648612,720575940634683743,10,5,720575940633711028,720575940615911380,5
720575940621754367,8,Sugar GRNs,,720575940632648612,720575940629211607,8,5,720575940630311528,720575940623081400,5
720575940621754367,8,Sugar GRNs,,720575940632648612,720575940629211607,8,5,720575940630311528,720575940620628957,5
720575940621754367,8,Sugar GRNs,,720575940632648612,720575940614273292,7,7,720575940630311528,720575940623081400,5
720575940621754367,8,Sugar GRNs,,720575940632648612,720575940614273292,7,7,720575940630311528,720575940620628957,5
720575940621754367,8,Sugar GRNs,,720575940632648612,720575940614273292,7,5,720575940626146125,720575940650527222,11
720575940621754367,8,Sugar GRNs,,720575940632648612,720575940614273292,7,5,720575940626146125,720575940622897639,6
720575940621754367,8,Sugar GRNs,,720575940632648612,720575940621736669,6,5,720575940626021052,720575940628199802,9
720575940621754367,8,Sugar GRNs,,720575940632648612,720575940621736669,6,5,720575940626021052,720575940618694827,5
720575940621754367,8,Sugar GRNs,,720575940632648612,720575940636574388,6,6,720575940610708430,720575940650527222,56
720575940621754367,8,Sugar GRNs,,720575940632648612,720575940636574388,6,6,720575940610708430,720575940603765280,45
720575940621754367,8,Sugar GRNs,,720575940632648612,720575940636574388,6,6,720575940610708430,720575940615043112,44
720575940621754367,8,Sugar GRNs,,720575940632648612,720575940636574388,6,6,720575940610708430,720575940612923390,36
720575940621754367,8,Sugar GRNs,,720575940632648612,720575940636574388,6,6,720575940610708430,720575940625379859,31
720575940621754367,8,Sugar GRNs,,720575940632648612,720575940636574388,6,6,720575940610708430,720575940622897639,30
720575940621754367,8,Sugar GRNs,,720575940632648612,720575940636574388,6,6,720575940610708430,720575940628199802,28
720575940621754367,8,Sugar GRNs,,720575940632648612,720575940636574388,6,6,720575940610708430,720575940643539566,27
720575940621754367,8,Sugar GRNs,,720575940632648612,720575940636574388,6,6,720575940610708430,720575940620628957,27
720575940621754367,8,Sugar GRNs,,720575940632648612,720575940636574388,6,6,720575940610708430,720575940631884883,26
720575940621754367,8,Sugar GRNs,,720575940632648612,720575940636574388,6,6,720575940610708430,720575940624064295,25
720575940621754367,8,Sugar GRNs,,720575940632648612,720575940636574388,6,6,720575940610708430,720575940632436307,25
720575940621754367,8,Sugar GRNs,,720575940632648612,720575940636574388,6,6,720575940610708430,720575940623081400,24
720575940621754367,8,Sugar GRNs,,720575940632648612,720575940636574388,6,6,720575940610708430,720575940628363820,22
720575940621754367,8,Sugar GRNs,,720575940632648612,720575940636574388,6,6,720575940610708430,720575940618694827,17
720575940621754367,8,Sugar GRNs,,720575940632648612,720575940636574388,6,6,720575940610708430,720575940614623455,17
720575940621754367,8,Sugar GRNs,,720575940632648612,720575940636574388,6,6,720575940610708430,720575940611254681,13
720575940621754367,8,Sugar GRNs,,720575940632648612,720575940636574388,6,6,720575940610708430,720575940615911380,6
720575940621754367,8,Sugar GRNs,,720575940632648612,720575940637580102,6,6,720575940633711028,720575940618694827,10
720575940621754367,8,Sugar GRNs,,720575940632648612,720575940637580102,6,6,720575940633711028,720575940615911380,5
720575940621754367,8,Sugar GRNs,,720575940632648612,720575940632636959,5,6,720575940631309866,720575940611254681,8
720575940638202345,8,Sugar GRNs,,720575940625178768,720575940630664556,129,5,720575940631915801,720575940615043112,5
720575940638202345,8,Sugar GRNs,,720575940625178768,720575940626308697,47,84,720575940610708430,720575940650527222,56
720575940638202345,8,Sugar GRNs,,720575940625178768,720575940626308697,47,84,720575940610708430,720575940603765280,45
720575940638202345,8,Sugar GRNs,,720575940625178768,720575940626308697,47,84,720575940610708430,720575940615043112,44
720575940638202345,8,Sugar GRNs,,720575940625178768,720575940626308697,47,84,720575940610708430,720575940612923390,36
720575940638202345,8,Sugar GRNs,,720575940625178768,720575940626308697,47,84,720575940610708430,720575940625379859,31
720575940638202345,8,Sugar GRNs,,720575940625178768,720575940626308697,47,84,720575940610708430,720575940622897639,30
720575940638202345,8,Sugar GRNs,,720575940625178768,720575940626308697,47,84,720575940610708430,720575940628199802,28
720575940638202345,8,Sugar GRNs,,720575940625178768,720575940626308697,47,84,720575940610708430,720575940643539566,27
720575940638202345,8,Sugar GRNs,,720575940625178768,720575940626308697,47,84,720575940610708430,720575940620628957,27
720575940638202345,8,Sugar GRNs,,720575940625178768,720575940626308697,47,84,720575940610708430,720575940631884883,26
720575940638202345,8,Sugar GRNs,,720575940625178768,720575940626308697,47,84,720575940610708430,720575940624064295,25
720575940638202345,8,Sugar GRNs,,720575940625178768,720575940626308697,47,84,720575940610708430,720575940632436307,25
720575940638202345,8,Sugar GRNs,,720575940625178768,720575940626308697,47,84,720575940610708430,720575940623081400,24
720575940638202345,8,Sugar GRNs,,720575940625178768,720575940626308697,47,84,720575940610708430,720575940628363820,22
720575940638202345,8,Sugar GRNs,,720575940625178768,720575940626308697,47,84,720575940610708430,720575940618694827,17
720575940638202345,8,Sugar GRNs,,720575940625178768,720575940626308697,47,84,720575940610708430,720575940614623455,17
720575940638202345,8,Sugar GRNs,,720575940625178768,720575940626308697,47,84,720575940610708430,720575940611254681,13
720575940638202345,8,Sugar GRNs,,720575940625178768,720575940626308697,47,84,720575940610708430,720575940615911380,6
720575940638202345,8,Sugar GRNs,,720575940625178768,720575940632602532,39,8,720575940614950194,720575940628363820,9
720575940638202345,8,Sugar GRNs,,720575940625178768,720575940632602532,39,8,720575940614950194,720575940625379859,5
720575940638202345,8,Sugar GRNs,,720575940625178768,720575940620170887,7,5,720575940622834411,720575940612923390,7
720575940637568838,8,Sugar GRNs,,720575940647033396,720575940633165980,16,5,720575940630349905,720575940612923390,13
720575940637568838,8,Sugar GRNs,,720575940647033396,720575940633165980,16,5,720575940630349905,720575940628199802,12
720575940637568838,8,Sugar GRNs,,720575940647033396,720575940633165980,16,5,720575940630349905,720575940643539566,12
720575940637568838,8,Sugar GRNs,,720575940647033396,720575940633165980,16,5,720575940630349905,720575940615911380,9
720575940637568838,8,Sugar GRNs,,720575940647033396,720575940633165980,16,5,720575940630349905,720575940631884883,9
720575940637568838,8,Sugar GRNs,,720575940647033396,720575940633165980,16,5,720575940630349905,720575940625379859,8
720575940637568838,8,Sugar GRNs,,720575940647033396,720575940633165980,16,5,720575940630349905,720575940624064295,6
720575940637568838,8,Sugar GRNs,,720575940647033396,720575940633165980,16,5,720575940630349905,720575940615043112,5
720575940637568838,8,Sugar GRNs,,720575940647033396,720575940629317450,13,7,720575940619025780,720575940628199802,7
720575940637568838,8,Sugar GRNs,,720575940647033396,720575940629317450,13,7,720575940619025780,720575940615911380,5
720575940637568838,8,Sugar GRNs,,720575940647033396,720575940629317450,13,6,720575940630311528,720575940623081400,5
720575940637568838,8,Sugar GRNs,,720575940647033396,720575940629317450,13,6,720575940630311528,720575940620628957,5
720575940637568838,8,Sugar GRNs,,720575940647033396,720575940618788944,9,7,720575940626146125,720575940650527222,11
720575940637568838,8,Sugar GRNs,,720575940647033396,720575940618788944,9,7,720575940626146125,720575940622897639,6
720575940637568838,8,Sugar GRNs,,720575940647033396,720575940618788944,9,5,720575940630311528,720575940623081400,5
720575940637568838,8,Sugar GRNs,,720575940647033396,720575940618788944,9,5,720575940630311528,720575940620628957,5
720575940637568838,8,Sugar GRNs,,720575940647033396,720575940618788944,9,5,720575940627492866,720575940650527222,11
720575940637568838,8,Sugar GRNs,,720575940647033396,720575940618788944,9,5,720575940627492866,720575940603765280,10
720575940637568838,8,Sugar GRNs,,720575940647033396,720575940618788944,9,5,720575940627492866,720575940623081400,5
720575940637568838,8,Sugar GRNs,,720575940647033396,720575940621736669,8,5,720575940626021052,720575940628199802,9
720575940637568838,8,Sugar GRNs,,720575940647033396,720575940621736669,8,5,720575940626021052,720575940618694827,5
720575940637568838,8,Sugar GRNs,,720575940647033396,720575940635816926,7,5,720575940633711028,720575940618694827,10
720575940637568838,8,Sugar GRNs,,720575940647033396,720575940635816926,7,5,720575940633711028,720575940615911380,5
720575940637568838,8,Sugar GRNs,,720575940647033396,720575940620181825,5,9,720575940622160705,720575940628363820,5
720575940630233916,8,Sugar GRNs,,720575940642335373,720575940629317450,14,7,720575940619025780,720575940628199802,7
720575940630233916,8,Sugar GRNs,,720575940642335373,720575940629317450,14,7,720575940619025780,720575940615911380,5
720575940630233916,8,Sugar GRNs,,720575940642335373,720575940629317450,14,6,720575940630311528,720575940623081400,5
720575940630233916,8,Sugar GRNs,,720575940642335373,720575940629317450,14,6,720575940630311528,720575940620628957,5
720575940630233916,8,Sugar GRNs,,720575940642335373,720575940621736669,9,5,720575940626021052,720575940628199802,9
720575940630233916,8,Sugar GRNs,,720575940642335373,720575940621736669,9,5,720575940626021052,720575940618694827,5
720575940630233916,8,Sugar GRNs,,720575940642335373,720575940641536987,7,5,720575940634721761,720575940650527222,5
720575940630233916,8,Sugar GRNs,,720575940642335373,720575940641536987,7,5,720575940634721761,720575940643539566,5
720575940637568838,8,Sugar GRNs,,720575940625178768,720575940630664556,129,5,720575940631915801,720575940615043112,5
720575940637568838,8,Sugar GRNs,,720575940625178768,720575940626308697,47,84,720575940610708430,720575940650527222,56
720575940637568838,8,Sugar GRNs,,720575940625178768,720575940626308697,47,84,720575940610708430,720575940603765280,45
720575940637568838,8,Sugar GRNs,,720575940625178768,720575940626308697,47,84,720575940610708430,720575940615043112,44
720575940637568838,8,Sugar GRNs,,720575940625178768,720575940626308697,47,84,720575940610708430,720575940612923390,36
720575940637568838,8,Sugar GRNs,,720575940625178768,720575940626308697,47,84,720575940610708430,720575940625379859,31
720575940637568838,8,Sugar GRNs,,720575940625178768,720575940626308697,47,84,720575940610708430,720575940622897639,30
720575940637568838,8,Sugar GRNs,,720575940625178768,720575940626308697,47,84,720575940610708430,720575940628199802,28
720575940637568838,8,Sugar GRNs,,720575940625178768,720575940626308697,47,84,720575940610708430,720575940643539566,27
720575940637568838,8,Sugar GRNs,,720575940625178768,720575940626308697,47,84,720575940610708430,720575940620628957,27
720575940637568838,8,Sugar GRNs,,720575940625178768,720575940626308697,47,84,720575940610708430,720575940631884883,26
720575940637568838,8,Sugar GRNs,,720575940625178768,720575940626308697,47,84,720575940610708430,720575940624064295,25
720575940637568838,8,Sugar GRNs,,720575940625178768,720575940626308697,47,84,720575940610708430,720575940632436307,25
720575940637568838,8,Sugar GRNs,,720575940625178768,720575940626308697,47,84,720575940610708430,720575940623081400,24
720575940637568838,8,Sugar GRNs,,720575940625178768,720575940626308697,47,84,720575940610708430,720575940628363820,22
720575940637568838,8,Sugar GRNs,,720575940625178768,720575940626308697,47,84,720575940610708430,720575940618694827,17
720575940637568838,8,Sugar GRNs,,720575940625178768,720575940626308697,47,84,720575940610708430,720575940614623455,17
720575940637568838,8,Sugar GRNs,,720575940625178768,720575940626308697,47,84,720575940610708430,720575940611254681,13
720575940637568838,8,Sugar GRNs,,720575940625178768,720575940626308697,47,84,720575940610708430,720575940615911380,6
720575940637568838,8,Sugar GRNs,,720575940625178768,720575940632602532,39,8,720575940614950194,720575940628363820,9
720575940637568838,8,Sugar GRNs,,720575940625178768,720575940632602532,39,8,720575940614950194,720575940625379859,5
720575940637568838,8,Sugar GRNs,,720575940625178768,720575940620170887,7,5,720575940622834411,720575940612923390,7
720575940628853239,8,Sugar GRNs,,720575940641366517,720575940628683063,45,19,720575940642715040,720575940632436307,8
720575940628853239,8,Sugar GRNs,,720575940641366517,720575940628683063,45,6,720575940610708430,720575940650527222,56
720575940628853239,8,Sugar GRNs,,720575940641366517,720575940628683063,45,6,720575940610708430,720575940603765280,45
720575940628853239,8,Sugar GRNs,,720575940641366517,720575940628683063,45,6,720575940610708430,720575940615043112,44
720575940628853239,8,Sugar GRNs,,720575940641366517,720575940628683063,45,6,720575940610708430,720575940612923390,36
720575940628853239,8,Sugar GRNs,,720575940641366517,720575940628683063,45,6,720575940610708430,720575940625379859,31
720575940628853239,8,Sugar GRNs,,720575940641366517,720575940628683063,45,6,720575940610708430,720575940622897639,30
720575940628853239,8,Sugar GRNs,,720575940641366517,720575940628683063,45,6,720575940610708430,720575940628199802,28
720575940628853239,8,Sugar GRNs,,720575940641366517,720575940628683063,45,6,720575940610708430,720575940643539566,27
720575940628853239,8,Sugar GRNs,,720575940641366517,720575940628683063,45,6,720575940610708430,720575940620628957,27
720575940628853239,8,Sugar GRNs,,720575940641366517,720575940628683063,45,6,720575940610708430,720575940631884883,26
720575940628853239,8,Sugar GRNs,,720575940641366517,720575940628683063,45,6,720575940610708430,720575940624064295,25
720575940628853239,8,Sugar GRNs,,720575940641366517,720575940628683063,45,6,720575940610708430,720575940632436307,25
720575940628853239,8,Sugar GRNs,,720575940641366517,720575940628683063,45,6,720575940610708430,720575940623081400,24
720575940628853239,8,Sugar GRNs,,720575940641366517,720575940628683063,45,6,720575940610708430,720575940628363820,22
720575940628853239,8,Sugar GRNs,,720575940641366517,720575940628683063,45,6,720575940610708430,720575940618694827,17
720575940628853239,8,Sugar GRNs,,720575940641366517,720575940628683063,45,6,720575940610708430,720575940614623455,17
720575940628853239,8,Sugar GRNs,,720575940641366517,720575940628683063,45,6,720575940610708430,720575940611254681,13
720575940628853239,8,Sugar GRNs,,720575940641366517,720575940628683063,45,6,720575940610708430,720575940615911380,6
720575940628853239,8,Sugar GRNs,,720575940641366517,720575940632873261,45,7,720575940644948771,720575940632436307,30
720575940628853239,8,Sugar GRNs,,720575940641366517,720575940632873261,45,6,720575940610708430,720575940650527222,56
720575940628853239,8,Sugar GRNs,,720575940641366517,720575940632873261,45,6,720575940610708430,720575940603765280,45
720575940628853239,8,Sugar GRNs,,720575940641366517,720575940632873261,45,6,720575940610708430,720575940615043112,44
720575940628853239,8,Sugar GRNs,,720575940641366517,720575940632873261,45,6,720575940610708430,720575940612923390,36
720575940628853239,8,Sugar GRNs,,720575940641366517,720575940632873261,45,6,720575940610708430,720575940625379859,31
720575940628853239,8,Sugar GRNs,,720575940641366517,720575940632873261,45,6,720575940610708430,720575940622897639,30
720575940628853239,8,Sugar GRNs,,720575940641366517,720575940632873261,45,6,720575940610708430,720575940628199802,28
720575940628853239,8,Sugar GRNs,,720575940641366517,720575940632873261,45,6,720575940610708430,720575940643539566,27
720575940628853239,8,Sugar GRNs,,720575940641366517,720575940632873261,45,6,720575940610708430,720575940620628957,27
720575940628853239,8,Sugar GRNs,,720575940641366517,720575940632873261,45,6,720575940610708430,720575940631884883,26
720575940628853239,8,Sugar GRNs,,720575940641366517,720575940632873261,45,6,720575940610708430,720575940624064295,25
720575940628853239,8,Sugar GRNs,,720575940641366517,720575940632873261,45,6,720575940610708430,720575940632436307,25
720575940628853239,8,Sugar GRNs,,720575940641366517,720575940632873261,45,6,720575940610708430,720575940623081400,24
720575940628853239,8,Sugar GRNs,,720575940641366517,720575940632873261,45,6,720575940610708430,720575940628363820,22
720575940628853239,8,Sugar GRNs,,720575940641366517,720575940632873261,45,6,720575940610708430,720575940618694827,17
720575940628853239,8,Sugar GRNs,,720575940641366517,720575940632873261,45,6,720575940610708430,720575940614623455,17
720575940628853239,8,Sugar GRNs,,720575940641366517,720575940632873261,45,6,720575940610708430,720575940611254681,13
720575940628853239,8,Sugar GRNs,,720575940641366517,720575940632873261,45,6,720575940610708430,720575940615911380,6
720575940628853239,8,Sugar GRNs,,720575940641366517,720575940632636959,16,6,720575940631309866,720575940611254681,8
720575940628853239,8,Sugar GRNs,,720575940641366517,720575940621736669,15,5,720575940626021052,720575940628199802,9
720575940628853239,8,Sugar GRNs,,720575940641366517,720575940621736669,15,5,720575940626021052,720575940618694827,5
720575940628853239,8,Sugar GRNs,,720575940641366517,720575940629317450,15,7,720575940619025780,720575940628199802,7
720575940628853239,8,Sugar GRNs,,720575940641366517,720575940629317450,15,7,720575940619025780,720575940615911380,5
720575940628853239,8,Sugar GRNs,,720575940641366517,720575940629317450,15,6,720575940630311528,720575940623081400,5
720575940628853239,8,Sugar GRNs,,720575940641366517,720575940629317450,15,6,720575940630311528,720575940620628957,5
720575940630233916,7,Sugar GRNs,,720575940641366517,720575940628683063,45,19,720575940642715040,720575940632436307,8
720575940630233916,7,Sugar GRNs,,720575940641366517,720575940628683063,45,6,720575940610708430,720575940650527222,56
720575940630233916,7,Sugar GRNs,,720575940641366517,720575940628683063,45,6,720575940610708430,720575940603765280,45
720575940630233916,7,Sugar GRNs,,720575940641366517,720575940628683063,45,6,720575940610708430,720575940615043112,44
720575940630233916,7,Sugar GRNs,,720575940641366517,720575940628683063,45,6,720575940610708430,720575940612923390,36
720575940630233916,7,Sugar GRNs,,720575940641366517,720575940628683063,45,6,720575940610708430,720575940625379859,31
720575940630233916,7,Sugar GRNs,,720575940641366517,720575940628683063,45,6,720575940610708430,720575940622897639,30
720575940630233916,7,Sugar GRNs,,720575940641366517,720575940628683063,45,6,720575940610708430,720575940628199802,28
720575940630233916,7,Sugar GRNs,,720575940641366517,720575940628683063,45,6,720575940610708430,720575940643539566,27
720575940630233916,7,Sugar GRNs,,720575940641366517,720575940628683063,45,6,720575940610708430,720575940620628957,27
720575940630233916,7,Sugar GRNs,,720575940641366517,720575940628683063,45,6,720575940610708430,720575940631884883,26
720575940630233916,7,Sugar GRNs,,720575940641366517,720575940628683063,45,6,720575940610708430,720575940624064295,25
720575940630233916,7,Sugar GRNs,,720575940641366517,720575940628683063,45,6,720575940610708430,720575940632436307,25
720575940630233916,7,Sugar GRNs,,720575940641366517,720575940628683063,45,6,720575940610708430,720575940623081400,24
720575940630233916,7,Sugar GRNs,,720575940641366517,720575940628683063,45,6,720575940610708430,720575940628363820,22
720575940630233916,7,Sugar GRNs,,720575940641366517,720575940628683063,45,6,720575940610708430,720575940618694827,17
720575940630233916,7,Sugar GRNs,,720575940641366517,720575940628683063,45,6,720575940610708430,720575940614623455,17
720575940630233916,7,Sugar GRNs,,720575940641366517,720575940628683063,45,6,720575940610708430,720575940611254681,13
720575940630233916,7,Sugar GRNs,,720575940641366517,720575940628683063,45,6,720575940610708430,720575940615911380,6
720575940630233916,7,Sugar GRNs,,720575940641366517,720575940632873261,45,7,720575940644948771,720575940632436307,30
720575940630233916,7,Sugar GRNs,,720575940641366517,720575940632873261,45,6,720575940610708430,720575940650527222,56
720575940630233916,7,Sugar GRNs,,720575940641366517,720575940632873261,45,6,720575940610708430,720575940603765280,45
720575940630233916,7,Sugar GRNs,,720575940641366517,720575940632873261,45,6,720575940610708430,720575940615043112,44
720575940630233916,7,Sugar GRNs,,720575940641366517,720575940632873261,45,6,720575940610708430,720575940612923390,36
720575940630233916,7,Sugar GRNs,,720575940641366517,720575940632873261,45,6,720575940610708430,720575940625379859,31
720575940630233916,7,Sugar GRNs,,720575940641366517,720575940632873261,45,6,720575940610708430,720575940622897639,30
720575940630233916,7,Sugar GRNs,,720575940641366517,720575940632873261,45,6,720575940610708430,720575940628199802,28
720575940630233916,7,Sugar GRNs,,720575940641366517,720575940632873261,45,6,720575940610708430,720575940643539566,27
720575940630233916,7,Sugar GRNs,,720575940641366517,720575940632873261,45,6,720575940610708430,720575940620628957,27
720575940630233916,7,Sugar GRNs,,720575940641366517,720575940632873261,45,6,720575940610708430,720575940631884883,26
720575940630233916,7,Sugar GRNs,,720575940641366517,720575940632873261,45,6,720575940610708430,720575940624064295,25
720575940630233916,7,Sugar GRNs,,720575940641366517,720575940632873261,45,6,720575940610708430,720575940632436307,25
720575940630233916,7,Sugar GRNs,,720575940641366517,720575940632873261,45,6,720575940610708430,720575940623081400,24
720575940630233916,7,Sugar GRNs,,720575940641366517,720575940632873261,45,6,720575940610708430,720575940628363820,22
720575940630233916,7,Sugar GRNs,,720575940641366517,720575940632873261,45,6,720575940610708430,720575940618694827,17
720575940630233916,7,Sugar GRNs,,720575940641366517,720575940632873261,45,6,720575940610708430,720575940614623455,17
720575940630233916,7,Sugar GRNs,,720575940641366517,720575940632873261,45,6,720575940610708430,720575940611254681,13
720575940630233916,7,Sugar GRNs,,720575940641366517,720575940632873261,45,6,720575940610708430,720575940615911380,6
720575940630233916,7,Sugar GRNs,,720575940641366517,720575940632636959,16,6,720575940631309866,720575940611254681,8
720575940630233916,7,Sugar GRNs,,720575940641366517,720575940621736669,15,5,720575940626021052,720575940628199802,9
720575940630233916,7,Sugar GRNs,,720575940641366517,720575940621736669,15,5,720575940626021052,720575940618694827,5
720575940630233916,7,Sugar GRNs,,720575940641366517,720575940629317450,15,7,720575940619025780,720575940628199802,7
720575940630233916,7,Sugar GRNs,,720575940641366517,720575940629317450,15,7,720575940619025780,720575940615911380,5
720575940630233916,7,Sugar GRNs,,720575940641366517,720575940629317450,15,6,720575940630311528,720575940623081400,5
720575940630233916,7,Sugar GRNs,,720575940641366517,720575940629317450,15,6,720575940630311528,720575940620628957,5
720575940640649691,7,Sugar GRNs,,720575940626191306,720575940647606148,10,6,720575940622160705,720575940628363820,5
720575940640649691,7,Sugar GRNs,,720575940626191306,720575940626308697,5,84,720575940610708430,720575940650527222,56
720575940640649691,7,Sugar GRNs,,720575940626191306,720575940626308697,5,84,720575940610708430,720575940603765280,45
720575940640649691,7,Sugar GRNs,,720575940626191306,720575940626308697,5,84,720575940610708430,720575940615043112,44
720575940640649691,7,Sugar GRNs,,720575940626191306,720575940626308697,5,84,720575940610708430,720575940612923390,36
720575940640649691,7,Sugar GRNs,,720575940626191306,720575940626308697,5,84,720575940610708430,720575940625379859,31
720575940640649691,7,Sugar GRNs,,720575940626191306,720575940626308697,5,84,720575940610708430,720575940622897639,30
720575940640649691,7,Sugar GRNs,,720575940626191306,720575940626308697,5,84,720575940610708430,720575940628199802,28
720575940640649691,7,Sugar GRNs,,720575940626191306,720575940626308697,5,84,720575940610708430,720575940643539566,27
720575940640649691,7,Sugar GRNs,,720575940626191306,720575940626308697,5,84,720575940610708430,720575940620628957,27
720575940640649691,7,Sugar GRNs,,720575940626191306,720575940626308697,5,84,720575940610708430,720575940631884883,26
720575940640649691,7,Sugar GRNs,,720575940626191306,720575940626308697,5,84,720575940610708430,720575940624064295,25
720575940640649691,7,Sugar GRNs,,720575940626191306,720575940626308697,5,84,720575940610708430,720575940632436307,25
720575940640649691,7,Sugar GRNs,,720575940626191306,720575940626308697,5,84,720575940610708430,720575940623081400,24
720575940640649691,7,Sugar GRNs,,720575940626191306,720575940626308697,5,84,720575940610708430,720575940628363820,22
720575940640649691,7,Sugar GRNs,,720575940626191306,720575940626308697,5,84,720575940610708430,720575940618694827,17
720575940640649691,7,Sugar GRNs,,720575940626191306,720575940626308697,5,84,720575940610708430,720575940614623455,17
720575940640649691,7,Sugar GRNs,,720575940626191306,720575940626308697,5,84,720575940610708430,720575940611254681,13
720575940640649691,7,Sugar GRNs,,720575940626191306,720575940626308697,5,84,720575940610708430,720575940615911380,6
720575940640649691,7,Sugar GRNs,,720575940622116705,720575940635210859,7,7,720575940631309866,720575940611254681,8
720575940640649691,7,Sugar GRNs,,720575940622116705,720575940636574388,5,6,720575940610708430,720575940650527222,56
720575940640649691,7,Sugar GRNs,,720575940622116705,720575940636574388,5,6,720575940610708430,720575940603765280,45
720575940640649691,7,Sugar GRNs,,720575940622116705,720575940636574388,5,6,720575940610708430,720575940615043112,44
720575940640649691,7,Sugar GRNs,,720575940622116705,720575940636574388,5,6,720575940610708430,720575940612923390,36
720575940640649691,7,Sugar GRNs,,720575940622116705,720575940636574388,5,6,720575940610708430,720575940625379859,31
720575940640649691,7,Sugar GRNs,,720575940622116705,720575940636574388,5,6,720575940610708430,720575940622897639,30
720575940640649691,7,Sugar GRNs,,720575940622116705,720575940636574388,5,6,720575940610708430,720575940628199802,28
720575940640649691,7,Sugar GRNs,,720575940622116705,720575940636574388,5,6,720575940610708430,720575940643539566,27
720575940640649691,7,Sugar GRNs,,720575940622116705,720575940636574388,5,6,720575940610708430,720575940620628957,27
720575940640649691,7,Sugar GRNs,,720575940622116705,720575940636574388,5,6,720575940610708430,720575940631884883,26
720575940640649691,7,Sugar GRNs,,720575940622116705,720575940636574388,5,6,720575940610708430,720575940624064295,25
720575940640649691,7,Sugar GRNs,,720575940622116705,720575940636574388,5,6,720575940610708430,720575940632436307,25
720575940640649691,7,Sugar GRNs,,720575940622116705,720575940636574388,5,6,720575940610708430,720575940623081400,24
720575940640649691,7,Sugar GRNs,,720575940622116705,720575940636574388,5,6,720575940610708430,720575940628363820,22
720575940640649691,7,Sugar GRNs,,720575940622116705,720575940636574388,5,6,720575940610708430,720575940618694827,17
720575940640649691,7,Sugar GRNs,,720575940622116705,720575940636574388,5,6,720575940610708430,720575940614623455,17
720575940640649691,7,Sugar GRNs,,720575940622116705,720575940636574388,5,6,720575940610708430,720575940611254681,13
720575940640649691,7,Sugar GRNs,,720575940622116705,720575940636574388,5,6,720575940610708430,720575940615911380,6
720575940621754367,7,Sugar GRNs,,720575940622116705,720575940635210859,7,7,720575940631309866,720575940611254681,8
720575940621754367,7,Sugar GRNs,,720575940622116705,720575940636574388,5,6,720575940610708430,720575940650527222,56
720575940621754367,7,Sugar GRNs,,720575940622116705,720575940636574388,5,6,720575940610708430,720575940603765280,45
720575940621754367,7,Sugar GRNs,,720575940622116705,720575940636574388,5,6,720575940610708430,720575940615043112,44
720575940621754367,7,Sugar GRNs,,720575940622116705,720575940636574388,5,6,720575940610708430,720575940612923390,36
720575940621754367,7,Sugar GRNs,,720575940622116705,720575940636574388,5,6,720575940610708430,720575940625379859,31
720575940621754367,7,Sugar GRNs,,720575940622116705,720575940636574388,5,6,720575940610708430,720575940622897639,30
720575940621754367,7,Sugar GRNs,,720575940622116705,720575940636574388,5,6,720575940610708430,720575940628199802,28
720575940621754367,7,Sugar GRNs,,720575940622116705,720575940636574388,5,6,720575940610708430,720575940643539566,27
720575940621754367,7,Sugar GRNs,,720575940622116705,720575940636574388,5,6,720575940610708430,720575940620628957,27
720575940621754367,7,Sugar GRNs,,720575940622116705,720575940636574388,5,6,720575940610708430,720575940631884883,26
720575940621754367,7,Sugar GRNs,,720575940622116705,720575940636574388,5,6,720575940610708430,720575940624064295,25
720575940621754367,7,Sugar GRNs,,720575940622116705,720575940636574388,5,6,720575940610708430,720575940632436307,25
720575940621754367,7,Sugar GRNs,,720575940622116705,720575940636574388,5,6,720575940610708430,720575940623081400,24
720575940621754367,7,Sugar GRNs,,720575940622116705,720575940636574388,5,6,720575940610708430,720575940628363820,22
720575940621754367,7,Sugar GRNs,,720575940622116705,720575940636574388,5,6,720575940610708430,720575940618694827,17
720575940621754367,7,Sugar GRNs,,720575940622116705,720575940636574388,5,6,720575940610708430,720575940614623455,17
720575940621754367,7,Sugar GRNs,,720575940622116705,720575940636574388,5,6,720575940610708430,720575940611254681,13
720575940621754367,7,Sugar GRNs,,720575940622116705,720575940636574388,5,6,720575940610708430,720575940615911380,6
720575940611875570,7,Sugar GRNs,,720575940623210445,720575940611549902,7,6,720575940623040094,720575940612923390,7
720575940611875570,7,Sugar GRNs,,720575940623210445,720575940611549902,7,6,720575940623040094,720575940615043112,5
720575940629176663,7,Sugar GRNs,,720575940618574749,720575940620746478,15,5,720575940618310229,720575940628363820,5
720575940629176663,7,Sugar GRNs,,720575940618574749,720575940620746478,15,5,720575940618310229,720575940620628957,5
720575940630797113,7,Sugar GRNs,,720575940655014049,720575940611549902,33,6,720575940623040094,720575940612923390,7
720575940630797113,7,Sugar GRNs,,720575940655014049,720575940611549902,33,6,720575940623040094,720575940615043112,5
720575940630797113,7,Sugar GRNs,,720575940655014049,720575940635210859,8,7,720575940631309866,720575940611254681,8
720575940613601698,7,Sugar GRNs,,720575940639274147,720575940620061793,83,120,720575940631309866,720575940611254681,8
720575940613601698,7,Sugar GRNs,,720575940639274147,720575940628683063,5,19,720575940642715040,720575940632436307,8
720575940613601698,7,Sugar GRNs,,720575940639274147,720575940628683063,5,6,720575940610708430,720575940650527222,56
720575940613601698,7,Sugar GRNs,,720575940639274147,720575940628683063,5,6,720575940610708430,720575940603765280,45
720575940613601698,7,Sugar GRNs,,720575940639274147,720575940628683063,5,6,720575940610708430,720575940615043112,44
720575940613601698,7,Sugar GRNs,,720575940639274147,720575940628683063,5,6,720575940610708430,720575940612923390,36
720575940613601698,7,Sugar GRNs,,720575940639274147,720575940628683063,5,6,720575940610708430,720575940625379859,31
720575940613601698,7,Sugar GRNs,,720575940639274147,720575940628683063,5,6,720575940610708430,720575940622897639,30
720575940613601698,7,Sugar GRNs,,720575940639274147,720575940628683063,5,6,720575940610708430,720575940628199802,28
720575940613601698,7,Sugar GRNs,,720575940639274147,720575940628683063,5,6,720575940610708430,720575940643539566,27
720575940613601698,7,Sugar GRNs,,720575940639274147,720575940628683063,5,6,720575940610708430,720575940620628957,27
720575940613601698,7,Sugar GRNs,,720575940639274147,720575940628683063,5,6,720575940610708430,720575940631884883,26
720575940613601698,7,Sugar GRNs,,720575940639274147,720575940628683063,5,6,720575940610708430,720575940624064295,25
720575940613601698,7,Sugar GRNs,,720575940639274147,720575940628683063,5,6,720575940610708430,720575940632436307,25
720575940613601698,7,Sugar GRNs,,720575940639274147,720575940628683063,5,6,720575940610708430,720575940623081400,24
720575940613601698,7,Sugar GRNs,,720575940639274147,720575940628683063,5,6,720575940610708430,720575940628363820,22
720575940613601698,7,Sugar GRNs,,720575940639274147,720575940628683063,5,6,720575940610708430,720575940618694827,17
720575940613601698,7,Sugar GRNs,,720575940639274147,720575940628683063,5,6,720575940610708430,720575940614623455,17
720575940613601698,7,Sugar GRNs,,720575940639274147,720575940628683063,5,6,720575940610708430,720575940611254681,13
720575940613601698,7,Sugar GRNs,,720575940639274147,720575940628683063,5,6,720575940610708430,720575940615911380,6
720575940612670570,7,Sugar GRNs,,720575940612648106,720575940617755220,29,77,720575940631309866,720575940611254681,8
720575940612670570,7,Sugar GRNs,,720575940612648106,720575940620096171,26,8,720575940621490721,720575940632436307,8
720575940612670570,7,Sugar GRNs,,720575940612648106,720575940620096171,26,5,720575940631309866,720575940611254681,8
720575940612670570,7,Sugar GRNs,,720575940612648106,720575940624532408,16,12,720575940621490721,720575940632436307,8
720575940612670570,7,Sugar GRNs,,720575940612648106,720575940632636959,7,6,720575940631309866,720575940611254681,8
720575940612670570,7,Sugar GRNs,,720575940612648106,720575940627559623,6,19,720575940625053773,720575940615043112,6
720575940612670570,7,Sugar GRNs,,720575940612648106,720575940627559623,6,19,720575940625053773,720575940603765280,5
720575940612670570,7,Sugar GRNs,,720575940612648106,720575940627559623,6,16,720575940622160705,720575940628363820,5
720575940629176663,7,Sugar GRNs,,720575940655013025,720575940655013281,9,5,720575940618310229,720575940628363820,5
720575940629176663,7,Sugar GRNs,,720575940655013025,720575940655013281,9,5,720575940618310229,720575940620628957,5
720575940612670570,7,Sugar GRNs,,720575940631349335,720575940626953561,11,5,720575940624454221,720575940622897639,12
720575940612670570,7,Sugar GRNs,,720575940631349335,720575940626953561,11,5,720575940624454221,720575940650527222,6
720575940612670570,7,Sugar GRNs,,720575940631349335,720575940626953561,11,5,720575940624454221,720575940623081400,5
720575940612670570,7,Sugar GRNs,,720575940631349335,720575940626953561,11,5,720575940624454221,720575940620628957,5
720575940612670570,7,Sugar GRNs,,720575940631349335,720575940626953561,11,5,720575940624454221,720575940615043112,5
720575940612670570,7,Sugar GRNs,,720575940631349335,720575940626953561,11,5,720575940624454221,720575940611254681,5
720575940612670570,7,Sugar GRNs,,720575940631349335,720575940611549902,5,6,720575940623040094,720575940612923390,7
720575940612670570,7,Sugar GRNs,,720575940631349335,720575940611549902,5,6,720575940623040094,720575940615043112,5
720575940616885538,7,Sugar GRNs,,720575940618574749,720575940620746478,15,5,720575940618310229,720575940628363820,5
720575940616885538,7,Sugar GRNs,,720575940618574749,720575940620746478,15,5,720575940618310229,720575940620628957,5
720575940632425919,7,Sugar GRNs,,720575940632648612,720575940632873261,38,7,720575940644948771,720575940632436307,30
720575940632425919,7,Sugar GRNs,,720575940632648612,720575940632873261,38,6,720575940610708430,720575940650527222,56
720575940632425919,7,Sugar GRNs,,720575940632648612,720575940632873261,38,6,720575940610708430,720575940603765280,45
720575940632425919,7,Sugar GRNs,,720575940632648612,720575940632873261,38,6,720575940610708430,720575940615043112,44
720575940632425919,7,Sugar GRNs,,720575940632648612,720575940632873261,38,6,720575940610708430,720575940612923390,36
720575940632425919,7,Sugar GRNs,,720575940632648612,720575940632873261,38,6,720575940610708430,720575940625379859,31
720575940632425919,7,Sugar GRNs,,720575940632648612,720575940632873261,38,6,720575940610708430,720575940622897639,30
720575940632425919,7,Sugar GRNs,,720575940632648612,720575940632873261,38,6,720575940610708430,720575940628199802,28
720575940632425919,7,Sugar GRNs,,720575940632648612,720575940632873261,38,6,720575940610708430,720575940643539566,27
720575940632425919,7,Sugar GRNs,,720575940632648612,720575940632873261,38,6,720575940610708430,720575940620628957,27
720575940632425919,7,Sugar GRNs,,720575940632648612,720575940632873261,38,6,720575940610708430,720575940631884883,26
720575940632425919,7,Sugar GRNs,,720575940632648612,720575940632873261,38,6,720575940610708430,720575940624064295,25
720575940632425919,7,Sugar GRNs,,720575940632648612,720575940632873261,38,6,720575940610708430,720575940632436307,25
720575940632425919,7,Sugar GRNs,,720575940632648612,720575940632873261,38,6,720575940610708430,720575940623081400,24
720575940632425919,7,Sugar GRNs,,720575940632648612,720575940632873261,38,6,720575940610708430,720575940628363820,22
720575940632425919,7,Sugar GRNs,,720575940632648612,720575940632873261,38,6,720575940610708430,720575940618694827,17
720575940632425919,7,Sugar GRNs,,720575940632648612,720575940632873261,38,6,720575940610708430,720575940614623455,17
720575940632425919,7,Sugar GRNs,,720575940632648612,720575940632873261,38,6,720575940610708430,720575940611254681,13
720575940632425919,7,Sugar GRNs,,720575940632648612,720575940632873261,38,6,720575940610708430,720575940615911380,6
720575940632425919,7,Sugar GRNs,,720575940632648612,720575940628683063,28,19,720575940642715040,720575940632436307,8
720575940632425919,7,Sugar GRNs,,720575940632648612,720575940628683063,28,6,720575940610708430,720575940650527222,56
720575940632425919,7,Sugar GRNs,,720575940632648612,720575940628683063,28,6,720575940610708430,720575940603765280,45
720575940632425919,7,Sugar GRNs,,720575940632648612,720575940628683063,28,6,720575940610708430,720575940615043112,44
720575940632425919,7,Sugar GRNs,,720575940632648612,720575940628683063,28,6,720575940610708430,720575940612923390,36
720575940632425919,7,Sugar GRNs,,720575940632648612,720575940628683063,28,6,720575940610708430,720575940625379859,31
720575940632425919,7,Sugar GRNs,,720575940632648612,720575940628683063,28,6,720575940610708430,720575940622897639,30
720575940632425919,7,Sugar GRNs,,720575940632648612,720575940628683063,28,6,720575940610708430,720575940628199802,28
720575940632425919,7,Sugar GRNs,,720575940632648612,720575940628683063,28,6,720575940610708430,720575940643539566,27
720575940632425919,7,Sugar GRNs,,720575940632648612,720575940628683063,28,6,720575940610708430,720575940620628957,27
720575940632425919,7,Sugar GRNs,,720575940632648612,720575940628683063,28,6,720575940610708430,720575940631884883,26
720575940632425919,7,Sugar GRNs,,720575940632648612,720575940628683063,28,6,720575940610708430,720575940624064295,25
720575940632425919,7,Sugar GRNs,,720575940632648612,720575940628683063,28,6,720575940610708430,720575940632436307,25
720575940632425919,7,Sugar GRNs,,720575940632648612,720575940628683063,28,6,720575940610708430,720575940623081400,24
720575940632425919,7,Sugar GRNs,,720575940632648612,720575940628683063,28,6,720575940610708430,720575940628363820,22
720575940632425919,7,Sugar GRNs,,720575940632648612,720575940628683063,28,6,720575940610708430,720575940618694827,17
720575940632425919,7,Sugar GRNs,,720575940632648612,720575940628683063,28,6,720575940610708430,720575940614623455,17
720575940632425919,7,Sugar GRNs,,720575940632648612,720575940628683063,28,6,720575940610708430,720575940611254681,13
720575940632425919,7,Sugar GRNs,,720575940632648612,720575940628683063,28,6,720575940610708430,720575940615911380,6
720575940632425919,7,Sugar GRNs,,720575940632648612,720575940632146340,13,6,720575940633711028,720575940618694827,10
720575940632425919,7,Sugar GRNs,,720575940632648612,720575940632146340,13,6,720575940633711028,720575940615911380,5
720575940632425919,7,Sugar GRNs,,720575940632648612,720575940629317450,12,7,720575940619025780,720575940628199802,7
720575940632425919,7,Sugar GRNs,,720575940632648612,720575940629317450,12,7,720575940619025780,720575940615911380,5
720575940632425919,7,Sugar GRNs,,720575940632648612,720575940629317450,12,6,720575940630311528,720575940623081400,5
720575940632425919,7,Sugar GRNs,,720575940632648612,720575940629317450,12,6,720575940630311528,720575940620628957,5
720575940632425919,7,Sugar GRNs,,720575940632648612,720575940634683743,10,5,720575940633711028,720575940618694827,10
720575940632425919,7,Sugar GRNs,,720575940632648612,720575940634683743,10,5,720575940633711028,720575940615911380,5
720575940632425919,7,Sugar GRNs,,720575940632648612,720575940629211607,8,5,720575940630311528,720575940623081400,5
720575940632425919,7,Sugar GRNs,,720575940632648612,720575940629211607,8,5,720575940630311528,720575940620628957,5
720575940632425919,7,Sugar GRNs,,720575940632648612,720575940614273292,7,7,720575940630311528,720575940623081400,5
720575940632425919,7,Sugar GRNs,,720575940632648612,720575940614273292,7,7,720575940630311528,720575940620628957,5
720575940632425919,7,Sugar GRNs,,720575940632648612,720575940614273292,7,5,720575940626146125,720575940650527222,11
720575940632425919,7,Sugar GRNs,,720575940632648612,720575940614273292,7,5,720575940626146125,720575940622897639,6
720575940632425919,7,Sugar GRNs,,720575940632648612,720575940621736669,6,5,720575940626021052,720575940628199802,9
720575940632425919,7,Sugar GRNs,,720575940632648612,720575940621736669,6,5,720575940626021052,720575940618694827,5
720575940632425919,7,Sugar GRNs,,720575940632648612,720575940636574388,6,6,720575940610708430,720575940650527222,56
720575940632425919,7,Sugar GRNs,,720575940632648612,720575940636574388,6,6,720575940610708430,720575940603765280,45
720575940632425919,7,Sugar GRNs,,720575940632648612,720575940636574388,6,6,720575940610708430,720575940615043112,44
720575940632425919,7,Sugar GRNs,,720575940632648612,720575940636574388,6,6,720575940610708430,720575940612923390,36
720575940632425919,7,Sugar GRNs,,720575940632648612,720575940636574388,6,6,720575940610708430,720575940625379859,31
720575940632425919,7,Sugar GRNs,,720575940632648612,720575940636574388,6,6,720575940610708430,720575940622897639,30
720575940632425919,7,Sugar GRNs,,720575940632648612,720575940636574388,6,6,720575940610708430,720575940628199802,28
720575940632425919,7,Sugar GRNs,,720575940632648612,720575940636574388,6,6,720575940610708430,720575940643539566,27
720575940632425919,7,Sugar GRNs,,720575940632648612,720575940636574388,6,6,720575940610708430,720575940620628957,27
720575940632425919,7,Sugar GRNs,,720575940632648612,720575940636574388,6,6,720575940610708430,720575940631884883,26
720575940632425919,7,Sugar GRNs,,720575940632648612,720575940636574388,6,6,720575940610708430,720575940624064295,25
720575940632425919,7,Sugar GRNs,,720575940632648612,720575940636574388,6,6,720575940610708430,720575940632436307,25
720575940632425919,7,Sugar GRNs,,720575940632648612,720575940636574388,6,6,720575940610708430,720575940623081400,24
720575940632425919,7,Sugar GRNs,,720575940632648612,720575940636574388,6,6,720575940610708430,720575940628363820,22
720575940632425919,7,Sugar GRNs,,720575940632648612,720575940636574388,6,6,720575940610708430,720575940618694827,17
720575940632425919,7,Sugar GRNs,,720575940632648612,720575940636574388,6,6,720575940610708430,720575940614623455,17
720575940632425919,7,Sugar GRNs,,720575940632648612,720575940636574388,6,6,720575940610708430,720575940611254681,13
720575940632425919,7,Sugar GRNs,,720575940632648612,720575940636574388,6,6,720575940610708430,720575940615911380,6
720575940632425919,7,Sugar GRNs,,720575940632648612,720575940637580102,6,6,720575940633711028,720575940618694827,10
720575940632425919,7,Sugar GRNs,,720575940632648612,720575940637580102,6,6,720575940633711028,720575940615911380,5
720575940632425919,7,Sugar GRNs,,720575940632648612,720575940632636959,5,6,720575940631309866,720575940611254681,8
720575940628853239,6,Sugar GRNs,,720575940625102692,720575940626870846,75,6,720575940626146125,720575940650527222,11
720575940628853239,6,Sugar GRNs,,720575940625102692,720575940626870846,75,6,720575940626146125,720575940622897639,6
720575940628853239,6,Sugar GRNs,,720575940625102692,720575940626308697,61,84,720575940610708430,720575940650527222,56
720575940628853239,6,Sugar GRNs,,720575940625102692,720575940626308697,61,84,720575940610708430,720575940603765280,45
720575940628853239,6,Sugar GRNs,,720575940625102692,720575940626308697,61,84,720575940610708430,720575940615043112,44
720575940628853239,6,Sugar GRNs,,720575940625102692,720575940626308697,61,84,720575940610708430,720575940612923390,36
720575940628853239,6,Sugar GRNs,,720575940625102692,720575940626308697,61,84,720575940610708430,720575940625379859,31
720575940628853239,6,Sugar GRNs,,720575940625102692,720575940626308697,61,84,720575940610708430,720575940622897639,30
720575940628853239,6,Sugar GRNs,,720575940625102692,720575940626308697,61,84,720575940610708430,720575940628199802,28
720575940628853239,6,Sugar GRNs,,720575940625102692,720575940626308697,61,84,720575940610708430,720575940643539566,27
720575940628853239,6,Sugar GRNs,,720575940625102692,720575940626308697,61,84,720575940610708430,720575940620628957,27
720575940628853239,6,Sugar GRNs,,720575940625102692,720575940626308697,61,84,720575940610708430,720575940631884883,26
720575940628853239,6,Sugar GRNs,,720575940625102692,720575940626308697,61,84,720575940610708430,720575940624064295,25
720575940628853239,6,Sugar GRNs,,720575940625102692,720575940626308697,61,84,720575940610708430,720575940632436307,25
720575940628853239,6,Sugar GRNs,,720575940625102692,720575940626308697,61,84,720575940610708430,720575940623081400,24
720575940628853239,6,Sugar GRNs,,720575940625102692,720575940626308697,61,84,720575940610708430,720575940628363820,22
720575940628853239,6,Sugar GRNs,,720575940625102692,720575940626308697,61,84,720575940610708430,720575940618694827,17
720575940628853239,6,Sugar GRNs,,720575940625102692,720575940626308697,61,84,720575940610708430,720575940614623455,17
720575940628853239,6,Sugar GRNs,,720575940625102692,720575940626308697,61,84,720575940610708430,720575940611254681,13
720575940628853239,6,Sugar GRNs,,720575940625102692,720575940626308697,61,84,720575940610708430,720575940615911380,6
720575940628853239,6,Sugar GRNs,,720575940625102692,720575940632602532,29,8,720575940614950194,720575940628363820,9
720575940628853239,6,Sugar GRNs,,720575940625102692,720575940632602532,29,8,720575940614950194,720575940625379859,5
720575940628853239,6,Sugar GRNs,,720575940625102692,720575940630664556,25,5,720575940631915801,720575940615043112,5
720575940628853239,6,Sugar GRNs,,720575940625102692,720575940623333964,23,25,720575940622160705,720575940628363820,5
720575940628853239,6,Sugar GRNs,,720575940625102692,720575940623333964,23,19,720575940625053773,720575940615043112,6
720575940628853239,6,Sugar GRNs,,720575940625102692,720575940623333964,23,19,720575940625053773,720575940603765280,5
720575940628853239,6,Sugar GRNs,,720575940625102692,720575940639813365,12,6,720575940610708430,720575940650527222,56
720575940628853239,6,Sugar GRNs,,720575940625102692,720575940639813365,12,6,720575940610708430,720575940603765280,45
720575940628853239,6,Sugar GRNs,,720575940625102692,720575940639813365,12,6,720575940610708430,720575940615043112,44
720575940628853239,6,Sugar GRNs,,720575940625102692,720575940639813365,12,6,720575940610708430,720575940612923390,36
720575940628853239,6,Sugar GRNs,,720575940625102692,720575940639813365,12,6,720575940610708430,720575940625379859,31
720575940628853239,6,Sugar GRNs,,720575940625102692,720575940639813365,12,6,720575940610708430,720575940622897639,30
720575940628853239,6,Sugar GRNs,,720575940625102692,720575940639813365,12,6,720575940610708430,720575940628199802,28
720575940628853239,6,Sugar GRNs,,720575940625102692,720575940639813365,12,6,720575940610708430,720575940643539566,27
720575940628853239,6,Sugar GRNs,,720575940625102692,720575940639813365,12,6,720575940610708430,720575940620628957,27
720575940628853239,6,Sugar GRNs,,720575940625102692,720575940639813365,12,6,720575940610708430,720575940631884883,26
720575940628853239,6,Sugar GRNs,,720575940625102692,720575940639813365,12,6,720575940610708430,720575940624064295,25
720575940628853239,6,Sugar GRNs,,720575940625102692,720575940639813365,12,6,720575940610708430,720575940632436307,25
720575940628853239,6,Sugar GRNs,,720575940625102692,720575940639813365,12,6,720575940610708430,720575940623081400,24
720575940628853239,6,Sugar GRNs,,720575940625102692,720575940639813365,12,6,720575940610708430,720575940628363820,22
720575940628853239,6,Sugar GRNs,,720575940625102692,720575940639813365,12,6,720575940610708430,720575940618694827,17
720575940628853239,6,Sugar GRNs,,720575940625102692,720575940639813365,12,6,720575940610708430,720575940614623455,17
720575940628853239,6,Sugar GRNs,,720575940625102692,720575940639813365,12,6,720575940610708430,720575940611254681,13
720575940628853239,6,Sugar GRNs,,720575940625102692,720575940639813365,12,6,720575940610708430,720575940615911380,6
720575940628853239,6,Sugar GRNs,,720575940625102692,720575940624040743,11,12,720575940620691327,720575940650527222,9
720575940628853239,6,Sugar GRNs,,720575940625102692,720575940624040743,11,12,720575940620691327,720575940628363820,9
720575940628853239,6,Sugar GRNs,,720575940625102692,720575940617184001,11,12,720575940633304601,720575940632436307,62
720575940628853239,6,Sugar GRNs,,720575940625102692,720575940617184001,11,12,720575940633304601,720575940650527222,51
720575940628853239,6,Sugar GRNs,,720575940625102692,720575940617184001,11,12,720575940633304601,720575940622897639,45
720575940628853239,6,Sugar GRNs,,720575940625102692,720575940617184001,11,12,720575940633304601,720575940603765280,45
720575940628853239,6,Sugar GRNs,,720575940625102692,720575940617184001,11,12,720575940633304601,720575940620628957,28
720575940628853239,6,Sugar GRNs,,720575940625102692,720575940617184001,11,12,720575940633304601,720575940623081400,23
720575940628853239,6,Sugar GRNs,,720575940625102692,720575940617184001,11,12,720575940633304601,720575940625379859,19
720575940628853239,6,Sugar GRNs,,720575940625102692,720575940617184001,11,12,720575940633304601,720575940611254681,18
720575940628853239,6,Sugar GRNs,,720575940625102692,720575940617184001,11,12,720575940633304601,720575940628363820,18
720575940628853239,6,Sugar GRNs,,720575940625102692,720575940617184001,11,12,720575940633304601,720575940615043112,15
720575940628853239,6,Sugar GRNs,,720575940625102692,720575940617184001,11,12,720575940633304601,720575940612923390,11
720575940628853239,6,Sugar GRNs,,720575940625102692,720575940617184001,11,12,720575940633304601,720575940614623455,9
720575940628853239,6,Sugar GRNs,,720575940625102692,720575940617184001,11,12,720575940631309866,720575940611254681,8
720575940628853239,6,Sugar GRNs,,720575940625102692,720575940617184001,11,7,720575940631008824,720575940643539566,53
720575940628853239,6,Sugar GRNs,,720575940625102692,720575940617184001,11,7,720575940631008824,720575940615043112,40
720575940628853239,6,Sugar GRNs,,720575940625102692,720575940617184001,11,7,720575940631008824,720575940628199802,34
720575940628853239,6,Sugar GRNs,,720575940625102692,720575940617184001,11,7,720575940631008824,720575940625379859,33
720575940628853239,6,Sugar GRNs,,720575940625102692,720575940617184001,11,7,720575940631008824,720575940611254681,33
720575940628853239,6,Sugar GRNs,,720575940625102692,720575940617184001,11,7,720575940631008824,720575940612923390,28
720575940628853239,6,Sugar GRNs,,720575940625102692,720575940617184001,11,7,720575940631008824,720575940618694827,22
720575940628853239,6,Sugar GRNs,,720575940625102692,720575940617184001,11,7,720575940631008824,720575940624064295,21
720575940628853239,6,Sugar GRNs,,720575940625102692,720575940617184001,11,7,720575940631008824,720575940631884883,20
720575940628853239,6,Sugar GRNs,,720575940625102692,720575940617184001,11,7,720575940631008824,720575940615911380,9
720575940628853239,6,Sugar GRNs,,720575940625102692,720575940617184001,11,7,720575940631008824,720575940632436307,6
720575940628853239,6,Sugar GRNs,,720575940625102692,720575940630311528,10,7,720575940631309866,720575940611254681,8
720575940628853239,6,Sugar GRNs,,720575940625102692,720575940630311528,10,6,720575940633304601,720575940632436307,62
720575940628853239,6,Sugar GRNs,,720575940625102692,720575940630311528,10,6,720575940633304601,720575940650527222,51
720575940628853239,6,Sugar GRNs,,720575940625102692,720575940630311528,10,6,720575940633304601,720575940622897639,45
720575940628853239,6,Sugar GRNs,,720575940625102692,720575940630311528,10,6,720575940633304601,720575940603765280,45
720575940628853239,6,Sugar GRNs,,720575940625102692,720575940630311528,10,6,720575940633304601,720575940620628957,28
720575940628853239,6,Sugar GRNs,,720575940625102692,720575940630311528,10,6,720575940633304601,720575940623081400,23
720575940628853239,6,Sugar GRNs,,720575940625102692,720575940630311528,10,6,720575940633304601,720575940625379859,19
720575940628853239,6,Sugar GRNs,,720575940625102692,720575940630311528,10,6,720575940633304601,720575940611254681,18
720575940628853239,6,Sugar GRNs,,720575940625102692,720575940630311528,10,6,720575940633304601,720575940628363820,18
720575940628853239,6,Sugar GRNs,,720575940625102692,720575940630311528,10,6,720575940633304601,720575940615043112,15
720575940628853239,6,Sugar GRNs,,720575940625102692,720575940630311528,10,6,720575940633304601,720575940612923390,11
720575940628853239,6,Sugar GRNs,,720575940625102692,720575940630311528,10,6,720575940633304601,720575940614623455,9
720575940628853239,6,Sugar GRNs,,720575940625102692,720575940622457579,9,11,720575940613845516,720575940650527222,13
720575940628853239,6,Sugar GRNs,,720575940625102692,720575940622457579,9,11,720575940613845516,720575940603765280,11
720575940628853239,6,Sugar GRNs,,720575940625102692,720575940622457579,9,11,720575940613845516,720575940614623455,8
720575940628853239,6,Sugar GRNs,,720575940625102692,720575940622457579,9,11,720575940613845516,720575940622897639,8
720575940628853239,6,Sugar GRNs,,720575940625102692,720575940622457579,9,11,720575940613845516,720575940620628957,7
720575940628853239,6,Sugar GRNs,,720575940625102692,720575940622457579,9,11,720575940613845516,720575940628363820,7
720575940628853239,6,Sugar GRNs,,720575940625102692,720575940622457579,9,11,720575940613845516,720575940623081400,5
720575940628853239,6,Sugar GRNs,,720575940625102692,720575940622457579,9,6,720575940623777065,720575940615043112,5
720575940628853239,6,Sugar GRNs,,720575940625102692,720575940627492866,8,45,720575940615792523,720575940632436307,36
720575940628853239,6,Sugar GRNs,,720575940625102692,720575940627492866,8,45,720575940615792523,720575940611254681,13
720575940628853239,6,Sugar GRNs,,720575940625102692,720575940627492866,8,7,720575940609625442,720575940622897639,10
720575940628853239,6,Sugar GRNs,,720575940625102692,720575940627492866,8,7,720575940609625442,720575940650527222,9
720575940628853239,6,Sugar GRNs,,720575940625102692,720575940627492866,8,7,720575940609625442,720575940603765280,9
720575940628853239,6,Sugar GRNs,,720575940625102692,720575940627492866,8,7,720575940609625442,720575940623081400,7
720575940628853239,6,Sugar GRNs,,720575940625102692,720575940627492866,8,7,720575940609625442,720575940628363820,6
720575940628853239,6,Sugar GRNs,,720575940625102692,720575940627492866,8,5,720575940642715040,720575940632436307,8
720575940628853239,6,Sugar GRNs,,720575940625102692,720575940607777628,7,10,720575940613845516,720575940650527222,13
720575940628853239,6,Sugar GRNs,,720575940625102692,720575940607777628,7,10,720575940613845516,720575940603765280,11
720575940628853239,6,Sugar GRNs,,720575940625102692,720575940607777628,7,10,720575940613845516,720575940614623455,8
720575940628853239,6,Sugar GRNs,,720575940625102692,720575940607777628,7,10,720575940613845516,720575940622897639,8
720575940628853239,6,Sugar GRNs,,720575940625102692,720575940607777628,7,10,720575940613845516,720575940620628957,7
720575940628853239,6,Sugar GRNs,,720575940625102692,720575940607777628,7,10,720575940613845516,720575940628363820,7
720575940628853239,6,Sugar GRNs,,720575940625102692,720575940607777628,7,10,720575940613845516,720575940623081400,5
720575940628853239,6,Sugar GRNs,,720575940625102692,720575940607777628,7,9,720575940633304601,720575940632436307,62
720575940628853239,6,Sugar GRNs,,720575940625102692,720575940607777628,7,9,720575940633304601,720575940650527222,51
720575940628853239,6,Sugar GRNs,,720575940625102692,720575940607777628,7,9,720575940633304601,720575940622897639,45
720575940628853239,6,Sugar GRNs,,720575940625102692,720575940607777628,7,9,720575940633304601,720575940603765280,45
720575940628853239,6,Sugar GRNs,,720575940625102692,720575940607777628,7,9,720575940633304601,720575940620628957,28
720575940628853239,6,Sugar GRNs,,720575940625102692,720575940607777628,7,9,720575940633304601,720575940623081400,23
720575940628853239,6,Sugar GRNs,,720575940625102692,720575940607777628,7,9,720575940633304601,720575940625379859,19
720575940628853239,6,Sugar GRNs,,720575940625102692,720575940607777628,7,9,720575940633304601,720575940611254681,18
720575940628853239,6,Sugar GRNs,,720575940625102692,720575940607777628,7,9,720575940633304601,720575940628363820,18
720575940628853239,6,Sugar GRNs,,720575940625102692,720575940607777628,7,9,720575940633304601,720575940615043112,15
720575940628853239,6,Sugar GRNs,,720575940625102692,720575940607777628,7,9,720575940633304601,720575940612923390,11
720575940628853239,6,Sugar GRNs,,720575940625102692,720575940607777628,7,9,720575940633304601,720575940614623455,9
720575940628853239,6,Sugar GRNs,,720575940625102692,720575940629317450,6,7,720575940619025780,720575940628199802,7
720575940628853239,6,Sugar GRNs,,720575940625102692,720575940629317450,6,7,720575940619025780,720575940615911380,5
720575940628853239,6,Sugar GRNs,,720575940625102692,720575940629317450,6,6,720575940630311528,720575940623081400,5
720575940628853239,6,Sugar GRNs,,720575940625102692,720575940629317450,6,6,720575940630311528,720575940620628957,5
720575940628853239,6,Sugar GRNs,,720575940625102692,720575940607472988,5,9,720575940624454221,720575940622897639,12
720575940628853239,6,Sugar GRNs,,720575940625102692,720575940607472988,5,9,720575940624454221,720575940650527222,6
720575940628853239,6,Sugar GRNs,,720575940625102692,720575940607472988,5,9,720575940624454221,720575940623081400,5
720575940628853239,6,Sugar GRNs,,720575940625102692,720575940607472988,5,9,720575940624454221,720575940620628957,5
720575940628853239,6,Sugar GRNs,,720575940625102692,720575940607472988,5,9,720575940624454221,720575940615043112,5
720575940628853239,6,Sugar GRNs,,720575940625102692,720575940607472988,5,9,720575940624454221,720575940611254681,5
720575940613601698,6,Sugar GRNs,,720575940614418794,720575940622466027,6,9,720575940623777065,720575940615043112,5
720575940613601698,6,Sugar GRNs,,720575940614418794,720575940614109586,6,7,720575940610708430,720575940650527222,56
720575940613601698,6,Sugar GRNs,,720575940614418794,720575940614109586,6,7,720575940610708430,720575940603765280,45
720575940613601698,6,Sugar GRNs,,720575940614418794,720575940614109586,6,7,720575940610708430,720575940615043112,44
720575940613601698,6,Sugar GRNs,,720575940614418794,720575940614109586,6,7,720575940610708430,720575940612923390,36
720575940613601698,6,Sugar GRNs,,720575940614418794,720575940614109586,6,7,720575940610708430,720575940625379859,31
720575940613601698,6,Sugar GRNs,,720575940614418794,720575940614109586,6,7,720575940610708430,720575940622897639,30
720575940613601698,6,Sugar GRNs,,720575940614418794,720575940614109586,6,7,720575940610708430,720575940628199802,28
720575940613601698,6,Sugar GRNs,,720575940614418794,720575940614109586,6,7,720575940610708430,720575940643539566,27
720575940613601698,6,Sugar GRNs,,720575940614418794,720575940614109586,6,7,720575940610708430,720575940620628957,27
720575940613601698,6,Sugar GRNs,,720575940614418794,720575940614109586,6,7,720575940610708430,720575940631884883,26
720575940613601698,6,Sugar GRNs,,720575940614418794,720575940614109586,6,7,720575940610708430,720575940624064295,25
720575940613601698,6,Sugar GRNs,,720575940614418794,720575940614109586,6,7,720575940610708430,720575940632436307,25
720575940613601698,6,Sugar GRNs,,720575940614418794,720575940614109586,6,7,720575940610708430,720575940623081400,24
720575940613601698,6,Sugar GRNs,,720575940614418794,720575940614109586,6,7,720575940610708430,720575940628363820,22
720575940613601698,6,Sugar GRNs,,720575940614418794,720575940614109586,6,7,720575940610708430,720575940618694827,17
720575940613601698,6,Sugar GRNs,,720575940614418794,720575940614109586,6,7,720575940610708430,720575940614623455,17
720575940613601698,6,Sugar GRNs,,720575940614418794,720575940614109586,6,7,720575940610708430,720575940611254681,13
720575940613601698,6,Sugar GRNs,,720575940614418794,720575940614109586,6,7,720575940610708430,720575940615911380,6
720575940613601698,6,Sugar GRNs,,720575940614418794,720575940614109586,6,7,720575940625053773,720575940615043112,6
720575940613601698,6,Sugar GRNs,,720575940614418794,720575940614109586,6,7,720575940625053773,720575940603765280,5
720575940613601698,6,Sugar GRNs,,720575940614418794,720575940635210859,6,7,720575940631309866,720575940611254681,8
720575940637568838,6,Sugar GRNs,,720575940632648612,720575940632873261,38,7,720575940644948771,720575940632436307,30
720575940637568838,6,Sugar GRNs,,720575940632648612,720575940632873261,38,6,720575940610708430,720575940650527222,56
720575940637568838,6,Sugar GRNs,,720575940632648612,720575940632873261,38,6,720575940610708430,720575940603765280,45
720575940637568838,6,Sugar GRNs,,720575940632648612,720575940632873261,38,6,720575940610708430,720575940615043112,44
720575940637568838,6,Sugar GRNs,,720575940632648612,720575940632873261,38,6,720575940610708430,720575940612923390,36
720575940637568838,6,Sugar GRNs,,720575940632648612,720575940632873261,38,6,720575940610708430,720575940625379859,31
720575940637568838,6,Sugar GRNs,,720575940632648612,720575940632873261,38,6,720575940610708430,720575940622897639,30
720575940637568838,6,Sugar GRNs,,720575940632648612,720575940632873261,38,6,720575940610708430,720575940628199802,28
720575940637568838,6,Sugar GRNs,,720575940632648612,720575940632873261,38,6,720575940610708430,720575940643539566,27
720575940637568838,6,Sugar GRNs,,720575940632648612,720575940632873261,38,6,720575940610708430,720575940620628957,27
720575940637568838,6,Sugar GRNs,,720575940632648612,720575940632873261,38,6,720575940610708430,720575940631884883,26
720575940637568838,6,Sugar GRNs,,720575940632648612,720575940632873261,38,6,720575940610708430,720575940624064295,25
720575940637568838,6,Sugar GRNs,,720575940632648612,720575940632873261,38,6,720575940610708430,720575940632436307,25
720575940637568838,6,Sugar GRNs,,720575940632648612,720575940632873261,38,6,720575940610708430,720575940623081400,24
720575940637568838,6,Sugar GRNs,,720575940632648612,720575940632873261,38,6,720575940610708430,720575940628363820,22
720575940637568838,6,Sugar GRNs,,720575940632648612,720575940632873261,38,6,720575940610708430,720575940618694827,17
720575940637568838,6,Sugar GRNs,,720575940632648612,720575940632873261,38,6,720575940610708430,720575940614623455,17
720575940637568838,6,Sugar GRNs,,720575940632648612,720575940632873261,38,6,720575940610708430,720575940611254681,13
720575940637568838,6,Sugar GRNs,,720575940632648612,720575940632873261,38,6,720575940610708430,720575940615911380,6
720575940637568838,6,Sugar GRNs,,720575940632648612,720575940628683063,28,19,720575940642715040,720575940632436307,8
720575940637568838,6,Sugar GRNs,,720575940632648612,720575940628683063,28,6,720575940610708430,720575940650527222,56
720575940637568838,6,Sugar GRNs,,720575940632648612,720575940628683063,28,6,720575940610708430,720575940603765280,45
720575940637568838,6,Sugar GRNs,,720575940632648612,720575940628683063,28,6,720575940610708430,720575940615043112,44
720575940637568838,6,Sugar GRNs,,720575940632648612,720575940628683063,28,6,720575940610708430,720575940612923390,36
720575940637568838,6,Sugar GRNs,,720575940632648612,720575940628683063,28,6,720575940610708430,720575940625379859,31
720575940637568838,6,Sugar GRNs,,720575940632648612,720575940628683063,28,6,720575940610708430,720575940622897639,30
720575940637568838,6,Sugar GRNs,,720575940632648612,720575940628683063,28,6,720575940610708430,720575940628199802,28
720575940637568838,6,Sugar GRNs,,720575940632648612,720575940628683063,28,6,720575940610708430,720575940643539566,27
720575940637568838,6,Sugar GRNs,,720575940632648612,720575940628683063,28,6,720575940610708430,720575940620628957,27
720575940637568838,6,Sugar GRNs,,720575940632648612,720575940628683063,28,6,720575940610708430,720575940631884883,26
720575940637568838,6,Sugar GRNs,,720575940632648612,720575940628683063,28,6,720575940610708430,720575940624064295,25
720575940637568838,6,Sugar GRNs,,720575940632648612,720575940628683063,28,6,720575940610708430,720575940632436307,25
720575940637568838,6,Sugar GRNs,,720575940632648612,720575940628683063,28,6,720575940610708430,720575940623081400,24
720575940637568838,6,Sugar GRNs,,720575940632648612,720575940628683063,28,6,720575940610708430,720575940628363820,22
720575940637568838,6,Sugar GRNs,,720575940632648612,720575940628683063,28,6,720575940610708430,720575940618694827,17
720575940637568838,6,Sugar GRNs,,720575940632648612,720575940628683063,28,6,720575940610708430,720575940614623455,17
720575940637568838,6,Sugar GRNs,,720575940632648612,720575940628683063,28,6,720575940610708430,720575940611254681,13
720575940637568838,6,Sugar GRNs,,720575940632648612,720575940628683063,28,6,720575940610708430,720575940615911380,6
720575940637568838,6,Sugar GRNs,,720575940632648612,720575940632146340,13,6,720575940633711028,720575940618694827,10
720575940637568838,6,Sugar GRNs,,720575940632648612,720575940632146340,13,6,720575940633711028,720575940615911380,5
720575940637568838,6,Sugar GRNs,,720575940632648612,720575940629317450,12,7,720575940619025780,720575940628199802,7
720575940637568838,6,Sugar GRNs,,720575940632648612,720575940629317450,12,7,720575940619025780,720575940615911380,5
720575940637568838,6,Sugar GRNs,,720575940632648612,720575940629317450,12,6,720575940630311528,720575940623081400,5
720575940637568838,6,Sugar GRNs,,720575940632648612,720575940629317450,12,6,720575940630311528,720575940620628957,5
720575940637568838,6,Sugar GRNs,,720575940632648612,720575940634683743,10,5,720575940633711028,720575940618694827,10
720575940637568838,6,Sugar GRNs,,720575940632648612,720575940634683743,10,5,720575940633711028,720575940615911380,5
720575940637568838,6,Sugar GRNs,,720575940632648612,720575940629211607,8,5,720575940630311528,720575940623081400,5
720575940637568838,6,Sugar GRNs,,720575940632648612,720575940629211607,8,5,720575940630311528,720575940620628957,5
720575940637568838,6,Sugar GRNs,,720575940632648612,720575940614273292,7,7,720575940630311528,720575940623081400,5
720575940637568838,6,Sugar GRNs,,720575940632648612,720575940614273292,7,7,720575940630311528,720575940620628957,5
720575940637568838,6,Sugar GRNs,,720575940632648612,720575940614273292,7,5,720575940626146125,720575940650527222,11
720575940637568838,6,Sugar GRNs,,720575940632648612,720575940614273292,7,5,720575940626146125,720575940622897639,6
720575940637568838,6,Sugar GRNs,,720575940632648612,720575940621736669,6,5,720575940626021052,720575940628199802,9
720575940637568838,6,Sugar GRNs,,720575940632648612,720575940621736669,6,5,720575940626021052,720575940618694827,5
720575940637568838,6,Sugar GRNs,,720575940632648612,720575940636574388,6,6,720575940610708430,720575940650527222,56
720575940637568838,6,Sugar GRNs,,720575940632648612,720575940636574388,6,6,720575940610708430,720575940603765280,45
720575940637568838,6,Sugar GRNs,,720575940632648612,720575940636574388,6,6,720575940610708430,720575940615043112,44
720575940637568838,6,Sugar GRNs,,720575940632648612,720575940636574388,6,6,720575940610708430,720575940612923390,36
720575940637568838,6,Sugar GRNs,,720575940632648612,720575940636574388,6,6,720575940610708430,720575940625379859,31
720575940637568838,6,Sugar GRNs,,720575940632648612,720575940636574388,6,6,720575940610708430,720575940622897639,30
720575940637568838,6,Sugar GRNs,,720575940632648612,720575940636574388,6,6,720575940610708430,720575940628199802,28
720575940637568838,6,Sugar GRNs,,720575940632648612,720575940636574388,6,6,720575940610708430,720575940643539566,27
720575940637568838,6,Sugar GRNs,,720575940632648612,720575940636574388,6,6,720575940610708430,720575940620628957,27
720575940637568838,6,Sugar GRNs,,720575940632648612,720575940636574388,6,6,720575940610708430,720575940631884883,26
720575940637568838,6,Sugar GRNs,,720575940632648612,720575940636574388,6,6,720575940610708430,720575940624064295,25
720575940637568838,6,Sugar GRNs,,720575940632648612,720575940636574388,6,6,720575940610708430,720575940632436307,25
720575940637568838,6,Sugar GRNs,,720575940632648612,720575940636574388,6,6,720575940610708430,720575940623081400,24
720575940637568838,6,Sugar GRNs,,720575940632648612,720575940636574388,6,6,720575940610708430,720575940628363820,22
720575940637568838,6,Sugar GRNs,,720575940632648612,720575940636574388,6,6,720575940610708430,720575940618694827,17
720575940637568838,6,Sugar GRNs,,720575940632648612,720575940636574388,6,6,720575940610708430,720575940614623455,17
720575940637568838,6,Sugar GRNs,,720575940632648612,720575940636574388,6,6,720575940610708430,720575940611254681,13
720575940637568838,6,Sugar GRNs,,720575940632648612,720575940636574388,6,6,720575940610708430,720575940615911380,6
720575940637568838,6,Sugar GRNs,,720575940632648612,720575940637580102,6,6,720575940633711028,720575940618694827,10
720575940637568838,6,Sugar GRNs,,720575940632648612,720575940637580102,6,6,720575940633711028,720575940615911380,5
720575940637568838,6,Sugar GRNs,,720575940632648612,720575940632636959,5,6,720575940631309866,720575940611254681,8
720575940638202345,6,Sugar GRNs,,720575940642335373,720575940629317450,14,7,720575940619025780,720575940628199802,7
720575940638202345,6,Sugar GRNs,,720575940642335373,720575940629317450,14,7,720575940619025780,720575940615911380,5
720575940638202345,6,Sugar GRNs,,720575940642335373,720575940629317450,14,6,720575940630311528,720575940623081400,5
720575940638202345,6,Sugar GRNs,,720575940642335373,720575940629317450,14,6,720575940630311528,720575940620628957,5
720575940638202345,6,Sugar GRNs,,720575940642335373,720575940621736669,9,5,720575940626021052,720575940628199802,9
720575940638202345,6,Sugar GRNs,,720575940642335373,720575940621736669,9,5,720575940626021052,720575940618694827,5
720575940638202345,6,Sugar GRNs,,720575940642335373,720575940641536987,7,5,720575940634721761,720575940650527222,5
720575940638202345,6,Sugar GRNs,,720575940642335373,720575940641536987,7,5,720575940634721761,720575940643539566,5
720575940638202345,6,Sugar GRNs,,720575940641366517,720575940628683063,45,19,720575940642715040,720575940632436307,8
720575940638202345,6,Sugar GRNs,,720575940641366517,720575940628683063,45,6,720575940610708430,720575940650527222,56
720575940638202345,6,Sugar GRNs,,720575940641366517,720575940628683063,45,6,720575940610708430,720575940603765280,45
720575940638202345,6,Sugar GRNs,,720575940641366517,720575940628683063,45,6,720575940610708430,720575940615043112,44
720575940638202345,6,Sugar GRNs,,720575940641366517,720575940628683063,45,6,720575940610708430,720575940612923390,36
720575940638202345,6,Sugar GRNs,,720575940641366517,720575940628683063,45,6,720575940610708430,720575940625379859,31
720575940638202345,6,Sugar GRNs,,720575940641366517,720575940628683063,45,6,720575940610708430,720575940622897639,30
720575940638202345,6,Sugar GRNs,,720575940641366517,720575940628683063,45,6,720575940610708430,720575940628199802,28
720575940638202345,6,Sugar GRNs,,720575940641366517,720575940628683063,45,6,720575940610708430,720575940643539566,27
720575940638202345,6,Sugar GRNs,,720575940641366517,720575940628683063,45,6,720575940610708430,720575940620628957,27
720575940638202345,6,Sugar GRNs,,720575940641366517,720575940628683063,45,6,720575940610708430,720575940631884883,26
720575940638202345,6,Sugar GRNs,,720575940641366517,720575940628683063,45,6,720575940610708430,720575940624064295,25
720575940638202345,6,Sugar GRNs,,720575940641366517,720575940628683063,45,6,720575940610708430,720575940632436307,25
720575940638202345,6,Sugar GRNs,,720575940641366517,720575940628683063,45,6,720575940610708430,720575940623081400,24
720575940638202345,6,Sugar GRNs,,720575940641366517,720575940628683063,45,6,720575940610708430,720575940628363820,22
720575940638202345,6,Sugar GRNs,,720575940641366517,720575940628683063,45,6,720575940610708430,720575940618694827,17
720575940638202345,6,Sugar GRNs,,720575940641366517,720575940628683063,45,6,720575940610708430,720575940614623455,17
720575940638202345,6,Sugar GRNs,,720575940641366517,720575940628683063,45,6,720575940610708430,720575940611254681,13
720575940638202345,6,Sugar GRNs,,720575940641366517,720575940628683063,45,6,720575940610708430,720575940615911380,6
720575940638202345,6,Sugar GRNs,,720575940641366517,720575940632873261,45,7,720575940644948771,720575940632436307,30
720575940638202345,6,Sugar GRNs,,720575940641366517,720575940632873261,45,6,720575940610708430,720575940650527222,56
720575940638202345,6,Sugar GRNs,,720575940641366517,720575940632873261,45,6,720575940610708430,720575940603765280,45
720575940638202345,6,Sugar GRNs,,720575940641366517,720575940632873261,45,6,720575940610708430,720575940615043112,44
720575940638202345,6,Sugar GRNs,,720575940641366517,720575940632873261,45,6,720575940610708430,720575940612923390,36
720575940638202345,6,Sugar GRNs,,720575940641366517,720575940632873261,45,6,720575940610708430,720575940625379859,31
720575940638202345,6,Sugar GRNs,,720575940641366517,720575940632873261,45,6,720575940610708430,720575940622897639,30
720575940638202345,6,Sugar GRNs,,720575940641366517,720575940632873261,45,6,720575940610708430,720575940628199802,28
720575940638202345,6,Sugar GRNs,,720575940641366517,720575940632873261,45,6,720575940610708430,720575940643539566,27
720575940638202345,6,Sugar GRNs,,720575940641366517,720575940632873261,45,6,720575940610708430,720575940620628957,27
720575940638202345,6,Sugar GRNs,,720575940641366517,720575940632873261,45,6,720575940610708430,720575940631884883,26
720575940638202345,6,Sugar GRNs,,720575940641366517,720575940632873261,45,6,720575940610708430,720575940624064295,25
720575940638202345,6,Sugar GRNs,,720575940641366517,720575940632873261,45,6,720575940610708430,720575940632436307,25
720575940638202345,6,Sugar GRNs,,720575940641366517,720575940632873261,45,6,720575940610708430,720575940623081400,24
720575940638202345,6,Sugar GRNs,,720575940641366517,720575940632873261,45,6,720575940610708430,720575940628363820,22
720575940638202345,6,Sugar GRNs,,720575940641366517,720575940632873261,45,6,720575940610708430,720575940618694827,17
720575940638202345,6,Sugar GRNs,,720575940641366517,720575940632873261,45,6,720575940610708430,720575940614623455,17
720575940638202345,6,Sugar GRNs,,720575940641366517,720575940632873261,45,6,720575940610708430,720575940611254681,13
720575940638202345,6,Sugar GRNs,,720575940641366517,720575940632873261,45,6,720575940610708430,720575940615911380,6
720575940638202345,6,Sugar GRNs,,720575940641366517,720575940632636959,16,6,720575940631309866,720575940611254681,8
720575940638202345,6,Sugar GRNs,,720575940641366517,720575940621736669,15,5,720575940626021052,720575940628199802,9
720575940638202345,6,Sugar GRNs,,720575940641366517,720575940621736669,15,5,720575940626021052,720575940618694827,5
720575940638202345,6,Sugar GRNs,,720575940641366517,720575940629317450,15,7,720575940619025780,720575940628199802,7
720575940638202345,6,Sugar GRNs,,720575940641366517,720575940629317450,15,7,720575940619025780,720575940615911380,5
720575940638202345,6,Sugar GRNs,,720575940641366517,720575940629317450,15,6,720575940630311528,720575940623081400,5
720575940638202345,6,Sugar GRNs,,720575940641366517,720575940629317450,15,6,720575940630311528,720575940620628957,5
720575940624963786,6,Sugar GRNs,,720575940620856046,720575940625102692,47,10,720575940630311528,720575940623081400,5
720575940624963786,6,Sugar GRNs,,720575940620856046,720575940625102692,47,10,720575940630311528,720575940620628957,5
720575940624963786,6,Sugar GRNs,,720575940620856046,720575940625102692,47,8,720575940627492866,720575940650527222,11
720575940624963786,6,Sugar GRNs,,720575940620856046,720575940625102692,47,8,720575940627492866,720575940603765280,10
720575940624963786,6,Sugar GRNs,,720575940620856046,720575940625102692,47,8,720575940627492866,720575940623081400,5
720575940624963786,6,Sugar GRNs,,720575940620856046,720575940625102692,47,7,720575940622587018,720575940650527222,9
720575940624963786,6,Sugar GRNs,,720575940620856046,720575940625102692,47,7,720575940622587018,720575940628363820,6
720575940624963786,6,Sugar GRNs,,720575940620856046,720575940625102692,47,7,720575940622587018,720575940603765280,5
720575940624963786,6,Sugar GRNs,,720575940620856046,720575940630664556,26,5,720575940631915801,720575940615043112,5
720575940624963786,6,Sugar GRNs,,720575940620856046,720575940626870846,8,6,720575940626146125,720575940650527222,11
720575940624963786,6,Sugar GRNs,,720575940620856046,720575940626870846,8,6,720575940626146125,720575940622897639,6
720575940637568838,6,Sugar GRNs,,720575940637790527,720575940611077188,20,5,720575940622160705,720575940628363820,5
720575940637568838,6,Sugar GRNs,,720575940637790527,720575940626091722,18,11,720575940634721761,720575940650527222,5
720575940637568838,6,Sugar GRNs,,720575940637790527,720575940626091722,18,11,720575940634721761,720575940643539566,5
720575940637568838,6,Sugar GRNs,,720575940637790527,720575940626091722,18,7,720575940637572324,720575940620628957,9
720575940637568838,6,Sugar GRNs,,720575940637790527,720575940626091722,18,7,720575940637572324,720575940622897639,8
720575940637568838,6,Sugar GRNs,,720575940637790527,720575940611871352,8,11,720575940634721761,720575940650527222,5
720575940637568838,6,Sugar GRNs,,720575940637790527,720575940611871352,8,11,720575940634721761,720575940643539566,5
720575940637568838,6,Sugar GRNs,,720575940637790527,720575940620519083,7,13,720575940629026668,720575940614623455,9
720575940637568838,6,Sugar GRNs,,720575940637790527,720575940620519083,7,13,720575940629026668,720575940603765280,5
720575940637568838,6,Sugar GRNs,,720575940637790527,720575940620519083,7,13,720575940629026668,720575940650527222,5
720575940637568838,6,Sugar GRNs,,720575940637790527,720575940620519083,7,13,720575940629026668,720575940628363820,5
720575940637568838,6,Sugar GRNs,,720575940637790527,720575940620519083,7,13,720575940629026668,720575940622897639,5
720575940637568838,6,Sugar GRNs,,720575940637790527,720575940620519083,7,12,720575940626518474,720575940615911380,6
720575940637568838,6,Sugar GRNs,,720575940637790527,720575940620519083,7,12,720575940626518474,720575940628199802,5
720575940637568838,6,Sugar GRNs,,720575940637790527,720575940620519083,7,11,720575940624795962,720575940643539566,11
720575940637568838,6,Sugar GRNs,,720575940637790527,720575940620519083,7,11,720575940624795962,720575940615043112,6
720575940637568838,6,Sugar GRNs,,720575940637790527,720575940620519083,7,11,720575940624795962,720575940625379859,5
720575940637568838,6,Sugar GRNs,,720575940637790527,720575940620519083,7,10,720575940619025780,720575940628199802,7
720575940637568838,6,Sugar GRNs,,720575940637790527,720575940620519083,7,10,720575940619025780,720575940615911380,5
720575940637568838,6,Sugar GRNs,,720575940637790527,720575940620519083,7,9,720575940615686841,720575940603765280,8
720575940637568838,6,Sugar GRNs,,720575940637790527,720575940620519083,7,9,720575940615686841,720575940615043112,7
720575940637568838,6,Sugar GRNs,,720575940637790527,720575940620519083,7,9,720575940615686841,720575940622897639,7
720575940637568838,6,Sugar GRNs,,720575940637790527,720575940620519083,7,9,720575940615686841,720575940650527222,6
720575940637568838,6,Sugar GRNs,,720575940637790527,720575940620519083,7,9,720575940615686841,720575940612923390,6
720575940637568838,6,Sugar GRNs,,720575940637790527,720575940620519083,7,9,720575940615686841,720575940620628957,5
720575940637568838,6,Sugar GRNs,,720575940637790527,720575940620519083,7,7,720575940631969325,720575940618694827,6
720575940637568838,6,Sugar GRNs,,720575940637790527,720575940620519083,7,7,720575940631969325,720575940628199802,6
720575940637568838,6,Sugar GRNs,,720575940637790527,720575940620519083,7,7,720575940631969325,720575940643539566,5
720575940637568838,6,Sugar GRNs,,720575940637790527,720575940620519083,7,7,720575940631969325,720575940650527222,5
720575940637568838,6,Sugar GRNs,,720575940637790527,720575940620519083,7,7,720575940628903895,720575940623081400,7
720575940637568838,6,Sugar GRNs,,720575940637790527,720575940620519083,7,6,720575940613845516,720575940650527222,13
720575940637568838,6,Sugar GRNs,,720575940637790527,720575940620519083,7,6,720575940613845516,720575940603765280,11
720575940637568838,6,Sugar GRNs,,720575940637790527,720575940620519083,7,6,720575940613845516,720575940614623455,8
720575940637568838,6,Sugar GRNs,,720575940637790527,720575940620519083,7,6,720575940613845516,720575940622897639,8
720575940637568838,6,Sugar GRNs,,720575940637790527,720575940620519083,7,6,720575940613845516,720575940620628957,7
720575940637568838,6,Sugar GRNs,,720575940637790527,720575940620519083,7,6,720575940613845516,720575940628363820,7
720575940637568838,6,Sugar GRNs,,720575940637790527,720575940620519083,7,6,720575940613845516,720575940623081400,5
720575940637568838,6,Sugar GRNs,,720575940637790527,720575940630883343,6,7,720575940613845516,720575940650527222,13
720575940637568838,6,Sugar GRNs,,720575940637790527,720575940630883343,6,7,720575940613845516,720575940603765280,11
720575940637568838,6,Sugar GRNs,,720575940637790527,720575940630883343,6,7,720575940613845516,720575940614623455,8
720575940637568838,6,Sugar GRNs,,720575940637790527,720575940630883343,6,7,720575940613845516,720575940622897639,8
720575940637568838,6,Sugar GRNs,,720575940637790527,720575940630883343,6,7,720575940613845516,720575940620628957,7
720575940637568838,6,Sugar GRNs,,720575940637790527,720575940630883343,6,7,720575940613845516,720575940628363820,7
720575940637568838,6,Sugar GRNs,,720575940637790527,720575940630883343,6,7,720575940613845516,720575940623081400,5
720575940637568838,6,Sugar GRNs,,720575940637790527,720575940630883343,6,7,720575940615686841,720575940603765280,8
720575940637568838,6,Sugar GRNs,,720575940637790527,720575940630883343,6,7,720575940615686841,720575940615043112,7
720575940637568838,6,Sugar GRNs,,720575940637790527,720575940630883343,6,7,720575940615686841,720575940622897639,7
720575940637568838,6,Sugar GRNs,,720575940637790527,720575940630883343,6,7,720575940615686841,720575940650527222,6
720575940637568838,6,Sugar GRNs,,720575940637790527,720575940630883343,6,7,720575940615686841,720575940612923390,6
720575940637568838,6,Sugar GRNs,,720575940637790527,720575940630883343,6,7,720575940615686841,720575940620628957,5
720575940637568838,6,Sugar GRNs,,720575940637790527,720575940621225893,5,19,720575940631969325,720575940618694827,6
720575940637568838,6,Sugar GRNs,,720575940637790527,720575940621225893,5,19,720575940631969325,720575940628199802,6
720575940637568838,6,Sugar GRNs,,720575940637790527,720575940621225893,5,19,720575940631969325,720575940643539566,5
720575940637568838,6,Sugar GRNs,,720575940637790527,720575940621225893,5,19,720575940631969325,720575940650527222,5
720575940637568838,6,Sugar GRNs,,720575940637790527,720575940621225893,5,16,720575940623741795,720575940650527222,16
720575940637568838,6,Sugar GRNs,,720575940637790527,720575940621225893,5,16,720575940623741795,720575940603765280,12
720575940637568838,6,Sugar GRNs,,720575940637790527,720575940621225893,5,16,720575940623741795,720575940628363820,6
720575940637568838,6,Sugar GRNs,,720575940637790527,720575940621225893,5,16,720575940623741795,720575940623081400,6
720575940637568838,6,Sugar GRNs,,720575940637790527,720575940621225893,5,16,720575940623741795,720575940622897639,5
720575940637568838,6,Sugar GRNs,,720575940637790527,720575940621225893,5,16,720575940623741795,720575940614623455,5
720575940637568838,6,Sugar GRNs,,720575940637790527,720575940621225893,5,15,720575940608174894,720575940625379859,16
720575940637568838,6,Sugar GRNs,,720575940637790527,720575940621225893,5,15,720575940608174894,720575940615911380,16
720575940637568838,6,Sugar GRNs,,720575940637790527,720575940621225893,5,15,720575940608174894,720575940612923390,16
720575940637568838,6,Sugar GRNs,,720575940637790527,720575940621225893,5,15,720575940608174894,720575940631884883,8
720575940637568838,6,Sugar GRNs,,720575940637790527,720575940621225893,5,15,720575940608174894,720575940618694827,7
720575940637568838,6,Sugar GRNs,,720575940637790527,720575940621225893,5,15,720575940608174894,720575940628199802,5
720575940637568838,6,Sugar GRNs,,720575940637790527,720575940621225893,5,15,720575940608174894,720575940643539566,5
720575940637568838,6,Sugar GRNs,,720575940637790527,720575940621225893,5,12,720575940619025780,720575940628199802,7
720575940637568838,6,Sugar GRNs,,720575940637790527,720575940621225893,5,12,720575940619025780,720575940615911380,5
720575940637568838,6,Sugar GRNs,,720575940637790527,720575940621225893,5,11,720575940625320530,720575940628199802,10
720575940637568838,6,Sugar GRNs,,720575940637790527,720575940621225893,5,11,720575940625320530,720575940625379859,8
720575940637568838,6,Sugar GRNs,,720575940637790527,720575940621225893,5,11,720575940625320530,720575940612923390,7
720575940637568838,6,Sugar GRNs,,720575940637790527,720575940621225893,5,11,720575940625320530,720575940615043112,6
720575940637568838,6,Sugar GRNs,,720575940637790527,720575940621225893,5,10,720575940624795962,720575940643539566,11
720575940637568838,6,Sugar GRNs,,720575940637790527,720575940621225893,5,10,720575940624795962,720575940615043112,6
720575940637568838,6,Sugar GRNs,,720575940637790527,720575940621225893,5,10,720575940624795962,720575940625379859,5
720575940637568838,6,Sugar GRNs,,720575940637790527,720575940621225893,5,10,720575940625053773,720575940615043112,6
720575940637568838,6,Sugar GRNs,,720575940637790527,720575940621225893,5,10,720575940625053773,720575940603765280,5
720575940637568838,6,Sugar GRNs,,720575940637790527,720575940621225893,5,8,720575940628903895,720575940623081400,7
720575940637568838,6,Sugar GRNs,,720575940637790527,720575940621225893,5,8,720575940637763150,720575940650527222,7
720575940637568838,6,Sugar GRNs,,720575940637790527,720575940621225893,5,8,720575940637763150,720575940623081400,7
720575940637568838,6,Sugar GRNs,,720575940637790527,720575940621225893,5,8,720575940637763150,720575940622897639,6
720575940637568838,6,Sugar GRNs,,720575940637790527,720575940621225893,5,8,720575940637763150,720575940628363820,5
720575940637568838,6,Sugar GRNs,,720575940637790527,720575940621225893,5,7,720575940615686841,720575940603765280,8
720575940637568838,6,Sugar GRNs,,720575940637790527,720575940621225893,5,7,720575940615686841,720575940615043112,7
720575940637568838,6,Sugar GRNs,,720575940637790527,720575940621225893,5,7,720575940615686841,720575940622897639,7
720575940637568838,6,Sugar GRNs,,720575940637790527,720575940621225893,5,7,720575940615686841,720575940650527222,6
720575940637568838,6,Sugar GRNs,,720575940637790527,720575940621225893,5,7,720575940615686841,720575940612923390,6
720575940637568838,6,Sugar GRNs,,720575940637790527,720575940621225893,5,7,720575940615686841,720575940620628957,5
720575940637568838,6,Sugar GRNs,,720575940637790527,720575940621225893,5,6,720575940629026668,720575940614623455,9
720575940637568838,6,Sugar GRNs,,720575940637790527,720575940621225893,5,6,720575940629026668,720575940603765280,5
720575940637568838,6,Sugar GRNs,,720575940637790527,720575940621225893,5,6,720575940629026668,720575940650527222,5
720575940637568838,6,Sugar GRNs,,720575940637790527,720575940621225893,5,6,720575940629026668,720575940628363820,5
720575940637568838,6,Sugar GRNs,,720575940637790527,720575940621225893,5,6,720575940629026668,720575940622897639,5
720575940624963786,6,Sugar GRNs,,720575940637763135,720575940636574388,18,6,720575940610708430,720575940650527222,56
720575940624963786,6,Sugar GRNs,,720575940637763135,720575940636574388,18,6,720575940610708430,720575940603765280,45
720575940624963786,6,Sugar GRNs,,720575940637763135,720575940636574388,18,6,720575940610708430,720575940615043112,44
720575940624963786,6,Sugar GRNs,,720575940637763135,720575940636574388,18,6,720575940610708430,720575940612923390,36
720575940624963786,6,Sugar GRNs,,720575940637763135,720575940636574388,18,6,720575940610708430,720575940625379859,31
720575940624963786,6,Sugar GRNs,,720575940637763135,720575940636574388,18,6,720575940610708430,720575940622897639,30
720575940624963786,6,Sugar GRNs,,720575940637763135,720575940636574388,18,6,720575940610708430,720575940628199802,28
720575940624963786,6,Sugar GRNs,,720575940637763135,720575940636574388,18,6,720575940610708430,720575940643539566,27
720575940624963786,6,Sugar GRNs,,720575940637763135,720575940636574388,18,6,720575940610708430,720575940620628957,27
720575940624963786,6,Sugar GRNs,,720575940637763135,720575940636574388,18,6,720575940610708430,720575940631884883,26
720575940624963786,6,Sugar GRNs,,720575940637763135,720575940636574388,18,6,720575940610708430,720575940624064295,25
720575940624963786,6,Sugar GRNs,,720575940637763135,720575940636574388,18,6,720575940610708430,720575940632436307,25
720575940624963786,6,Sugar GRNs,,720575940637763135,720575940636574388,18,6,720575940610708430,720575940623081400,24
720575940624963786,6,Sugar GRNs,,720575940637763135,720575940636574388,18,6,720575940610708430,720575940628363820,22
720575940624963786,6,Sugar GRNs,,720575940637763135,720575940636574388,18,6,720575940610708430,720575940618694827,17
720575940624963786,6,Sugar GRNs,,720575940637763135,720575940636574388,18,6,720575940610708430,720575940614623455,17
720575940624963786,6,Sugar GRNs,,720575940637763135,720575940636574388,18,6,720575940610708430,720575940611254681,13
720575940624963786,6,Sugar GRNs,,720575940637763135,720575940636574388,18,6,720575940610708430,720575940615911380,6
720575940632425919,6,Sugar GRNs,,720575940622116705,720575940635210859,7,7,720575940631309866,720575940611254681,8
720575940632425919,6,Sugar GRNs,,720575940622116705,720575940636574388,5,6,720575940610708430,720575940650527222,56
720575940632425919,6,Sugar GRNs,,720575940622116705,720575940636574388,5,6,720575940610708430,720575940603765280,45
720575940632425919,6,Sugar GRNs,,720575940622116705,720575940636574388,5,6,720575940610708430,720575940615043112,44
720575940632425919,6,Sugar GRNs,,720575940622116705,720575940636574388,5,6,720575940610708430,720575940612923390,36
720575940632425919,6,Sugar GRNs,,720575940622116705,720575940636574388,5,6,720575940610708430,720575940625379859,31
720575940632425919,6,Sugar GRNs,,720575940622116705,720575940636574388,5,6,720575940610708430,720575940622897639,30
720575940632425919,6,Sugar GRNs,,720575940622116705,720575940636574388,5,6,720575940610708430,720575940628199802,28
720575940632425919,6,Sugar GRNs,,720575940622116705,720575940636574388,5,6,720575940610708430,720575940643539566,27
720575940632425919,6,Sugar GRNs,,720575940622116705,720575940636574388,5,6,720575940610708430,720575940620628957,27
720575940632425919,6,Sugar GRNs,,720575940622116705,720575940636574388,5,6,720575940610708430,720575940631884883,26
720575940632425919,6,Sugar GRNs,,720575940622116705,720575940636574388,5,6,720575940610708430,720575940624064295,25
720575940632425919,6,Sugar GRNs,,720575940622116705,720575940636574388,5,6,720575940610708430,720575940632436307,25
720575940632425919,6,Sugar GRNs,,720575940622116705,720575940636574388,5,6,720575940610708430,720575940623081400,24
720575940632425919,6,Sugar GRNs,,720575940622116705,720575940636574388,5,6,720575940610708430,720575940628363820,22
720575940632425919,6,Sugar GRNs,,720575940622116705,720575940636574388,5,6,720575940610708430,720575940618694827,17
720575940632425919,6,Sugar GRNs,,720575940622116705,720575940636574388,5,6,720575940610708430,720575940614623455,17
720575940632425919,6,Sugar GRNs,,720575940622116705,720575940636574388,5,6,720575940610708430,720575940611254681,13
720575940632425919,6,Sugar GRNs,,720575940622116705,720575940636574388,5,6,720575940610708430,720575940615911380,6
720575940639198653,6,Sugar GRNs,,720575940625867056,720575940645039383,6,5,720575940623040094,720575940612923390,7
720575940639198653,6,Sugar GRNs,,720575940625867056,720575940645039383,6,5,720575940623040094,720575940615043112,5
720575940610788069,6,Sugar GRNs,,720575940639274147,720575940620061793,83,120,720575940631309866,720575940611254681,8
720575940610788069,6,Sugar GRNs,,720575940639274147,720575940628683063,5,19,720575940642715040,720575940632436307,8
720575940610788069,6,Sugar GRNs,,720575940639274147,720575940628683063,5,6,720575940610708430,720575940650527222,56
720575940610788069,6,Sugar GRNs,,720575940639274147,720575940628683063,5,6,720575940610708430,720575940603765280,45
720575940610788069,6,Sugar GRNs,,720575940639274147,720575940628683063,5,6,720575940610708430,720575940615043112,44
720575940610788069,6,Sugar GRNs,,720575940639274147,720575940628683063,5,6,720575940610708430,720575940612923390,36
720575940610788069,6,Sugar GRNs,,720575940639274147,720575940628683063,5,6,720575940610708430,720575940625379859,31
720575940610788069,6,Sugar GRNs,,720575940639274147,720575940628683063,5,6,720575940610708430,720575940622897639,30
720575940610788069,6,Sugar GRNs,,720575940639274147,720575940628683063,5,6,720575940610708430,720575940628199802,28
720575940610788069,6,Sugar GRNs,,720575940639274147,720575940628683063,5,6,720575940610708430,720575940643539566,27
720575940610788069,6,Sugar GRNs,,720575940639274147,720575940628683063,5,6,720575940610708430,720575940620628957,27
720575940610788069,6,Sugar GRNs,,720575940639274147,720575940628683063,5,6,720575940610708430,720575940631884883,26
720575940610788069,6,Sugar GRNs,,720575940639274147,720575940628683063,5,6,720575940610708430,720575940624064295,25
720575940610788069,6,Sugar GRNs,,720575940639274147,720575940628683063,5,6,720575940610708430,720575940632436307,25
720575940610788069,6,Sugar GRNs,,720575940639274147,720575940628683063,5,6,720575940610708430,720575940623081400,24
720575940610788069,6,Sugar GRNs,,720575940639274147,720575940628683063,5,6,720575940610708430,720575940628363820,22
720575940610788069,6,Sugar GRNs,,720575940639274147,720575940628683063,5,6,720575940610708430,720575940618694827,17
720575940610788069,6,Sugar GRNs,,720575940639274147,720575940628683063,5,6,720575940610708430,720575940614623455,17
720575940610788069,6,Sugar GRNs,,720575940639274147,720575940628683063,5,6,720575940610708430,720575940611254681,13
720575940610788069,6,Sugar GRNs,,720575940639274147,720575940628683063,5,6,720575940610708430,720575940615911380,6
720575940623172843,6,Sugar GRNs,,720575940637763135,720575940636574388,18,6,720575940610708430,720575940650527222,56
720575940623172843,6,Sugar GRNs,,720575940637763135,720575940636574388,18,6,720575940610708430,720575940603765280,45
720575940623172843,6,Sugar GRNs,,720575940637763135,720575940636574388,18,6,720575940610708430,720575940615043112,44
720575940623172843,6,Sugar GRNs,,720575940637763135,720575940636574388,18,6,720575940610708430,720575940612923390,36
720575940623172843,6,Sugar GRNs,,720575940637763135,720575940636574388,18,6,720575940610708430,720575940625379859,31
720575940623172843,6,Sugar GRNs,,720575940637763135,720575940636574388,18,6,720575940610708430,720575940622897639,30
720575940623172843,6,Sugar GRNs,,720575940637763135,720575940636574388,18,6,720575940610708430,720575940628199802,28
720575940623172843,6,Sugar GRNs,,720575940637763135,720575940636574388,18,6,720575940610708430,720575940643539566,27
720575940623172843,6,Sugar GRNs,,720575940637763135,720575940636574388,18,6,720575940610708430,720575940620628957,27
720575940623172843,6,Sugar GRNs,,720575940637763135,720575940636574388,18,6,720575940610708430,720575940631884883,26
720575940623172843,6,Sugar GRNs,,720575940637763135,720575940636574388,18,6,720575940610708430,720575940624064295,25
720575940623172843,6,Sugar GRNs,,720575940637763135,720575940636574388,18,6,720575940610708430,720575940632436307,25
720575940623172843,6,Sugar GRNs,,720575940637763135,720575940636574388,18,6,720575940610708430,720575940623081400,24
720575940623172843,6,Sugar GRNs,,720575940637763135,720575940636574388,18,6,720575940610708430,720575940628363820,22
720575940623172843,6,Sugar GRNs,,720575940637763135,720575940636574388,18,6,720575940610708430,720575940618694827,17
720575940623172843,6,Sugar GRNs,,720575940637763135,720575940636574388,18,6,720575940610708430,720575940614623455,17
720575940623172843,6,Sugar GRNs,,720575940637763135,720575940636574388,18,6,720575940610708430,720575940611254681,13
720575940623172843,6,Sugar GRNs,,720575940637763135,720575940636574388,18,6,720575940610708430,720575940615911380,6
720575940633143833,6,Sugar GRNs,,720575940632648868,720575940645039383,56,5,720575940623040094,720575940612923390,7
720575940633143833,6,Sugar GRNs,,720575940632648868,720575940645039383,56,5,720575940623040094,720575940615043112,5
720575940639198653,6,Sugar GRNs,,720575940618574749,720575940620746478,15,5,720575940618310229,720575940628363820,5
720575940639198653,6,Sugar GRNs,,720575940618574749,720575940620746478,15,5,720575940618310229,720575940620628957,5
720575940617000768,6,Sugar GRNs,,720575940606866377,720575940629370844,7,6,720575940626021052,720575940628199802,9
720575940617000768,6,Sugar GRNs,,720575940606866377,720575940629370844,7,6,720575940626021052,720575940618694827,5
720575940617000768,6,Sugar GRNs,,720575940606866377,720575940629370844,7,5,720575940637718598,720575940612923390,8
720575940617000768,6,Sugar GRNs,,720575940606866377,720575940629370844,7,5,720575940637718598,720575940615911380,7
720575940617000768,6,Sugar GRNs,,720575940606866377,720575940632873261,5,7,720575940644948771,720575940632436307,30
720575940617000768,6,Sugar GRNs,,720575940606866377,720575940632873261,5,6,720575940610708430,720575940650527222,56
720575940617000768,6,Sugar GRNs,,720575940606866377,720575940632873261,5,6,720575940610708430,720575940603765280,45
720575940617000768,6,Sugar GRNs,,720575940606866377,720575940632873261,5,6,720575940610708430,720575940615043112,44
720575940617000768,6,Sugar GRNs,,720575940606866377,720575940632873261,5,6,720575940610708430,720575940612923390,36
720575940617000768,6,Sugar GRNs,,720575940606866377,720575940632873261,5,6,720575940610708430,720575940625379859,31
720575940617000768,6,Sugar GRNs,,720575940606866377,720575940632873261,5,6,720575940610708430,720575940622897639,30
720575940617000768,6,Sugar GRNs,,720575940606866377,720575940632873261,5,6,720575940610708430,720575940628199802,28
720575940617000768,6,Sugar GRNs,,720575940606866377,720575940632873261,5,6,720575940610708430,720575940643539566,27
720575940617000768,6,Sugar GRNs,,720575940606866377,720575940632873261,5,6,720575940610708430,720575940620628957,27
720575940617000768,6,Sugar GRNs,,720575940606866377,720575940632873261,5,6,720575940610708430,720575940631884883,26
720575940617000768,6,Sugar GRNs,,720575940606866377,720575940632873261,5,6,720575940610708430,720575940624064295,25
720575940617000768,6,Sugar GRNs,,720575940606866377,720575940632873261,5,6,720575940610708430,720575940632436307,25
720575940617000768,6,Sugar GRNs,,720575940606866377,720575940632873261,5,6,720575940610708430,720575940623081400,24
720575940617000768,6,Sugar GRNs,,720575940606866377,720575940632873261,5,6,720575940610708430,720575940628363820,22
720575940617000768,6,Sugar GRNs,,720575940606866377,720575940632873261,5,6,720575940610708430,720575940618694827,17
720575940617000768,6,Sugar GRNs,,720575940606866377,720575940632873261,5,6,720575940610708430,720575940614623455,17
720575940617000768,6,Sugar GRNs,,720575940606866377,720575940632873261,5,6,720575940610708430,720575940611254681,13
720575940617000768,6,Sugar GRNs,,720575940606866377,720575940632873261,5,6,720575940610708430,720575940615911380,6
720575940639259967,6,Sugar GRNs,,720575940625867056,720575940645039383,6,5,720575940623040094,720575940612923390,7
720575940639259967,6,Sugar GRNs,,720575940625867056,720575940645039383,6,5,720575940623040094,720575940615043112,5
720575940621502051,6,Sugar GRNs,,720575940632648612,720575940632873261,38,7,720575940644948771,720575940632436307,30
720575940621502051,6,Sugar GRNs,,720575940632648612,720575940632873261,38,6,720575940610708430,720575940650527222,56
720575940621502051,6,Sugar GRNs,,720575940632648612,720575940632873261,38,6,720575940610708430,720575940603765280,45
720575940621502051,6,Sugar GRNs,,720575940632648612,720575940632873261,38,6,720575940610708430,720575940615043112,44
720575940621502051,6,Sugar GRNs,,720575940632648612,720575940632873261,38,6,720575940610708430,720575940612923390,36
720575940621502051,6,Sugar GRNs,,720575940632648612,720575940632873261,38,6,720575940610708430,720575940625379859,31
720575940621502051,6,Sugar GRNs,,720575940632648612,720575940632873261,38,6,720575940610708430,720575940622897639,30
720575940621502051,6,Sugar GRNs,,720575940632648612,720575940632873261,38,6,720575940610708430,720575940628199802,28
720575940621502051,6,Sugar GRNs,,720575940632648612,720575940632873261,38,6,720575940610708430,720575940643539566,27
720575940621502051,6,Sugar GRNs,,720575940632648612,720575940632873261,38,6,720575940610708430,720575940620628957,27
720575940621502051,6,Sugar GRNs,,720575940632648612,720575940632873261,38,6,720575940610708430,720575940631884883,26
720575940621502051,6,Sugar GRNs,,720575940632648612,720575940632873261,38,6,720575940610708430,720575940624064295,25
720575940621502051,6,Sugar GRNs,,720575940632648612,720575940632873261,38,6,720575940610708430,720575940632436307,25
720575940621502051,6,Sugar GRNs,,720575940632648612,720575940632873261,38,6,720575940610708430,720575940623081400,24
720575940621502051,6,Sugar GRNs,,720575940632648612,720575940632873261,38,6,720575940610708430,720575940628363820,22
720575940621502051,6,Sugar GRNs,,720575940632648612,720575940632873261,38,6,720575940610708430,720575940618694827,17
720575940621502051,6,Sugar GRNs,,720575940632648612,720575940632873261,38,6,720575940610708430,720575940614623455,17
720575940621502051,6,Sugar GRNs,,720575940632648612,720575940632873261,38,6,720575940610708430,720575940611254681,13
720575940621502051,6,Sugar GRNs,,720575940632648612,720575940632873261,38,6,720575940610708430,720575940615911380,6
720575940621502051,6,Sugar GRNs,,720575940632648612,720575940628683063,28,19,720575940642715040,720575940632436307,8
720575940621502051,6,Sugar GRNs,,720575940632648612,720575940628683063,28,6,720575940610708430,720575940650527222,56
720575940621502051,6,Sugar GRNs,,720575940632648612,720575940628683063,28,6,720575940610708430,720575940603765280,45
720575940621502051,6,Sugar GRNs,,720575940632648612,720575940628683063,28,6,720575940610708430,720575940615043112,44
720575940621502051,6,Sugar GRNs,,720575940632648612,720575940628683063,28,6,720575940610708430,720575940612923390,36
720575940621502051,6,Sugar GRNs,,720575940632648612,720575940628683063,28,6,720575940610708430,720575940625379859,31
720575940621502051,6,Sugar GRNs,,720575940632648612,720575940628683063,28,6,720575940610708430,720575940622897639,30
720575940621502051,6,Sugar GRNs,,720575940632648612,720575940628683063,28,6,720575940610708430,720575940628199802,28
720575940621502051,6,Sugar GRNs,,720575940632648612,720575940628683063,28,6,720575940610708430,720575940643539566,27
720575940621502051,6,Sugar GRNs,,720575940632648612,720575940628683063,28,6,720575940610708430,720575940620628957,27
720575940621502051,6,Sugar GRNs,,720575940632648612,720575940628683063,28,6,720575940610708430,720575940631884883,26
720575940621502051,6,Sugar GRNs,,720575940632648612,720575940628683063,28,6,720575940610708430,720575940624064295,25
720575940621502051,6,Sugar GRNs,,720575940632648612,720575940628683063,28,6,720575940610708430,720575940632436307,25
720575940621502051,6,Sugar GRNs,,720575940632648612,720575940628683063,28,6,720575940610708430,720575940623081400,24
720575940621502051,6,Sugar GRNs,,720575940632648612,720575940628683063,28,6,720575940610708430,720575940628363820,22
720575940621502051,6,Sugar GRNs,,720575940632648612,720575940628683063,28,6,720575940610708430,720575940618694827,17
720575940621502051,6,Sugar GRNs,,720575940632648612,720575940628683063,28,6,720575940610708430,720575940614623455,17
720575940621502051,6,Sugar GRNs,,720575940632648612,720575940628683063,28,6,720575940610708430,720575940611254681,13
720575940621502051,6,Sugar GRNs,,720575940632648612,720575940628683063,28,6,720575940610708430,720575940615911380,6
720575940621502051,6,Sugar GRNs,,720575940632648612,720575940632146340,13,6,720575940633711028,720575940618694827,10
720575940621502051,6,Sugar GRNs,,720575940632648612,720575940632146340,13,6,720575940633711028,720575940615911380,5
720575940621502051,6,Sugar GRNs,,720575940632648612,720575940629317450,12,7,720575940619025780,720575940628199802,7
720575940621502051,6,Sugar GRNs,,720575940632648612,720575940629317450,12,7,720575940619025780,720575940615911380,5
720575940621502051,6,Sugar GRNs,,720575940632648612,720575940629317450,12,6,720575940630311528,720575940623081400,5
720575940621502051,6,Sugar GRNs,,720575940632648612,720575940629317450,12,6,720575940630311528,720575940620628957,5
720575940621502051,6,Sugar GRNs,,720575940632648612,720575940634683743,10,5,720575940633711028,720575940618694827,10
720575940621502051,6,Sugar GRNs,,720575940632648612,720575940634683743,10,5,720575940633711028,720575940615911380,5
720575940621502051,6,Sugar GRNs,,720575940632648612,720575940629211607,8,5,720575940630311528,720575940623081400,5
720575940621502051,6,Sugar GRNs,,720575940632648612,720575940629211607,8,5,720575940630311528,720575940620628957,5
720575940621502051,6,Sugar GRNs,,720575940632648612,720575940614273292,7,7,720575940630311528,720575940623081400,5
720575940621502051,6,Sugar GRNs,,720575940632648612,720575940614273292,7,7,720575940630311528,720575940620628957,5
720575940621502051,6,Sugar GRNs,,720575940632648612,720575940614273292,7,5,720575940626146125,720575940650527222,11
720575940621502051,6,Sugar GRNs,,720575940632648612,720575940614273292,7,5,720575940626146125,720575940622897639,6
720575940621502051,6,Sugar GRNs,,720575940632648612,720575940621736669,6,5,720575940626021052,720575940628199802,9
720575940621502051,6,Sugar GRNs,,720575940632648612,720575940621736669,6,5,720575940626021052,720575940618694827,5
720575940621502051,6,Sugar GRNs,,720575940632648612,720575940636574388,6,6,720575940610708430,720575940650527222,56
720575940621502051,6,Sugar GRNs,,720575940632648612,720575940636574388,6,6,720575940610708430,720575940603765280,45
720575940621502051,6,Sugar GRNs,,720575940632648612,720575940636574388,6,6,720575940610708430,720575940615043112,44
720575940621502051,6,Sugar GRNs,,720575940632648612,720575940636574388,6,6,720575940610708430,720575940612923390,36
720575940621502051,6,Sugar GRNs,,720575940632648612,720575940636574388,6,6,720575940610708430,720575940625379859,31
720575940621502051,6,Sugar GRNs,,720575940632648612,720575940636574388,6,6,720575940610708430,720575940622897639,30
720575940621502051,6,Sugar GRNs,,720575940632648612,720575940636574388,6,6,720575940610708430,720575940628199802,28
720575940621502051,6,Sugar GRNs,,720575940632648612,720575940636574388,6,6,720575940610708430,720575940643539566,27
720575940621502051,6,Sugar GRNs,,720575940632648612,720575940636574388,6,6,720575940610708430,720575940620628957,27
720575940621502051,6,Sugar GRNs,,720575940632648612,720575940636574388,6,6,720575940610708430,720575940631884883,26
720575940621502051,6,Sugar GRNs,,720575940632648612,720575940636574388,6,6,720575940610708430,720575940624064295,25
720575940621502051,6,Sugar GRNs,,720575940632648612,720575940636574388,6,6,720575940610708430,720575940632436307,25
720575940621502051,6,Sugar GRNs,,720575940632648612,720575940636574388,6,6,720575940610708430,720575940623081400,24
720575940621502051,6,Sugar GRNs,,720575940632648612,720575940636574388,6,6,720575940610708430,720575940628363820,22
720575940621502051,6,Sugar GRNs,,720575940632648612,720575940636574388,6,6,720575940610708430,720575940618694827,17
720575940621502051,6,Sugar GRNs,,720575940632648612,720575940636574388,6,6,720575940610708430,720575940614623455,17
720575940621502051,6,Sugar GRNs,,720575940632648612,720575940636574388,6,6,720575940610708430,720575940611254681,13
720575940621502051,6,Sugar GRNs,,720575940632648612,720575940636574388,6,6,720575940610708430,720575940615911380,6
720575940621502051,6,Sugar GRNs,,720575940632648612,720575940637580102,6,6,720575940633711028,720575940618694827,10
720575940621502051,6,Sugar GRNs,,720575940632648612,720575940637580102,6,6,720575940633711028,720575940615911380,5
720575940621502051,6,Sugar GRNs,,720575940632648612,720575940632636959,5,6,720575940631309866,720575940611254681,8
720575940621754367,6,Sugar GRNs,,720575940626191306,720575940647606148,10,6,720575940622160705,720575940628363820,5
720575940621754367,6,Sugar GRNs,,720575940626191306,720575940626308697,5,84,720575940610708430,720575940650527222,56
720575940621754367,6,Sugar GRNs,,720575940626191306,720575940626308697,5,84,720575940610708430,720575940603765280,45
720575940621754367,6,Sugar GRNs,,720575940626191306,720575940626308697,5,84,720575940610708430,720575940615043112,44
720575940621754367,6,Sugar GRNs,,720575940626191306,720575940626308697,5,84,720575940610708430,720575940612923390,36
720575940621754367,6,Sugar GRNs,,720575940626191306,720575940626308697,5,84,720575940610708430,720575940625379859,31
720575940621754367,6,Sugar GRNs,,720575940626191306,720575940626308697,5,84,720575940610708430,720575940622897639,30
720575940621754367,6,Sugar GRNs,,720575940626191306,720575940626308697,5,84,720575940610708430,720575940628199802,28
720575940621754367,6,Sugar GRNs,,720575940626191306,720575940626308697,5,84,720575940610708430,720575940643539566,27
720575940621754367,6,Sugar GRNs,,720575940626191306,720575940626308697,5,84,720575940610708430,720575940620628957,27
720575940621754367,6,Sugar GRNs,,720575940626191306,720575940626308697,5,84,720575940610708430,720575940631884883,26
720575940621754367,6,Sugar GRNs,,720575940626191306,720575940626308697,5,84,720575940610708430,720575940624064295,25
720575940621754367,6,Sugar GRNs,,720575940626191306,720575940626308697,5,84,720575940610708430,720575940632436307,25
720575940621754367,6,Sugar GRNs,,720575940626191306,720575940626308697,5,84,720575940610708430,720575940623081400,24
720575940621754367,6,Sugar GRNs,,720575940626191306,720575940626308697,5,84,720575940610708430,720575940628363820,22
720575940621754367,6,Sugar GRNs,,720575940626191306,720575940626308697,5,84,720575940610708430,720575940618694827,17
720575940621754367,6,Sugar GRNs,,720575940626191306,720575940626308697,5,84,720575940610708430,720575940614623455,17
720575940621754367,6,Sugar GRNs,,720575940626191306,720575940626308697,5,84,720575940610708430,720575940611254681,13
720575940621754367,6,Sugar GRNs,,720575940626191306,720575940626308697,5,84,720575940610708430,720575940615911380,6
720575940610788069,6,Sugar GRNs,,720575940632877869,720575940624532408,26,12,720575940621490721,720575940632436307,8
720575940610788069,6,Sugar GRNs,,720575940632877869,720575940620061793,26,120,720575940631309866,720575940611254681,8
720575940610788069,6,Sugar GRNs,,720575940632877869,720575940620096171,18,8,720575940621490721,720575940632436307,8
720575940610788069,6,Sugar GRNs,,720575940632877869,720575940620096171,18,5,720575940631309866,720575940611254681,8
720575940610788069,6,Sugar GRNs,,720575940632877869,720575940632636959,15,6,720575940631309866,720575940611254681,8
720575940610788069,6,Sugar GRNs,,720575940632877869,720575940617755220,10,77,720575940631309866,720575940611254681,8
720575940610788069,6,Sugar GRNs,,720575940632877869,720575940613754833,6,11,720575940615871967,720575940643539566,9
720575940610788069,6,Sugar GRNs,,720575940632877869,720575940613754833,6,11,720575940615871967,720575940618694827,6
720575940610788069,6,Sugar GRNs,,720575940632877869,720575940613754833,6,11,720575940615871967,720575940615911380,6
720575940610788069,6,Sugar GRNs,,720575940632877869,720575940613754833,6,11,720575940615871967,720575940612923390,5
720575940630233916,6,Sugar GRNs,,720575940620856046,720575940625102692,47,10,720575940630311528,720575940623081400,5
720575940630233916,6,Sugar GRNs,,720575940620856046,720575940625102692,47,10,720575940630311528,720575940620628957,5
720575940630233916,6,Sugar GRNs,,720575940620856046,720575940625102692,47,8,720575940627492866,720575940650527222,11
720575940630233916,6,Sugar GRNs,,720575940620856046,720575940625102692,47,8,720575940627492866,720575940603765280,10
720575940630233916,6,Sugar GRNs,,720575940620856046,720575940625102692,47,8,720575940627492866,720575940623081400,5
720575940630233916,6,Sugar GRNs,,720575940620856046,720575940625102692,47,7,720575940622587018,720575940650527222,9
720575940630233916,6,Sugar GRNs,,720575940620856046,720575940625102692,47,7,720575940622587018,720575940628363820,6
720575940630233916,6,Sugar GRNs,,720575940620856046,720575940625102692,47,7,720575940622587018,720575940603765280,5
720575940630233916,6,Sugar GRNs,,720575940620856046,720575940630664556,26,5,720575940631915801,720575940615043112,5
720575940630233916,6,Sugar GRNs,,720575940620856046,720575940626870846,8,6,720575940626146125,720575940650527222,11
720575940630233916,6,Sugar GRNs,,720575940620856046,720575940626870846,8,6,720575940626146125,720575940622897639,6
720575940638202345,5,Sugar GRNs,,720575940612692633,720575940628683063,13,19,720575940642715040,720575940632436307,8
720575940638202345,5,Sugar GRNs,,720575940612692633,720575940628683063,13,6,720575940610708430,720575940650527222,56
720575940638202345,5,Sugar GRNs,,720575940612692633,720575940628683063,13,6,720575940610708430,720575940603765280,45
720575940638202345,5,Sugar GRNs,,720575940612692633,720575940628683063,13,6,720575940610708430,720575940615043112,44
720575940638202345,5,Sugar GRNs,,720575940612692633,720575940628683063,13,6,720575940610708430,720575940612923390,36
720575940638202345,5,Sugar GRNs,,720575940612692633,720575940628683063,13,6,720575940610708430,720575940625379859,31
720575940638202345,5,Sugar GRNs,,720575940612692633,720575940628683063,13,6,720575940610708430,720575940622897639,30
720575940638202345,5,Sugar GRNs,,720575940612692633,720575940628683063,13,6,720575940610708430,720575940628199802,28
720575940638202345,5,Sugar GRNs,,720575940612692633,720575940628683063,13,6,720575940610708430,720575940643539566,27
720575940638202345,5,Sugar GRNs,,720575940612692633,720575940628683063,13,6,720575940610708430,720575940620628957,27
720575940638202345,5,Sugar GRNs,,720575940612692633,720575940628683063,13,6,720575940610708430,720575940631884883,26
720575940638202345,5,Sugar GRNs,,720575940612692633,720575940628683063,13,6,720575940610708430,720575940624064295,25
720575940638202345,5,Sugar GRNs,,720575940612692633,720575940628683063,13,6,720575940610708430,720575940632436307,25
720575940638202345,5,Sugar GRNs,,720575940612692633,720575940628683063,13,6,720575940610708430,720575940623081400,24
720575940638202345,5,Sugar GRNs,,720575940612692633,720575940628683063,13,6,720575940610708430,720575940628363820,22
720575940638202345,5,Sugar GRNs,,720575940612692633,720575940628683063,13,6,720575940610708430,720575940618694827,17
720575940638202345,5,Sugar GRNs,,720575940612692633,720575940628683063,13,6,720575940610708430,720575940614623455,17
720575940638202345,5,Sugar GRNs,,720575940612692633,720575940628683063,13,6,720575940610708430,720575940611254681,13
720575940638202345,5,Sugar GRNs,,720575940612692633,720575940628683063,13,6,720575940610708430,720575940615911380,6
720575940630797113,5,Sugar GRNs,,720575940623210445,720575940611549902,7,6,720575940623040094,720575940612923390,7
720575940630797113,5,Sugar GRNs,,720575940623210445,720575940611549902,7,6,720575940623040094,720575940615043112,5
720575940616885538,5,Sugar GRNs,,720575940628114684,720575940612648106,7,6,720575940621490721,720575940632436307,8
720575940639332736,5,Sugar GRNs,,720575940626191306,720575940647606148,10,6,720575940622160705,720575940628363820,5
720575940639332736,5,Sugar GRNs,,720575940626191306,720575940626308697,5,84,720575940610708430,720575940650527222,56
720575940639332736,5,Sugar GRNs,,720575940626191306,720575940626308697,5,84,720575940610708430,720575940603765280,45
720575940639332736,5,Sugar GRNs,,720575940626191306,720575940626308697,5,84,720575940610708430,720575940615043112,44
720575940639332736,5,Sugar GRNs,,720575940626191306,720575940626308697,5,84,720575940610708430,720575940612923390,36
720575940639332736,5,Sugar GRNs,,720575940626191306,720575940626308697,5,84,720575940610708430,720575940625379859,31
720575940639332736,5,Sugar GRNs,,720575940626191306,720575940626308697,5,84,720575940610708430,720575940622897639,30
720575940639332736,5,Sugar GRNs,,720575940626191306,720575940626308697,5,84,720575940610708430,720575940628199802,28
720575940639332736,5,Sugar GRNs,,720575940626191306,720575940626308697,5,84,720575940610708430,720575940643539566,27
720575940639332736,5,Sugar GRNs,,720575940626191306,720575940626308697,5,84,720575940610708430,720575940620628957,27
720575940639332736,5,Sugar GRNs,,720575940626191306,720575940626308697,5,84,720575940610708430,720575940631884883,26
720575940639332736,5,Sugar GRNs,,720575940626191306,720575940626308697,5,84,720575940610708430,720575940624064295,25
720575940639332736,5,Sugar GRNs,,720575940626191306,720575940626308697,5,84,720575940610708430,720575940632436307,25
720575940639332736,5,Sugar GRNs,,720575940626191306,720575940626308697,5,84,720575940610708430,720575940623081400,24
720575940639332736,5,Sugar GRNs,,720575940626191306,720575940626308697,5,84,720575940610708430,720575940628363820,22
720575940639332736,5,Sugar GRNs,,720575940626191306,720575940626308697,5,84,720575940610708430,720575940618694827,17
720575940639332736,5,Sugar GRNs,,720575940626191306,720575940626308697,5,84,720575940610708430,720575940614623455,17
720575940639332736,5,Sugar GRNs,,720575940626191306,720575940626308697,5,84,720575940610708430,720575940611254681,13
720575940639332736,5,Sugar GRNs,,720575940626191306,720575940626308697,5,84,720575940610708430,720575940615911380,6
720575940612670570,5,Sugar GRNs,,720575940626972056,720575940630664556,10,5,720575940631915801,720575940615043112,5
720575940612670570,5,Sugar GRNs,,720575940626972056,720575940607472988,7,9,720575940624454221,720575940622897639,12
720575940612670570,5,Sugar GRNs,,720575940626972056,720575940607472988,7,9,720575940624454221,720575940650527222,6
720575940612670570,5,Sugar GRNs,,720575940626972056,720575940607472988,7,9,720575940624454221,720575940623081400,5
720575940612670570,5,Sugar GRNs,,720575940626972056,720575940607472988,7,9,720575940624454221,720575940620628957,5
720575940612670570,5,Sugar GRNs,,720575940626972056,720575940607472988,7,9,720575940624454221,720575940615043112,5
720575940612670570,5,Sugar GRNs,,720575940626972056,720575940607472988,7,9,720575940624454221,720575940611254681,5
720575940612670570,5,Sugar GRNs,,720575940626972056,720575940635210859,6,7,720575940631309866,720575940611254681,8
720575940612670570,5,Sugar GRNs,,720575940626972056,720575940621827419,6,6,720575940622834411,720575940612923390,7
720575940612670570,5,Sugar GRNs,,720575940626972056,720575940627667530,5,36,720575940610708430,720575940650527222,56
720575940612670570,5,Sugar GRNs,,720575940626972056,720575940627667530,5,36,720575940610708430,720575940603765280,45
720575940612670570,5,Sugar GRNs,,720575940626972056,720575940627667530,5,36,720575940610708430,720575940615043112,44
720575940612670570,5,Sugar GRNs,,720575940626972056,720575940627667530,5,36,720575940610708430,720575940612923390,36
720575940612670570,5,Sugar GRNs,,720575940626972056,720575940627667530,5,36,720575940610708430,720575940625379859,31
720575940612670570,5,Sugar GRNs,,720575940626972056,720575940627667530,5,36,720575940610708430,720575940622897639,30
720575940612670570,5,Sugar GRNs,,720575940626972056,720575940627667530,5,36,720575940610708430,720575940628199802,28
720575940612670570,5,Sugar GRNs,,720575940626972056,720575940627667530,5,36,720575940610708430,720575940643539566,27
720575940612670570,5,Sugar GRNs,,720575940626972056,720575940627667530,5,36,720575940610708430,720575940620628957,27
720575940612670570,5,Sugar GRNs,,720575940626972056,720575940627667530,5,36,720575940610708430,720575940631884883,26
720575940612670570,5,Sugar GRNs,,720575940626972056,720575940627667530,5,36,720575940610708430,720575940624064295,25
720575940612670570,5,Sugar GRNs,,720575940626972056,720575940627667530,5,36,720575940610708430,720575940632436307,25
720575940612670570,5,Sugar GRNs,,720575940626972056,720575940627667530,5,36,720575940610708430,720575940623081400,24
720575940612670570,5,Sugar GRNs,,720575940626972056,720575940627667530,5,36,720575940610708430,720575940628363820,22
720575940612670570,5,Sugar GRNs,,720575940626972056,720575940627667530,5,36,720575940610708430,720575940618694827,17
720575940612670570,5,Sugar GRNs,,720575940626972056,720575940627667530,5,36,720575940610708430,720575940614623455,17
720575940612670570,5,Sugar GRNs,,720575940626972056,720575940627667530,5,36,720575940610708430,720575940611254681,13
720575940612670570,5,Sugar GRNs,,720575940626972056,720575940627667530,5,36,720575940610708430,720575940615911380,6
720575940612670570,5,Sugar GRNs,,720575940626972056,720575940625376442,5,29,720575940610708430,720575940650527222,56
720575940612670570,5,Sugar GRNs,,720575940626972056,720575940625376442,5,29,720575940610708430,720575940603765280,45
720575940612670570,5,Sugar GRNs,,720575940626972056,720575940625376442,5,29,720575940610708430,720575940615043112,44
720575940612670570,5,Sugar GRNs,,720575940626972056,720575940625376442,5,29,720575940610708430,720575940612923390,36
720575940612670570,5,Sugar GRNs,,720575940626972056,720575940625376442,5,29,720575940610708430,720575940625379859,31
720575940612670570,5,Sugar GRNs,,720575940626972056,720575940625376442,5,29,720575940610708430,720575940622897639,30
720575940612670570,5,Sugar GRNs,,720575940626972056,720575940625376442,5,29,720575940610708430,720575940628199802,28
720575940612670570,5,Sugar GRNs,,720575940626972056,720575940625376442,5,29,720575940610708430,720575940643539566,27
720575940612670570,5,Sugar GRNs,,720575940626972056,720575940625376442,5,29,720575940610708430,720575940620628957,27
720575940612670570,5,Sugar GRNs,,720575940626972056,720575940625376442,5,29,720575940610708430,720575940631884883,26
720575940612670570,5,Sugar GRNs,,720575940626972056,720575940625376442,5,29,720575940610708430,720575940624064295,25
720575940612670570,5,Sugar GRNs,,720575940626972056,720575940625376442,5,29,720575940610708430,720575940632436307,25
720575940612670570,5,Sugar GRNs,,720575940626972056,720575940625376442,5,29,720575940610708430,720575940623081400,24
720575940612670570,5,Sugar GRNs,,720575940626972056,720575940625376442,5,29,720575940610708430,720575940628363820,22
720575940612670570,5,Sugar GRNs,,720575940626972056,720575940625376442,5,29,720575940610708430,720575940618694827,17
720575940612670570,5,Sugar GRNs,,720575940626972056,720575940625376442,5,29,720575940610708430,720575940614623455,17
720575940612670570,5,Sugar GRNs,,720575940626972056,720575940625376442,5,29,720575940610708430,720575940611254681,13
720575940612670570,5,Sugar GRNs,,720575940626972056,720575940625376442,5,29,720575940610708430,720575940615911380,6
720575940612670570,5,Sugar GRNs,,720575940626972056,720575940625376442,5,7,720575940625053773,720575940615043112,6
720575940612670570,5,Sugar GRNs,,720575940626972056,720575940625376442,5,7,720575940625053773,720575940603765280,5
720575940612670570,5,Sugar GRNs,,720575940626972056,720575940625376442,5,6,720575940631309866,720575940611254681,8
720575940621754367,5,Sugar GRNs,,720575940641366517,720575940628683063,45,19,720575940642715040,720575940632436307,8
720575940621754367,5,Sugar GRNs,,720575940641366517,720575940628683063,45,6,720575940610708430,720575940650527222,56
720575940621754367,5,Sugar GRNs,,720575940641366517,720575940628683063,45,6,720575940610708430,720575940603765280,45
720575940621754367,5,Sugar GRNs,,720575940641366517,720575940628683063,45,6,720575940610708430,720575940615043112,44
720575940621754367,5,Sugar GRNs,,720575940641366517,720575940628683063,45,6,720575940610708430,720575940612923390,36
720575940621754367,5,Sugar GRNs,,720575940641366517,720575940628683063,45,6,720575940610708430,720575940625379859,31
720575940621754367,5,Sugar GRNs,,720575940641366517,720575940628683063,45,6,720575940610708430,720575940622897639,30
720575940621754367,5,Sugar GRNs,,720575940641366517,720575940628683063,45,6,720575940610708430,720575940628199802,28
720575940621754367,5,Sugar GRNs,,720575940641366517,720575940628683063,45,6,720575940610708430,720575940643539566,27
720575940621754367,5,Sugar GRNs,,720575940641366517,720575940628683063,45,6,720575940610708430,720575940620628957,27
720575940621754367,5,Sugar GRNs,,720575940641366517,720575940628683063,45,6,720575940610708430,720575940631884883,26
720575940621754367,5,Sugar GRNs,,720575940641366517,720575940628683063,45,6,720575940610708430,720575940624064295,25
720575940621754367,5,Sugar GRNs,,720575940641366517,720575940628683063,45,6,720575940610708430,720575940632436307,25
720575940621754367,5,Sugar GRNs,,720575940641366517,720575940628683063,45,6,720575940610708430,720575940623081400,24
720575940621754367,5,Sugar GRNs,,720575940641366517,720575940628683063,45,6,720575940610708430,720575940628363820,22
720575940621754367,5,Sugar GRNs,,720575940641366517,720575940628683063,45,6,720575940610708430,720575940618694827,17
720575940621754367,5,Sugar GRNs,,720575940641366517,720575940628683063,45,6,720575940610708430,720575940614623455,17
720575940621754367,5,Sugar GRNs,,720575940641366517,720575940628683063,45,6,720575940610708430,720575940611254681,13
720575940621754367,5,Sugar GRNs,,720575940641366517,720575940628683063,45,6,720575940610708430,720575940615911380,6
720575940621754367,5,Sugar GRNs,,720575940641366517,720575940632873261,45,7,720575940644948771,720575940632436307,30
720575940621754367,5,Sugar GRNs,,720575940641366517,720575940632873261,45,6,720575940610708430,720575940650527222,56
720575940621754367,5,Sugar GRNs,,720575940641366517,720575940632873261,45,6,720575940610708430,720575940603765280,45
720575940621754367,5,Sugar GRNs,,720575940641366517,720575940632873261,45,6,720575940610708430,720575940615043112,44
720575940621754367,5,Sugar GRNs,,720575940641366517,720575940632873261,45,6,720575940610708430,720575940612923390,36
720575940621754367,5,Sugar GRNs,,720575940641366517,720575940632873261,45,6,720575940610708430,720575940625379859,31
720575940621754367,5,Sugar GRNs,,720575940641366517,720575940632873261,45,6,720575940610708430,720575940622897639,30
720575940621754367,5,Sugar GRNs,,720575940641366517,720575940632873261,45,6,720575940610708430,720575940628199802,28
720575940621754367,5,Sugar GRNs,,720575940641366517,720575940632873261,45,6,720575940610708430,720575940643539566,27
720575940621754367,5,Sugar GRNs,,720575940641366517,720575940632873261,45,6,720575940610708430,720575940620628957,27
720575940621754367,5,Sugar GRNs,,720575940641366517,720575940632873261,45,6,720575940610708430,720575940631884883,26
720575940621754367,5,Sugar GRNs,,720575940641366517,720575940632873261,45,6,720575940610708430,720575940624064295,25
720575940621754367,5,Sugar GRNs,,720575940641366517,720575940632873261,45,6,720575940610708430,720575940632436307,25
720575940621754367,5,Sugar GRNs,,720575940641366517,720575940632873261,45,6,720575940610708430,720575940623081400,24
720575940621754367,5,Sugar GRNs,,720575940641366517,720575940632873261,45,6,720575940610708430,720575940628363820,22
720575940621754367,5,Sugar GRNs,,720575940641366517,720575940632873261,45,6,720575940610708430,720575940618694827,17
720575940621754367,5,Sugar GRNs,,720575940641366517,720575940632873261,45,6,720575940610708430,720575940614623455,17
720575940621754367,5,Sugar GRNs,,720575940641366517,720575940632873261,45,6,720575940610708430,720575940611254681,13
720575940621754367,5,Sugar GRNs,,720575940641366517,720575940632873261,45,6,720575940610708430,720575940615911380,6
720575940621754367,5,Sugar GRNs,,720575940641366517,720575940632636959,16,6,720575940631309866,720575940611254681,8
720575940621754367,5,Sugar GRNs,,720575940641366517,720575940621736669,15,5,720575940626021052,720575940628199802,9
720575940621754367,5,Sugar GRNs,,720575940641366517,720575940621736669,15,5,720575940626021052,720575940618694827,5
720575940621754367,5,Sugar GRNs,,720575940641366517,720575940629317450,15,7,720575940619025780,720575940628199802,7
720575940621754367,5,Sugar GRNs,,720575940641366517,720575940629317450,15,7,720575940619025780,720575940615911380,5
720575940621754367,5,Sugar GRNs,,720575940641366517,720575940629317450,15,6,720575940630311528,720575940623081400,5
720575940621754367,5,Sugar GRNs,,720575940641366517,720575940629317450,15,6,720575940630311528,720575940620628957,5
720575940639332736,5,Sugar GRNs,,720575940606866377,720575940629370844,7,6,720575940626021052,720575940628199802,9
720575940639332736,5,Sugar GRNs,,720575940606866377,720575940629370844,7,6,720575940626021052,720575940618694827,5
720575940639332736,5,Sugar GRNs,,720575940606866377,720575940629370844,7,5,720575940637718598,720575940612923390,8
720575940639332736,5,Sugar GRNs,,720575940606866377,720575940629370844,7,5,720575940637718598,720575940615911380,7
720575940639332736,5,Sugar GRNs,,720575940606866377,720575940632873261,5,7,720575940644948771,720575940632436307,30
720575940639332736,5,Sugar GRNs,,720575940606866377,720575940632873261,5,6,720575940610708430,720575940650527222,56
720575940639332736,5,Sugar GRNs,,720575940606866377,720575940632873261,5,6,720575940610708430,720575940603765280,45
720575940639332736,5,Sugar GRNs,,720575940606866377,720575940632873261,5,6,720575940610708430,720575940615043112,44
720575940639332736,5,Sugar GRNs,,720575940606866377,720575940632873261,5,6,720575940610708430,720575940612923390,36
720575940639332736,5,Sugar GRNs,,720575940606866377,720575940632873261,5,6,720575940610708430,720575940625379859,31
720575940639332736,5,Sugar GRNs,,720575940606866377,720575940632873261,5,6,720575940610708430,720575940622897639,30
720575940639332736,5,Sugar GRNs,,720575940606866377,720575940632873261,5,6,720575940610708430,720575940628199802,28
720575940639332736,5,Sugar GRNs,,720575940606866377,720575940632873261,5,6,720575940610708430,720575940643539566,27
720575940639332736,5,Sugar GRNs,,720575940606866377,720575940632873261,5,6,720575940610708430,720575940620628957,27
720575940639332736,5,Sugar GRNs,,720575940606866377,720575940632873261,5,6,720575940610708430,720575940631884883,26
720575940639332736,5,Sugar GRNs,,720575940606866377,720575940632873261,5,6,720575940610708430,720575940624064295,25
720575940639332736,5,Sugar GRNs,,720575940606866377,720575940632873261,5,6,720575940610708430,720575940632436307,25
720575940639332736,5,Sugar GRNs,,720575940606866377,720575940632873261,5,6,720575940610708430,720575940623081400,24
720575940639332736,5,Sugar GRNs,,720575940606866377,720575940632873261,5,6,720575940610708430,720575940628363820,22
720575940639332736,5,Sugar GRNs,,720575940606866377,720575940632873261,5,6,720575940610708430,720575940618694827,17
720575940639332736,5,Sugar GRNs,,720575940606866377,720575940632873261,5,6,720575940610708430,720575940614623455,17
720575940639332736,5,Sugar GRNs,,720575940606866377,720575940632873261,5,6,720575940610708430,720575940611254681,13
720575940639332736,5,Sugar GRNs,,720575940606866377,720575940632873261,5,6,720575940610708430,720575940615911380,6
720575940638202345,5,Sugar GRNs,,720575940629317450,720575940625102692,112,10,720575940630311528,720575940623081400,5
720575940638202345,5,Sugar GRNs,,720575940629317450,720575940625102692,112,10,720575940630311528,720575940620628957,5
720575940638202345,5,Sugar GRNs,,720575940629317450,720575940625102692,112,8,720575940627492866,720575940650527222,11
720575940638202345,5,Sugar GRNs,,720575940629317450,720575940625102692,112,8,720575940627492866,720575940603765280,10
720575940638202345,5,Sugar GRNs,,720575940629317450,720575940625102692,112,8,720575940627492866,720575940623081400,5
720575940638202345,5,Sugar GRNs,,720575940629317450,720575940625102692,112,7,720575940622587018,720575940650527222,9
720575940638202345,5,Sugar GRNs,,720575940629317450,720575940625102692,112,7,720575940622587018,720575940628363820,6
720575940638202345,5,Sugar GRNs,,720575940629317450,720575940625102692,112,7,720575940622587018,720575940603765280,5
720575940638202345,5,Sugar GRNs,,720575940629317450,720575940629370844,80,6,720575940626021052,720575940628199802,9
720575940638202345,5,Sugar GRNs,,720575940629317450,720575940629370844,80,6,720575940626021052,720575940618694827,5
720575940638202345,5,Sugar GRNs,,720575940629317450,720575940629370844,80,5,720575940637718598,720575940612923390,8
720575940638202345,5,Sugar GRNs,,720575940629317450,720575940629370844,80,5,720575940637718598,720575940615911380,7
720575940638202345,5,Sugar GRNs,,720575940629317450,720575940626870846,29,6,720575940626146125,720575940650527222,11
720575940638202345,5,Sugar GRNs,,720575940629317450,720575940626870846,29,6,720575940626146125,720575940622897639,6
720575940638202345,5,Sugar GRNs,,720575940629317450,720575940624528740,28,7,720575940633711028,720575940618694827,10
720575940638202345,5,Sugar GRNs,,720575940629317450,720575940624528740,28,7,720575940633711028,720575940615911380,5
720575940638202345,5,Sugar GRNs,,720575940629317450,720575940626308697,19,84,720575940610708430,720575940650527222,56
720575940638202345,5,Sugar GRNs,,720575940629317450,720575940626308697,19,84,720575940610708430,720575940603765280,45
720575940638202345,5,Sugar GRNs,,720575940629317450,720575940626308697,19,84,720575940610708430,720575940615043112,44
720575940638202345,5,Sugar GRNs,,720575940629317450,720575940626308697,19,84,720575940610708430,720575940612923390,36
720575940638202345,5,Sugar GRNs,,720575940629317450,720575940626308697,19,84,720575940610708430,720575940625379859,31
720575940638202345,5,Sugar GRNs,,720575940629317450,720575940626308697,19,84,720575940610708430,720575940622897639,30
720575940638202345,5,Sugar GRNs,,720575940629317450,720575940626308697,19,84,720575940610708430,720575940628199802,28
720575940638202345,5,Sugar GRNs,,720575940629317450,720575940626308697,19,84,720575940610708430,720575940643539566,27
720575940638202345,5,Sugar GRNs,,720575940629317450,720575940626308697,19,84,720575940610708430,720575940620628957,27
720575940638202345,5,Sugar GRNs,,720575940629317450,720575940626308697,19,84,720575940610708430,720575940631884883,26
720575940638202345,5,Sugar GRNs,,720575940629317450,720575940626308697,19,84,720575940610708430,720575940624064295,25
720575940638202345,5,Sugar GRNs,,720575940629317450,720575940626308697,19,84,720575940610708430,720575940632436307,25
720575940638202345,5,Sugar GRNs,,720575940629317450,720575940626308697,19,84,720575940610708430,720575940623081400,24
720575940638202345,5,Sugar GRNs,,720575940629317450,720575940626308697,19,84,720575940610708430,720575940628363820,22
720575940638202345,5,Sugar GRNs,,720575940629317450,720575940626308697,19,84,720575940610708430,720575940618694827,17
720575940638202345,5,Sugar GRNs,,720575940629317450,720575940626308697,19,84,720575940610708430,720575940614623455,17
720575940638202345,5,Sugar GRNs,,720575940629317450,720575940626308697,19,84,720575940610708430,720575940611254681,13
720575940638202345,5,Sugar GRNs,,720575940629317450,720575940626308697,19,84,720575940610708430,720575940615911380,6
720575940638202345,5,Sugar GRNs,,720575940629317450,720575940626449158,13,22,720575940610708430,720575940650527222,56
720575940638202345,5,Sugar GRNs,,720575940629317450,720575940626449158,13,22,720575940610708430,720575940603765280,45
720575940638202345,5,Sugar GRNs,,720575940629317450,720575940626449158,13,22,720575940610708430,720575940615043112,44
720575940638202345,5,Sugar GRNs,,720575940629317450,720575940626449158,13,22,720575940610708430,720575940612923390,36
720575940638202345,5,Sugar GRNs,,720575940629317450,720575940626449158,13,22,720575940610708430,720575940625379859,31
720575940638202345,5,Sugar GRNs,,720575940629317450,720575940626449158,13,22,720575940610708430,720575940622897639,30
720575940638202345,5,Sugar GRNs,,720575940629317450,720575940626449158,13,22,720575940610708430,720575940628199802,28
720575940638202345,5,Sugar GRNs,,720575940629317450,720575940626449158,13,22,720575940610708430,720575940643539566,27
720575940638202345,5,Sugar GRNs,,720575940629317450,720575940626449158,13,22,720575940610708430,720575940620628957,27
720575940638202345,5,Sugar GRNs,,720575940629317450,720575940626449158,13,22,720575940610708430,720575940631884883,26
720575940638202345,5,Sugar GRNs,,720575940629317450,720575940626449158,13,22,720575940610708430,720575940624064295,25
720575940638202345,5,Sugar GRNs,,720575940629317450,720575940626449158,13,22,720575940610708430,720575940632436307,25
720575940638202345,5,Sugar GRNs,,720575940629317450,720575940626449158,13,22,720575940610708430,720575940623081400,24
720575940638202345,5,Sugar GRNs,,720575940629317450,720575940626449158,13,22,720575940610708430,720575940628363820,22
720575940638202345,5,Sugar GRNs,,720575940629317450,720575940626449158,13,22,720575940610708430,720575940618694827,17
720575940638202345,5,Sugar GRNs,,720575940629317450,720575940626449158,13,22,720575940610708430,720575940614623455,17
720575940638202345,5,Sugar GRNs,,720575940629317450,720575940626449158,13,22,720575940610708430,720575940611254681,13
720575940638202345,5,Sugar GRNs,,720575940629317450,720575940626449158,13,22,720575940610708430,720575940615911380,6
720575940638202345,5,Sugar GRNs,,720575940629317450,720575940651601910,11,35,720575940610708430,720575940650527222,56
720575940638202345,5,Sugar GRNs,,720575940629317450,720575940651601910,11,35,720575940610708430,720575940603765280,45
720575940638202345,5,Sugar GRNs,,720575940629317450,720575940651601910,11,35,720575940610708430,720575940615043112,44
720575940638202345,5,Sugar GRNs,,720575940629317450,720575940651601910,11,35,720575940610708430,720575940612923390,36
720575940638202345,5,Sugar GRNs,,720575940629317450,720575940651601910,11,35,720575940610708430,720575940625379859,31
720575940638202345,5,Sugar GRNs,,720575940629317450,720575940651601910,11,35,720575940610708430,720575940622897639,30
720575940638202345,5,Sugar GRNs,,720575940629317450,720575940651601910,11,35,720575940610708430,720575940628199802,28
720575940638202345,5,Sugar GRNs,,720575940629317450,720575940651601910,11,35,720575940610708430,720575940643539566,27
720575940638202345,5,Sugar GRNs,,720575940629317450,720575940651601910,11,35,720575940610708430,720575940620628957,27
720575940638202345,5,Sugar GRNs,,720575940629317450,720575940651601910,11,35,720575940610708430,720575940631884883,26
720575940638202345,5,Sugar GRNs,,720575940629317450,720575940651601910,11,35,720575940610708430,720575940624064295,25
720575940638202345,5,Sugar GRNs,,720575940629317450,720575940651601910,11,35,720575940610708430,720575940632436307,25
720575940638202345,5,Sugar GRNs,,720575940629317450,720575940651601910,11,35,720575940610708430,720575940623081400,24
720575940638202345,5,Sugar GRNs,,720575940629317450,720575940651601910,11,35,720575940610708430,720575940628363820,22
720575940638202345,5,Sugar GRNs,,720575940629317450,720575940651601910,11,35,720575940610708430,720575940618694827,17
720575940638202345,5,Sugar GRNs,,720575940629317450,720575940651601910,11,35,720575940610708430,720575940614623455,17
720575940638202345,5,Sugar GRNs,,720575940629317450,720575940651601910,11,35,720575940610708430,720575940611254681,13
720575940638202345,5,Sugar GRNs,,720575940629317450,720575940651601910,11,35,720575940610708430,720575940615911380,6
720575940638202345,5,Sugar GRNs,,720575940629317450,720575940614916725,10,13,720575940628866242,720575940628199802,7
720575940638202345,5,Sugar GRNs,,720575940629317450,720575940614916725,10,11,720575940624608442,720575940650527222,8
720575940638202345,5,Sugar GRNs,,720575940629317450,720575940614916725,10,11,720575940624608442,720575940628363820,6
720575940638202345,5,Sugar GRNs,,720575940629317450,720575940614916725,10,11,720575940624608442,720575940603765280,5
720575940638202345,5,Sugar GRNs,,720575940629317450,720575940609592270,9,64,720575940610708430,720575940650527222,56
720575940638202345,5,Sugar GRNs,,720575940629317450,720575940609592270,9,64,720575940610708430,720575940603765280,45
720575940638202345,5,Sugar GRNs,,720575940629317450,720575940609592270,9,64,720575940610708430,720575940615043112,44
720575940638202345,5,Sugar GRNs,,720575940629317450,720575940609592270,9,64,720575940610708430,720575940612923390,36
720575940638202345,5,Sugar GRNs,,720575940629317450,720575940609592270,9,64,720575940610708430,720575940625379859,31
720575940638202345,5,Sugar GRNs,,720575940629317450,720575940609592270,9,64,720575940610708430,720575940622897639,30
720575940638202345,5,Sugar GRNs,,720575940629317450,720575940609592270,9,64,720575940610708430,720575940628199802,28
720575940638202345,5,Sugar GRNs,,720575940629317450,720575940609592270,9,64,720575940610708430,720575940643539566,27
720575940638202345,5,Sugar GRNs,,720575940629317450,720575940609592270,9,64,720575940610708430,720575940620628957,27
720575940638202345,5,Sugar GRNs,,720575940629317450,720575940609592270,9,64,720575940610708430,720575940631884883,26
720575940638202345,5,Sugar GRNs,,720575940629317450,720575940609592270,9,64,720575940610708430,720575940624064295,25
720575940638202345,5,Sugar GRNs,,720575940629317450,720575940609592270,9,64,720575940610708430,720575940632436307,25
720575940638202345,5,Sugar GRNs,,720575940629317450,720575940609592270,9,64,720575940610708430,720575940623081400,24
720575940638202345,5,Sugar GRNs,,720575940629317450,720575940609592270,9,64,720575940610708430,720575940628363820,22
720575940638202345,5,Sugar GRNs,,720575940629317450,720575940609592270,9,64,720575940610708430,720575940618694827,17
720575940638202345,5,Sugar GRNs,,720575940629317450,720575940609592270,9,64,720575940610708430,720575940614623455,17
720575940638202345,5,Sugar GRNs,,720575940629317450,720575940609592270,9,64,720575940610708430,720575940611254681,13
720575940638202345,5,Sugar GRNs,,720575940629317450,720575940609592270,9,64,720575940610708430,720575940615911380,6
720575940638202345,5,Sugar GRNs,,720575940629317450,720575940609592270,9,7,720575940625320530,720575940628199802,10
720575940638202345,5,Sugar GRNs,,720575940629317450,720575940609592270,9,7,720575940625320530,720575940625379859,8
720575940638202345,5,Sugar GRNs,,720575940629317450,720575940609592270,9,7,720575940625320530,720575940612923390,7
720575940638202345,5,Sugar GRNs,,720575940629317450,720575940609592270,9,7,720575940625320530,720575940615043112,6
720575940638202345,5,Sugar GRNs,,720575940629317450,720575940609592270,9,5,720575940623777065,720575940615043112,5
720575940638202345,5,Sugar GRNs,,720575940629317450,720575940620096171,9,8,720575940621490721,720575940632436307,8
720575940638202345,5,Sugar GRNs,,720575940629317450,720575940620096171,9,5,720575940631309866,720575940611254681,8
720575940638202345,5,Sugar GRNs,,720575940629317450,720575940607472988,9,9,720575940624454221,720575940622897639,12
720575940638202345,5,Sugar GRNs,,720575940629317450,720575940607472988,9,9,720575940624454221,720575940650527222,6
720575940638202345,5,Sugar GRNs,,720575940629317450,720575940607472988,9,9,720575940624454221,720575940623081400,5
720575940638202345,5,Sugar GRNs,,720575940629317450,720575940607472988,9,9,720575940624454221,720575940620628957,5
720575940638202345,5,Sugar GRNs,,720575940629317450,720575940607472988,9,9,720575940624454221,720575940615043112,5
720575940638202345,5,Sugar GRNs,,720575940629317450,720575940607472988,9,9,720575940624454221,720575940611254681,5
720575940638202345,5,Sugar GRNs,,720575940629317450,720575940635322524,7,12,720575940608815314,720575940643539566,5
720575940638202345,5,Sugar GRNs,,720575940629317450,720575940635322524,7,6,720575940621602743,720575940603765280,5
720575940638202345,5,Sugar GRNs,,720575940629317450,720575940635322524,7,6,720575940621602743,720575940632436307,5
720575940638202345,5,Sugar GRNs,,720575940629317450,720575940619025780,7,16,720575940624535554,720575940615043112,9
720575940638202345,5,Sugar GRNs,,720575940629317450,720575940619025780,7,16,720575940624535554,720575940611254681,7
720575940638202345,5,Sugar GRNs,,720575940629317450,720575940619025780,7,16,720575940624535554,720575940632436307,7
720575940638202345,5,Sugar GRNs,,720575940629317450,720575940619025780,7,16,720575940624535554,720575940643539566,7
720575940638202345,5,Sugar GRNs,,720575940629317450,720575940619025780,7,16,720575940624535554,720575940612923390,6
720575940638202345,5,Sugar GRNs,,720575940629317450,720575940619025780,7,16,720575940624535554,720575940624064295,6
720575940638202345,5,Sugar GRNs,,720575940629317450,720575940619025780,7,16,720575940624535554,720575940628199802,6
720575940638202345,5,Sugar GRNs,,720575940629317450,720575940619025780,7,16,720575940624535554,720575940625379859,5
720575940638202345,5,Sugar GRNs,,720575940629317450,720575940619025780,7,10,720575940622536179,720575940603765280,15
720575940638202345,5,Sugar GRNs,,720575940629317450,720575940619025780,7,10,720575940622536179,720575940650527222,8
720575940638202345,5,Sugar GRNs,,720575940629317450,720575940619025780,7,10,720575940622536179,720575940628363820,7
720575940638202345,5,Sugar GRNs,,720575940629317450,720575940619025780,7,10,720575940622536179,720575940623081400,5
720575940638202345,5,Sugar GRNs,,720575940629317450,720575940619025780,7,10,720575940622536179,720575940620628957,5
720575940638202345,5,Sugar GRNs,,720575940629317450,720575940619025780,7,9,720575940618413295,720575940622897639,10
720575940638202345,5,Sugar GRNs,,720575940629317450,720575940619025780,7,9,720575940618413295,720575940650527222,10
720575940638202345,5,Sugar GRNs,,720575940629317450,720575940619025780,7,9,720575940618413295,720575940603765280,8
720575940638202345,5,Sugar GRNs,,720575940629317450,720575940619025780,7,9,720575940618413295,720575940620628957,7
720575940638202345,5,Sugar GRNs,,720575940629317450,720575940619025780,7,9,720575940618413295,720575940615043112,7
720575940638202345,5,Sugar GRNs,,720575940629317450,720575940619025780,7,9,720575940618413295,720575940614623455,6
720575940638202345,5,Sugar GRNs,,720575940629317450,720575940619025780,7,9,720575940618413295,720575940612923390,5
720575940638202345,5,Sugar GRNs,,720575940629317450,720575940619025780,7,8,720575940617779029,720575940625379859,7
720575940638202345,5,Sugar GRNs,,720575940629317450,720575940619025780,7,8,720575940617779029,720575940615043112,7
720575940638202345,5,Sugar GRNs,,720575940629317450,720575940619025780,7,8,720575940617779029,720575940643539566,5
720575940638202345,5,Sugar GRNs,,720575940629317450,720575940619025780,7,8,720575940617779029,720575940632436307,5
720575940638202345,5,Sugar GRNs,,720575940629317450,720575940619025780,7,8,720575940617779029,720575940628199802,5
720575940638202345,5,Sugar GRNs,,720575940629317450,720575940619025780,7,8,720575940617779029,720575940618694827,5
720575940638202345,5,Sugar GRNs,,720575940629317450,720575940619025780,7,8,720575940613871046,720575940643539566,10
720575940638202345,5,Sugar GRNs,,720575940629317450,720575940619025780,7,8,720575940613871046,720575940650527222,5
720575940638202345,5,Sugar GRNs,,720575940629317450,720575940619025780,7,8,720575940613871046,720575940625379859,5
720575940638202345,5,Sugar GRNs,,720575940629317450,720575940619025780,7,8,720575940613871046,720575940628199802,5
720575940638202345,5,Sugar GRNs,,720575940629317450,720575940619025780,7,6,720575940604332460,720575940650527222,14
720575940638202345,5,Sugar GRNs,,720575940629317450,720575940619025780,7,6,720575940604332460,720575940603765280,13
720575940638202345,5,Sugar GRNs,,720575940629317450,720575940624532408,7,12,720575940621490721,720575940632436307,8
720575940638202345,5,Sugar GRNs,,720575940629317450,720575940630664556,7,5,720575940631915801,720575940615043112,5
720575940638202345,5,Sugar GRNs,,720575940629317450,720575940618791515,6,31,720575940610708430,720575940650527222,56
720575940638202345,5,Sugar GRNs,,720575940629317450,720575940618791515,6,31,720575940610708430,720575940603765280,45
720575940638202345,5,Sugar GRNs,,720575940629317450,720575940618791515,6,31,720575940610708430,720575940615043112,44
720575940638202345,5,Sugar GRNs,,720575940629317450,720575940618791515,6,31,720575940610708430,720575940612923390,36
720575940638202345,5,Sugar GRNs,,720575940629317450,720575940618791515,6,31,720575940610708430,720575940625379859,31
720575940638202345,5,Sugar GRNs,,720575940629317450,720575940618791515,6,31,720575940610708430,720575940622897639,30
720575940638202345,5,Sugar GRNs,,720575940629317450,720575940618791515,6,31,720575940610708430,720575940628199802,28
720575940638202345,5,Sugar GRNs,,720575940629317450,720575940618791515,6,31,720575940610708430,720575940643539566,27
720575940638202345,5,Sugar GRNs,,720575940629317450,720575940618791515,6,31,720575940610708430,720575940620628957,27
720575940638202345,5,Sugar GRNs,,720575940629317450,720575940618791515,6,31,720575940610708430,720575940631884883,26
720575940638202345,5,Sugar GRNs,,720575940629317450,720575940618791515,6,31,720575940610708430,720575940624064295,25
720575940638202345,5,Sugar GRNs,,720575940629317450,720575940618791515,6,31,720575940610708430,720575940632436307,25
720575940638202345,5,Sugar GRNs,,720575940629317450,720575940618791515,6,31,720575940610708430,720575940623081400,24
720575940638202345,5,Sugar GRNs,,720575940629317450,720575940618791515,6,31,720575940610708430,720575940628363820,22
720575940638202345,5,Sugar GRNs,,720575940629317450,720575940618791515,6,31,720575940610708430,720575940618694827,17
720575940638202345,5,Sugar GRNs,,720575940629317450,720575940618791515,6,31,720575940610708430,720575940614623455,17
720575940638202345,5,Sugar GRNs,,720575940629317450,720575940618791515,6,31,720575940610708430,720575940611254681,13
720575940638202345,5,Sugar GRNs,,720575940629317450,720575940618791515,6,31,720575940610708430,720575940615911380,6
720575940638202345,5,Sugar GRNs,,720575940629317450,720575940613133718,6,16,720575940606720265,720575940612923390,5
720575940638202345,5,Sugar GRNs,,720575940629317450,720575940613133718,6,8,720575940628038187,720575940615043112,6
720575940638202345,5,Sugar GRNs,,720575940629317450,720575940613133718,6,8,720575940628038187,720575940612923390,5
720575940638202345,5,Sugar GRNs,,720575940629317450,720575940613133718,6,7,720575940626021052,720575940628199802,9
720575940638202345,5,Sugar GRNs,,720575940629317450,720575940613133718,6,7,720575940626021052,720575940618694827,5
720575940638202345,5,Sugar GRNs,,720575940629317450,720575940629954872,6,5,720575940610708430,720575940650527222,56
720575940638202345,5,Sugar GRNs,,720575940629317450,720575940629954872,6,5,720575940610708430,720575940603765280,45
720575940638202345,5,Sugar GRNs,,720575940629317450,720575940629954872,6,5,720575940610708430,720575940615043112,44
720575940638202345,5,Sugar GRNs,,720575940629317450,720575940629954872,6,5,720575940610708430,720575940612923390,36
720575940638202345,5,Sugar GRNs,,720575940629317450,720575940629954872,6,5,720575940610708430,720575940625379859,31
720575940638202345,5,Sugar GRNs,,720575940629317450,720575940629954872,6,5,720575940610708430,720575940622897639,30
720575940638202345,5,Sugar GRNs,,720575940629317450,720575940629954872,6,5,720575940610708430,720575940628199802,28
720575940638202345,5,Sugar GRNs,,720575940629317450,720575940629954872,6,5,720575940610708430,720575940643539566,27
720575940638202345,5,Sugar GRNs,,720575940629317450,720575940629954872,6,5,720575940610708430,720575940620628957,27
720575940638202345,5,Sugar GRNs,,720575940629317450,720575940629954872,6,5,720575940610708430,720575940631884883,26
720575940638202345,5,Sugar GRNs,,720575940629317450,720575940629954872,6,5,720575940610708430,720575940624064295,25
720575940638202345,5,Sugar GRNs,,720575940629317450,720575940629954872,6,5,720575940610708430,720575940632436307,25
720575940638202345,5,Sugar GRNs,,720575940629317450,720575940629954872,6,5,720575940610708430,720575940623081400,24
720575940638202345,5,Sugar GRNs,,720575940629317450,720575940629954872,6,5,720575940610708430,720575940628363820,22
720575940638202345,5,Sugar GRNs,,720575940629317450,720575940629954872,6,5,720575940610708430,720575940618694827,17
720575940638202345,5,Sugar GRNs,,720575940629317450,720575940629954872,6,5,720575940610708430,720575940614623455,17
720575940638202345,5,Sugar GRNs,,720575940629317450,720575940629954872,6,5,720575940610708430,720575940611254681,13
720575940638202345,5,Sugar GRNs,,720575940629317450,720575940629954872,6,5,720575940610708430,720575940615911380,6
720575940638202345,5,Sugar GRNs,,720575940629317450,720575940630311528,6,7,720575940631309866,720575940611254681,8
720575940638202345,5,Sugar GRNs,,720575940629317450,720575940630311528,6,6,720575940633304601,720575940632436307,62
720575940638202345,5,Sugar GRNs,,720575940629317450,720575940630311528,6,6,720575940633304601,720575940650527222,51
720575940638202345,5,Sugar GRNs,,720575940629317450,720575940630311528,6,6,720575940633304601,720575940622897639,45
720575940638202345,5,Sugar GRNs,,720575940629317450,720575940630311528,6,6,720575940633304601,720575940603765280,45
720575940638202345,5,Sugar GRNs,,720575940629317450,720575940630311528,6,6,720575940633304601,720575940620628957,28
720575940638202345,5,Sugar GRNs,,720575940629317450,720575940630311528,6,6,720575940633304601,720575940623081400,23
720575940638202345,5,Sugar GRNs,,720575940629317450,720575940630311528,6,6,720575940633304601,720575940625379859,19
720575940638202345,5,Sugar GRNs,,720575940629317450,720575940630311528,6,6,720575940633304601,720575940611254681,18
720575940638202345,5,Sugar GRNs,,720575940629317450,720575940630311528,6,6,720575940633304601,720575940628363820,18
720575940638202345,5,Sugar GRNs,,720575940629317450,720575940630311528,6,6,720575940633304601,720575940615043112,15
720575940638202345,5,Sugar GRNs,,720575940629317450,720575940630311528,6,6,720575940633304601,720575940612923390,11
720575940638202345,5,Sugar GRNs,,720575940629317450,720575940630311528,6,6,720575940633304601,720575940614623455,9
720575940638202345,5,Sugar GRNs,,720575940629317450,720575940658442625,6,5,720575940626021052,720575940628199802,9
720575940638202345,5,Sugar GRNs,,720575940629317450,720575940658442625,6,5,720575940626021052,720575940618694827,5
720575940638202345,5,Sugar GRNs,,720575940629317450,720575940619866059,5,36,720575940623777065,720575940615043112,5
720575940638202345,5,Sugar GRNs,,720575940629317450,720575940623139111,5,5,720575940619093163,720575940643539566,6
720575940638202345,5,Sugar GRNs,,720575940629317450,720575940623139111,5,5,720575940619093163,720575940625379859,6
720575940638202345,5,Sugar GRNs,,720575940629317450,720575940623139111,5,5,720575940619093163,720575940628199802,5
720575940638202345,5,Sugar GRNs,,720575940630664556,720575940618788944,98,7,720575940626146125,720575940650527222,11
720575940638202345,5,Sugar GRNs,,720575940630664556,720575940618788944,98,7,720575940626146125,720575940622897639,6
720575940638202345,5,Sugar GRNs,,720575940630664556,720575940618788944,98,5,720575940630311528,720575940623081400,5
720575940638202345,5,Sugar GRNs,,720575940630664556,720575940618788944,98,5,720575940630311528,720575940620628957,5
720575940638202345,5,Sugar GRNs,,720575940630664556,720575940618788944,98,5,720575940627492866,720575940650527222,11
720575940638202345,5,Sugar GRNs,,720575940630664556,720575940618788944,98,5,720575940627492866,720575940603765280,10
720575940638202345,5,Sugar GRNs,,720575940630664556,720575940618788944,98,5,720575940627492866,720575940623081400,5
720575940638202345,5,Sugar GRNs,,720575940630664556,720575940627454569,57,5,720575940626021052,720575940628199802,9
720575940638202345,5,Sugar GRNs,,720575940630664556,720575940627454569,57,5,720575940626021052,720575940618694827,5
720575940638202345,5,Sugar GRNs,,720575940630664556,720575940620735258,54,5,720575940627492866,720575940650527222,11
720575940638202345,5,Sugar GRNs,,720575940630664556,720575940620735258,54,5,720575940627492866,720575940603765280,10
720575940638202345,5,Sugar GRNs,,720575940630664556,720575940620735258,54,5,720575940627492866,720575940623081400,5
720575940638202345,5,Sugar GRNs,,720575940630664556,720575940633165980,42,5,720575940630349905,720575940612923390,13
720575940638202345,5,Sugar GRNs,,720575940630664556,720575940633165980,42,5,720575940630349905,720575940628199802,12
720575940638202345,5,Sugar GRNs,,720575940630664556,720575940633165980,42,5,720575940630349905,720575940643539566,12
720575940638202345,5,Sugar GRNs,,720575940630664556,720575940633165980,42,5,720575940630349905,720575940615911380,9
720575940638202345,5,Sugar GRNs,,720575940630664556,720575940633165980,42,5,720575940630349905,720575940631884883,9
720575940638202345,5,Sugar GRNs,,720575940630664556,720575940633165980,42,5,720575940630349905,720575940625379859,8
720575940638202345,5,Sugar GRNs,,720575940630664556,720575940633165980,42,5,720575940630349905,720575940624064295,6
720575940638202345,5,Sugar GRNs,,720575940630664556,720575940633165980,42,5,720575940630349905,720575940615043112,5
720575940638202345,5,Sugar GRNs,,720575940630664556,720575940658442625,37,5,720575940626021052,720575940628199802,9
720575940638202345,5,Sugar GRNs,,720575940630664556,720575940658442625,37,5,720575940626021052,720575940618694827,5
720575940638202345,5,Sugar GRNs,,720575940630664556,720575940608713993,33,5,720575940627492866,720575940650527222,11
720575940638202345,5,Sugar GRNs,,720575940630664556,720575940608713993,33,5,720575940627492866,720575940603765280,10
720575940638202345,5,Sugar GRNs,,720575940630664556,720575940608713993,33,5,720575940627492866,720575940623081400,5
720575940638202345,5,Sugar GRNs,,720575940630664556,720575940622661095,31,6,720575940624454221,720575940622897639,12
720575940638202345,5,Sugar GRNs,,720575940630664556,720575940622661095,31,6,720575940624454221,720575940650527222,6
720575940638202345,5,Sugar GRNs,,720575940630664556,720575940622661095,31,6,720575940624454221,720575940623081400,5
720575940638202345,5,Sugar GRNs,,720575940630664556,720575940622661095,31,6,720575940624454221,720575940620628957,5
720575940638202345,5,Sugar GRNs,,720575940630664556,720575940622661095,31,6,720575940624454221,720575940615043112,5
720575940638202345,5,Sugar GRNs,,720575940630664556,720575940622661095,31,6,720575940624454221,720575940611254681,5
720575940638202345,5,Sugar GRNs,,720575940630664556,720575940626870846,27,6,720575940626146125,720575940650527222,11
720575940638202345,5,Sugar GRNs,,720575940630664556,720575940626870846,27,6,720575940626146125,720575940622897639,6
720575940638202345,5,Sugar GRNs,,720575940630664556,720575940626015242,26,17,720575940624454221,720575940622897639,12
720575940638202345,5,Sugar GRNs,,720575940630664556,720575940626015242,26,17,720575940624454221,720575940650527222,6
720575940638202345,5,Sugar GRNs,,720575940630664556,720575940626015242,26,17,720575940624454221,720575940623081400,5
720575940638202345,5,Sugar GRNs,,720575940630664556,720575940626015242,26,17,720575940624454221,720575940620628957,5
720575940638202345,5,Sugar GRNs,,720575940630664556,720575940626015242,26,17,720575940624454221,720575940615043112,5
720575940638202345,5,Sugar GRNs,,720575940630664556,720575940626015242,26,17,720575940624454221,720575940611254681,5
720575940638202345,5,Sugar GRNs,,720575940630664556,720575940626015242,26,11,720575940626146125,720575940650527222,11
720575940638202345,5,Sugar GRNs,,720575940630664556,720575940626015242,26,11,720575940626146125,720575940622897639,6
720575940638202345,5,Sugar GRNs,,720575940630664556,720575940626015242,26,6,720575940630311528,720575940623081400,5
720575940638202345,5,Sugar GRNs,,720575940630664556,720575940626015242,26,6,720575940630311528,720575940620628957,5
720575940638202345,5,Sugar GRNs,,720575940630664556,720575940629211607,24,5,720575940630311528,720575940623081400,5
720575940638202345,5,Sugar GRNs,,720575940630664556,720575940629211607,24,5,720575940630311528,720575940620628957,5
720575940638202345,5,Sugar GRNs,,720575940630664556,720575940613426343,24,9,720575940627492866,720575940650527222,11
720575940638202345,5,Sugar GRNs,,720575940630664556,720575940613426343,24,9,720575940627492866,720575940603765280,10
720575940638202345,5,Sugar GRNs,,720575940630664556,720575940613426343,24,9,720575940627492866,720575940623081400,5
720575940638202345,5,Sugar GRNs,,720575940630664556,720575940622457579,24,11,720575940613845516,720575940650527222,13
720575940638202345,5,Sugar GRNs,,720575940630664556,720575940622457579,24,11,720575940613845516,720575940603765280,11
720575940638202345,5,Sugar GRNs,,720575940630664556,720575940622457579,24,11,720575940613845516,720575940614623455,8
720575940638202345,5,Sugar GRNs,,720575940630664556,720575940622457579,24,11,720575940613845516,720575940622897639,8
720575940638202345,5,Sugar GRNs,,720575940630664556,720575940622457579,24,11,720575940613845516,720575940620628957,7
720575940638202345,5,Sugar GRNs,,720575940630664556,720575940622457579,24,11,720575940613845516,720575940628363820,7
720575940638202345,5,Sugar GRNs,,720575940630664556,720575940622457579,24,11,720575940613845516,720575940623081400,5
720575940638202345,5,Sugar GRNs,,720575940630664556,720575940622457579,24,6,720575940623777065,720575940615043112,5
720575940638202345,5,Sugar GRNs,,720575940630664556,720575940632602532,22,8,720575940614950194,720575940628363820,9
720575940638202345,5,Sugar GRNs,,720575940630664556,720575940632602532,22,8,720575940614950194,720575940625379859,5
720575940638202345,5,Sugar GRNs,,720575940630664556,720575940614273292,17,7,720575940630311528,720575940623081400,5
720575940638202345,5,Sugar GRNs,,720575940630664556,720575940614273292,17,7,720575940630311528,720575940620628957,5
720575940638202345,5,Sugar GRNs,,720575940630664556,720575940614273292,17,5,720575940626146125,720575940650527222,11
720575940638202345,5,Sugar GRNs,,720575940630664556,720575940614273292,17,5,720575940626146125,720575940622897639,6
720575940638202345,5,Sugar GRNs,,720575940630664556,720575940632078873,16,9,720575940623777065,720575940615043112,5
720575940638202345,5,Sugar GRNs,,720575940630664556,720575940615245107,15,6,720575940627492866,720575940650527222,11
720575940638202345,5,Sugar GRNs,,720575940630664556,720575940615245107,15,6,720575940627492866,720575940603765280,10
720575940638202345,5,Sugar GRNs,,720575940630664556,720575940615245107,15,6,720575940627492866,720575940623081400,5
720575940638202345,5,Sugar GRNs,,720575940630664556,720575940621827419,15,6,720575940622834411,720575940612923390,7
720575940638202345,5,Sugar GRNs,,720575940630664556,720575940629317450,15,7,720575940619025780,720575940628199802,7
720575940638202345,5,Sugar GRNs,,720575940630664556,720575940629317450,15,7,720575940619025780,720575940615911380,5
720575940638202345,5,Sugar GRNs,,720575940630664556,720575940629317450,15,6,720575940630311528,720575940623081400,5
720575940638202345,5,Sugar GRNs,,720575940630664556,720575940629317450,15,6,720575940630311528,720575940620628957,5
720575940638202345,5,Sugar GRNs,,720575940630664556,720575940641776032,15,6,720575940630311528,720575940623081400,5
720575940638202345,5,Sugar GRNs,,720575940630664556,720575940641776032,15,6,720575940630311528,720575940620628957,5
720575940638202345,5,Sugar GRNs,,720575940630664556,720575940631299602,14,22,720575940610708430,720575940650527222,56
720575940638202345,5,Sugar GRNs,,720575940630664556,720575940631299602,14,22,720575940610708430,720575940603765280,45
720575940638202345,5,Sugar GRNs,,720575940630664556,720575940631299602,14,22,720575940610708430,720575940615043112,44
720575940638202345,5,Sugar GRNs,,720575940630664556,720575940631299602,14,22,720575940610708430,720575940612923390,36
720575940638202345,5,Sugar GRNs,,720575940630664556,720575940631299602,14,22,720575940610708430,720575940625379859,31
720575940638202345,5,Sugar GRNs,,720575940630664556,720575940631299602,14,22,720575940610708430,720575940622897639,30
720575940638202345,5,Sugar GRNs,,720575940630664556,720575940631299602,14,22,720575940610708430,720575940628199802,28
720575940638202345,5,Sugar GRNs,,720575940630664556,720575940631299602,14,22,720575940610708430,720575940643539566,27
720575940638202345,5,Sugar GRNs,,720575940630664556,720575940631299602,14,22,720575940610708430,720575940620628957,27
720575940638202345,5,Sugar GRNs,,720575940630664556,720575940631299602,14,22,720575940610708430,720575940631884883,26
720575940638202345,5,Sugar GRNs,,720575940630664556,720575940631299602,14,22,720575940610708430,720575940624064295,25
720575940638202345,5,Sugar GRNs,,720575940630664556,720575940631299602,14,22,720575940610708430,720575940632436307,25
720575940638202345,5,Sugar GRNs,,720575940630664556,720575940631299602,14,22,720575940610708430,720575940623081400,24
720575940638202345,5,Sugar GRNs,,720575940630664556,720575940631299602,14,22,720575940610708430,720575940628363820,22
720575940638202345,5,Sugar GRNs,,720575940630664556,720575940631299602,14,22,720575940610708430,720575940618694827,17
720575940638202345,5,Sugar GRNs,,720575940630664556,720575940631299602,14,22,720575940610708430,720575940614623455,17
720575940638202345,5,Sugar GRNs,,720575940630664556,720575940631299602,14,22,720575940610708430,720575940611254681,13
720575940638202345,5,Sugar GRNs,,720575940630664556,720575940631299602,14,22,720575940610708430,720575940615911380,6
720575940638202345,5,Sugar GRNs,,720575940630664556,720575940630661164,13,9,720575940614950194,720575940628363820,9
720575940638202345,5,Sugar GRNs,,720575940630664556,720575940630661164,13,9,720575940614950194,720575940625379859,5
720575940638202345,5,Sugar GRNs,,720575940630664556,720575940630661164,13,6,720575940624608442,720575940650527222,8
720575940638202345,5,Sugar GRNs,,720575940630664556,720575940630661164,13,6,720575940624608442,720575940628363820,6
720575940638202345,5,Sugar GRNs,,720575940630664556,720575940630661164,13,6,720575940624608442,720575940603765280,5
720575940638202345,5,Sugar GRNs,,720575940630664556,720575940608368818,13,5,720575940623777065,720575940615043112,5
720575940638202345,5,Sugar GRNs,,720575940630664556,720575940630504466,11,6,720575940622160705,720575940628363820,5
720575940638202345,5,Sugar GRNs,,720575940630664556,720575940628386295,11,101,720575940610708430,720575940650527222,56
720575940638202345,5,Sugar GRNs,,720575940630664556,720575940628386295,11,101,720575940610708430,720575940603765280,45
720575940638202345,5,Sugar GRNs,,720575940630664556,720575940628386295,11,101,720575940610708430,720575940615043112,44
720575940638202345,5,Sugar GRNs,,720575940630664556,720575940628386295,11,101,720575940610708430,720575940612923390,36
720575940638202345,5,Sugar GRNs,,720575940630664556,720575940628386295,11,101,720575940610708430,720575940625379859,31
720575940638202345,5,Sugar GRNs,,720575940630664556,720575940628386295,11,101,720575940610708430,720575940622897639,30
720575940638202345,5,Sugar GRNs,,720575940630664556,720575940628386295,11,101,720575940610708430,720575940628199802,28
720575940638202345,5,Sugar GRNs,,720575940630664556,720575940628386295,11,101,720575940610708430,720575940643539566,27
720575940638202345,5,Sugar GRNs,,720575940630664556,720575940628386295,11,101,720575940610708430,720575940620628957,27
720575940638202345,5,Sugar GRNs,,720575940630664556,720575940628386295,11,101,720575940610708430,720575940631884883,26
720575940638202345,5,Sugar GRNs,,720575940630664556,720575940628386295,11,101,720575940610708430,720575940624064295,25
720575940638202345,5,Sugar GRNs,,720575940630664556,720575940628386295,11,101,720575940610708430,720575940632436307,25
720575940638202345,5,Sugar GRNs,,720575940630664556,720575940628386295,11,101,720575940610708430,720575940623081400,24
720575940638202345,5,Sugar GRNs,,720575940630664556,720575940628386295,11,101,720575940610708430,720575940628363820,22
720575940638202345,5,Sugar GRNs,,720575940630664556,720575940628386295,11,101,720575940610708430,720575940618694827,17
720575940638202345,5,Sugar GRNs,,720575940630664556,720575940628386295,11,101,720575940610708430,720575940614623455,17
720575940638202345,5,Sugar GRNs,,720575940630664556,720575940628386295,11,101,720575940610708430,720575940611254681,13
720575940638202345,5,Sugar GRNs,,720575940630664556,720575940628386295,11,101,720575940610708430,720575940615911380,6
720575940638202345,5,Sugar GRNs,,720575940630664556,720575940625102692,9,10,720575940630311528,720575940623081400,5
720575940638202345,5,Sugar GRNs,,720575940630664556,720575940625102692,9,10,720575940630311528,720575940620628957,5
720575940638202345,5,Sugar GRNs,,720575940630664556,720575940625102692,9,8,720575940627492866,720575940650527222,11
720575940638202345,5,Sugar GRNs,,720575940630664556,720575940625102692,9,8,720575940627492866,720575940603765280,10
720575940638202345,5,Sugar GRNs,,720575940630664556,720575940625102692,9,8,720575940627492866,720575940623081400,5
720575940638202345,5,Sugar GRNs,,720575940630664556,720575940625102692,9,7,720575940622587018,720575940650527222,9
720575940638202345,5,Sugar GRNs,,720575940630664556,720575940625102692,9,7,720575940622587018,720575940628363820,6
720575940638202345,5,Sugar GRNs,,720575940630664556,720575940625102692,9,7,720575940622587018,720575940603765280,5
720575940638202345,5,Sugar GRNs,,720575940630664556,720575940617799253,8,5,720575940627492866,720575940650527222,11
720575940638202345,5,Sugar GRNs,,720575940630664556,720575940617799253,8,5,720575940627492866,720575940603765280,10
720575940638202345,5,Sugar GRNs,,720575940630664556,720575940617799253,8,5,720575940627492866,720575940623081400,5
720575940638202345,5,Sugar GRNs,,720575940630664556,720575940621736669,8,5,720575940626021052,720575940628199802,9
720575940638202345,5,Sugar GRNs,,720575940630664556,720575940621736669,8,5,720575940626021052,720575940618694827,5
720575940638202345,5,Sugar GRNs,,720575940630664556,720575940626809109,7,8,720575940614950194,720575940628363820,9
720575940638202345,5,Sugar GRNs,,720575940630664556,720575940626809109,7,8,720575940614950194,720575940625379859,5
720575940638202345,5,Sugar GRNs,,720575940630664556,720575940626809109,7,5,720575940626021052,720575940628199802,9
720575940638202345,5,Sugar GRNs,,720575940630664556,720575940626809109,7,5,720575940626021052,720575940618694827,5
720575940638202345,5,Sugar GRNs,,720575940630664556,720575940626809109,7,5,720575940630349905,720575940612923390,13
720575940638202345,5,Sugar GRNs,,720575940630664556,720575940626809109,7,5,720575940630349905,720575940628199802,12
720575940638202345,5,Sugar GRNs,,720575940630664556,720575940626809109,7,5,720575940630349905,720575940643539566,12
720575940638202345,5,Sugar GRNs,,720575940630664556,720575940626809109,7,5,720575940630349905,720575940615911380,9
720575940638202345,5,Sugar GRNs,,720575940630664556,720575940626809109,7,5,720575940630349905,720575940631884883,9
720575940638202345,5,Sugar GRNs,,720575940630664556,720575940626809109,7,5,720575940630349905,720575940625379859,8
720575940638202345,5,Sugar GRNs,,720575940630664556,720575940626809109,7,5,720575940630349905,720575940624064295,6
720575940638202345,5,Sugar GRNs,,720575940630664556,720575940626809109,7,5,720575940630349905,720575940615043112,5
720575940638202345,5,Sugar GRNs,,720575940630664556,720575940616072221,6,7,720575940619025780,720575940628199802,7
720575940638202345,5,Sugar GRNs,,720575940630664556,720575940616072221,6,7,720575940619025780,720575940615911380,5
720575940638202345,5,Sugar GRNs,,720575940630664556,720575940616072221,6,6,720575940638517181,720575940603765280,13
720575940638202345,5,Sugar GRNs,,720575940630664556,720575940616072221,6,6,720575940638517181,720575940650527222,8
720575940638202345,5,Sugar GRNs,,720575940630664556,720575940616072221,6,6,720575940638517181,720575940624064295,5
720575940638202345,5,Sugar GRNs,,720575940630664556,720575940616072221,6,6,720575940628903895,720575940623081400,7
720575940638202345,5,Sugar GRNs,,720575940630664556,720575940634659508,6,5,720575940621490721,720575940632436307,8
720575940638202345,5,Sugar GRNs,,720575940630664556,720575940631915801,5,10,720575940623777065,720575940615043112,5
720575940638202345,5,Sugar GRNs,,720575940630664556,720575940610623658,5,12,720575940623777065,720575940615043112,5
720575940638202345,5,Sugar GRNs,,720575940630664556,720575940607472988,5,9,720575940624454221,720575940622897639,12
720575940638202345,5,Sugar GRNs,,720575940630664556,720575940607472988,5,9,720575940624454221,720575940650527222,6
720575940638202345,5,Sugar GRNs,,720575940630664556,720575940607472988,5,9,720575940624454221,720575940623081400,5
720575940638202345,5,Sugar GRNs,,720575940630664556,720575940607472988,5,9,720575940624454221,720575940620628957,5
720575940638202345,5,Sugar GRNs,,720575940630664556,720575940607472988,5,9,720575940624454221,720575940615043112,5
720575940638202345,5,Sugar GRNs,,720575940630664556,720575940607472988,5,9,720575940624454221,720575940611254681,5
720575940639198653,5,Sugar GRNs,,720575940631349335,720575940626953561,11,5,720575940624454221,720575940622897639,12
720575940639198653,5,Sugar GRNs,,720575940631349335,720575940626953561,11,5,720575940624454221,720575940650527222,6
720575940639198653,5,Sugar GRNs,,720575940631349335,720575940626953561,11,5,720575940624454221,720575940623081400,5
720575940639198653,5,Sugar GRNs,,720575940631349335,720575940626953561,11,5,720575940624454221,720575940620628957,5
720575940639198653,5,Sugar GRNs,,720575940631349335,720575940626953561,11,5,720575940624454221,720575940615043112,5
720575940639198653,5,Sugar GRNs,,720575940631349335,720575940626953561,11,5,720575940624454221,720575940611254681,5
720575940639198653,5,Sugar GRNs,,720575940631349335,720575940611549902,5,6,720575940623040094,720575940612923390,7
720575940639198653,5,Sugar GRNs,,720575940631349335,720575940611549902,5,6,720575940623040094,720575940615043112,5
720575940640649691,5,Sugar GRNs,,720575940625580988,720575940655013281,20,5,720575940618310229,720575940628363820,5
720575940640649691,5,Sugar GRNs,,720575940625580988,720575940655013281,20,5,720575940618310229,720575940620628957,5
720575940616885538,5,Sugar GRNs,,720575940622116705,720575940635210859,7,7,720575940631309866,720575940611254681,8
720575940616885538,5,Sugar GRNs,,720575940622116705,720575940636574388,5,6,720575940610708430,720575940650527222,56
720575940616885538,5,Sugar GRNs,,720575940622116705,720575940636574388,5,6,720575940610708430,720575940603765280,45
720575940616885538,5,Sugar GRNs,,720575940622116705,720575940636574388,5,6,720575940610708430,720575940615043112,44
720575940616885538,5,Sugar GRNs,,720575940622116705,720575940636574388,5,6,720575940610708430,720575940612923390,36
720575940616885538,5,Sugar GRNs,,720575940622116705,720575940636574388,5,6,720575940610708430,720575940625379859,31
720575940616885538,5,Sugar GRNs,,720575940622116705,720575940636574388,5,6,720575940610708430,720575940622897639,30
720575940616885538,5,Sugar GRNs,,720575940622116705,720575940636574388,5,6,720575940610708430,720575940628199802,28
720575940616885538,5,Sugar GRNs,,720575940622116705,720575940636574388,5,6,720575940610708430,720575940643539566,27
720575940616885538,5,Sugar GRNs,,720575940622116705,720575940636574388,5,6,720575940610708430,720575940620628957,27
720575940616885538,5,Sugar GRNs,,720575940622116705,720575940636574388,5,6,720575940610708430,720575940631884883,26
720575940616885538,5,Sugar GRNs,,720575940622116705,720575940636574388,5,6,720575940610708430,720575940624064295,25
720575940616885538,5,Sugar GRNs,,720575940622116705,720575940636574388,5,6,720575940610708430,720575940632436307,25
720575940616885538,5,Sugar GRNs,,720575940622116705,720575940636574388,5,6,720575940610708430,720575940623081400,24
720575940616885538,5,Sugar GRNs,,720575940622116705,720575940636574388,5,6,720575940610708430,720575940628363820,22
720575940616885538,5,Sugar GRNs,,720575940622116705,720575940636574388,5,6,720575940610708430,720575940618694827,17
720575940616885538,5,Sugar GRNs,,720575940622116705,720575940636574388,5,6,720575940610708430,720575940614623455,17
720575940616885538,5,Sugar GRNs,,720575940622116705,720575940636574388,5,6,720575940610708430,720575940611254681,13
720575940616885538,5,Sugar GRNs,,720575940622116705,720575940636574388,5,6,720575940610708430,720575940615911380,6
720575940639198653,5,Sugar GRNs,,720575940626972056,720575940630664556,10,5,720575940631915801,720575940615043112,5
720575940639198653,5,Sugar GRNs,,720575940626972056,720575940607472988,7,9,720575940624454221,720575940622897639,12
720575940639198653,5,Sugar GRNs,,720575940626972056,720575940607472988,7,9,720575940624454221,720575940650527222,6
720575940639198653,5,Sugar GRNs,,720575940626972056,720575940607472988,7,9,720575940624454221,720575940623081400,5
720575940639198653,5,Sugar GRNs,,720575940626972056,720575940607472988,7,9,720575940624454221,720575940620628957,5
720575940639198653,5,Sugar GRNs,,720575940626972056,720575940607472988,7,9,720575940624454221,720575940615043112,5
720575940639198653,5,Sugar GRNs,,720575940626972056,720575940607472988,7,9,720575940624454221,720575940611254681,5
720575940639198653,5,Sugar GRNs,,720575940626972056,720575940635210859,6,7,720575940631309866,720575940611254681,8
720575940639198653,5,Sugar GRNs,,720575940626972056,720575940621827419,6,6,720575940622834411,720575940612923390,7
720575940639198653,5,Sugar GRNs,,720575940626972056,720575940627667530,5,36,720575940610708430,720575940650527222,56
720575940639198653,5,Sugar GRNs,,720575940626972056,720575940627667530,5,36,720575940610708430,720575940603765280,45
720575940639198653,5,Sugar GRNs,,720575940626972056,720575940627667530,5,36,720575940610708430,720575940615043112,44
720575940639198653,5,Sugar GRNs,,720575940626972056,720575940627667530,5,36,720575940610708430,720575940612923390,36
720575940639198653,5,Sugar GRNs,,720575940626972056,720575940627667530,5,36,720575940610708430,720575940625379859,31
720575940639198653,5,Sugar GRNs,,720575940626972056,720575940627667530,5,36,720575940610708430,720575940622897639,30
720575940639198653,5,Sugar GRNs,,720575940626972056,720575940627667530,5,36,720575940610708430,720575940628199802,28
720575940639198653,5,Sugar GRNs,,720575940626972056,720575940627667530,5,36,720575940610708430,720575940643539566,27
720575940639198653,5,Sugar GRNs,,720575940626972056,720575940627667530,5,36,720575940610708430,720575940620628957,27
720575940639198653,5,Sugar GRNs,,720575940626972056,720575940627667530,5,36,720575940610708430,720575940631884883,26
720575940639198653,5,Sugar GRNs,,720575940626972056,720575940627667530,5,36,720575940610708430,720575940624064295,25
720575940639198653,5,Sugar GRNs,,720575940626972056,720575940627667530,5,36,720575940610708430,720575940632436307,25
720575940639198653,5,Sugar GRNs,,720575940626972056,720575940627667530,5,36,720575940610708430,720575940623081400,24
720575940639198653,5,Sugar GRNs,,720575940626972056,720575940627667530,5,36,720575940610708430,720575940628363820,22
720575940639198653,5,Sugar GRNs,,720575940626972056,720575940627667530,5,36,720575940610708430,720575940618694827,17
720575940639198653,5,Sugar GRNs,,720575940626972056,720575940627667530,5,36,720575940610708430,720575940614623455,17
720575940639198653,5,Sugar GRNs,,720575940626972056,720575940627667530,5,36,720575940610708430,720575940611254681,13
720575940639198653,5,Sugar GRNs,,720575940626972056,720575940627667530,5,36,720575940610708430,720575940615911380,6
720575940639198653,5,Sugar GRNs,,720575940626972056,720575940625376442,5,29,720575940610708430,720575940650527222,56
720575940639198653,5,Sugar GRNs,,720575940626972056,720575940625376442,5,29,720575940610708430,720575940603765280,45
720575940639198653,5,Sugar GRNs,,720575940626972056,720575940625376442,5,29,720575940610708430,720575940615043112,44
720575940639198653,5,Sugar GRNs,,720575940626972056,720575940625376442,5,29,720575940610708430,720575940612923390,36
720575940639198653,5,Sugar GRNs,,720575940626972056,720575940625376442,5,29,720575940610708430,720575940625379859,31
720575940639198653,5,Sugar GRNs,,720575940626972056,720575940625376442,5,29,720575940610708430,720575940622897639,30
720575940639198653,5,Sugar GRNs,,720575940626972056,720575940625376442,5,29,720575940610708430,720575940628199802,28
720575940639198653,5,Sugar GRNs,,720575940626972056,720575940625376442,5,29,720575940610708430,720575940643539566,27
720575940639198653,5,Sugar GRNs,,720575940626972056,720575940625376442,5,29,720575940610708430,720575940620628957,27
720575940639198653,5,Sugar GRNs,,720575940626972056,720575940625376442,5,29,720575940610708430,720575940631884883,26
720575940639198653,5,Sugar GRNs,,720575940626972056,720575940625376442,5,29,720575940610708430,720575940624064295,25
720575940639198653,5,Sugar GRNs,,720575940626972056,720575940625376442,5,29,720575940610708430,720575940632436307,25
720575940639198653,5,Sugar GRNs,,720575940626972056,720575940625376442,5,29,720575940610708430,720575940623081400,24
720575940639198653,5,Sugar GRNs,,720575940626972056,720575940625376442,5,29,720575940610708430,720575940628363820,22
720575940639198653,5,Sugar GRNs,,720575940626972056,720575940625376442,5,29,720575940610708430,720575940618694827,17
720575940639198653,5,Sugar GRNs,,720575940626972056,720575940625376442,5,29,720575940610708430,720575940614623455,17
720575940639198653,5,Sugar GRNs,,720575940626972056,720575940625376442,5,29,720575940610708430,720575940611254681,13
720575940639198653,5,Sugar GRNs,,720575940626972056,720575940625376442,5,29,720575940610708430,720575940615911380,6
720575940639198653,5,Sugar GRNs,,720575940626972056,720575940625376442,5,7,720575940625053773,720575940615043112,6
720575940639198653,5,Sugar GRNs,,720575940626972056,720575940625376442,5,7,720575940625053773,720575940603765280,5
720575940639198653,5,Sugar GRNs,,720575940626972056,720575940625376442,5,6,720575940631309866,720575940611254681,8
720575940637568838,5,Sugar GRNs,,720575940655011489,720575940625741287,20,26,720575940615871967,720575940643539566,9
720575940637568838,5,Sugar GRNs,,720575940655011489,720575940625741287,20,26,720575940615871967,720575940618694827,6
720575940637568838,5,Sugar GRNs,,720575940655011489,720575940625741287,20,26,720575940615871967,720575940615911380,6
720575940637568838,5,Sugar GRNs,,720575940655011489,720575940625741287,20,26,720575940615871967,720575940612923390,5
720575940637568838,5,Sugar GRNs,,720575940655011489,720575940625741287,20,11,720575940632412828,720575940615043112,5
720575940637568838,5,Sugar GRNs,,720575940655011489,720575940625741287,20,7,720575940625053773,720575940615043112,6
720575940637568838,5,Sugar GRNs,,720575940655011489,720575940625741287,20,7,720575940625053773,720575940603765280,5
720575940637568838,5,Sugar GRNs,,720575940655011489,720575940628360506,19,11,720575940625053773,720575940615043112,6
720575940637568838,5,Sugar GRNs,,720575940655011489,720575940628360506,19,11,720575940625053773,720575940603765280,5
720575940637568838,5,Sugar GRNs,,720575940655011489,720575940628360506,19,9,720575940638302909,720575940603765280,5
720575940637568838,5,Sugar GRNs,,720575940655011489,720575940628360506,19,8,720575940615871967,720575940643539566,9
720575940637568838,5,Sugar GRNs,,720575940655011489,720575940628360506,19,8,720575940615871967,720575940618694827,6
720575940637568838,5,Sugar GRNs,,720575940655011489,720575940628360506,19,8,720575940615871967,720575940615911380,6
720575940637568838,5,Sugar GRNs,,720575940655011489,720575940628360506,19,8,720575940615871967,720575940612923390,5
720575940638202345,5,Sugar GRNs,,720575940647033396,720575940633165980,16,5,720575940630349905,720575940612923390,13
720575940638202345,5,Sugar GRNs,,720575940647033396,720575940633165980,16,5,720575940630349905,720575940628199802,12
720575940638202345,5,Sugar GRNs,,720575940647033396,720575940633165980,16,5,720575940630349905,720575940643539566,12
720575940638202345,5,Sugar GRNs,,720575940647033396,720575940633165980,16,5,720575940630349905,720575940615911380,9
720575940638202345,5,Sugar GRNs,,720575940647033396,720575940633165980,16,5,720575940630349905,720575940631884883,9
720575940638202345,5,Sugar GRNs,,720575940647033396,720575940633165980,16,5,720575940630349905,720575940625379859,8
720575940638202345,5,Sugar GRNs,,720575940647033396,720575940633165980,16,5,720575940630349905,720575940624064295,6
720575940638202345,5,Sugar GRNs,,720575940647033396,720575940633165980,16,5,720575940630349905,720575940615043112,5
720575940638202345,5,Sugar GRNs,,720575940647033396,720575940629317450,13,7,720575940619025780,720575940628199802,7
720575940638202345,5,Sugar GRNs,,720575940647033396,720575940629317450,13,7,720575940619025780,720575940615911380,5
720575940638202345,5,Sugar GRNs,,720575940647033396,720575940629317450,13,6,720575940630311528,720575940623081400,5
720575940638202345,5,Sugar GRNs,,720575940647033396,720575940629317450,13,6,720575940630311528,720575940620628957,5
720575940638202345,5,Sugar GRNs,,720575940647033396,720575940618788944,9,7,720575940626146125,720575940650527222,11
720575940638202345,5,Sugar GRNs,,720575940647033396,720575940618788944,9,7,720575940626146125,720575940622897639,6
720575940638202345,5,Sugar GRNs,,720575940647033396,720575940618788944,9,5,720575940630311528,720575940623081400,5
720575940638202345,5,Sugar GRNs,,720575940647033396,720575940618788944,9,5,720575940630311528,720575940620628957,5
720575940638202345,5,Sugar GRNs,,720575940647033396,720575940618788944,9,5,720575940627492866,720575940650527222,11
720575940638202345,5,Sugar GRNs,,720575940647033396,720575940618788944,9,5,720575940627492866,720575940603765280,10
720575940638202345,5,Sugar GRNs,,720575940647033396,720575940618788944,9,5,720575940627492866,720575940623081400,5
720575940638202345,5,Sugar GRNs,,720575940647033396,720575940621736669,8,5,720575940626021052,720575940628199802,9
720575940638202345,5,Sugar GRNs,,720575940647033396,720575940621736669,8,5,720575940626021052,720575940618694827,5
720575940638202345,5,Sugar GRNs,,720575940647033396,720575940635816926,7,5,720575940633711028,720575940618694827,10
720575940638202345,5,Sugar GRNs,,720575940647033396,720575940635816926,7,5,720575940633711028,720575940615911380,5
720575940638202345,5,Sugar GRNs,,720575940647033396,720575940620181825,5,9,720575940622160705,720575940628363820,5
720575940612670570,5,Sugar GRNs,,720575940606866377,720575940629370844,7,6,720575940626021052,720575940628199802,9
720575940612670570,5,Sugar GRNs,,720575940606866377,720575940629370844,7,6,720575940626021052,720575940618694827,5
720575940612670570,5,Sugar GRNs,,720575940606866377,720575940629370844,7,5,720575940637718598,720575940612923390,8
720575940612670570,5,Sugar GRNs,,720575940606866377,720575940629370844,7,5,720575940637718598,720575940615911380,7
720575940612670570,5,Sugar GRNs,,720575940606866377,720575940632873261,5,7,720575940644948771,720575940632436307,30
720575940612670570,5,Sugar GRNs,,720575940606866377,720575940632873261,5,6,720575940610708430,720575940650527222,56
720575940612670570,5,Sugar GRNs,,720575940606866377,720575940632873261,5,6,720575940610708430,720575940603765280,45
720575940612670570,5,Sugar GRNs,,720575940606866377,720575940632873261,5,6,720575940610708430,720575940615043112,44
720575940612670570,5,Sugar GRNs,,720575940606866377,720575940632873261,5,6,720575940610708430,720575940612923390,36
720575940612670570,5,Sugar GRNs,,720575940606866377,720575940632873261,5,6,720575940610708430,720575940625379859,31
720575940612670570,5,Sugar GRNs,,720575940606866377,720575940632873261,5,6,720575940610708430,720575940622897639,30
720575940612670570,5,Sugar GRNs,,720575940606866377,720575940632873261,5,6,720575940610708430,720575940628199802,28
720575940612670570,5,Sugar GRNs,,720575940606866377,720575940632873261,5,6,720575940610708430,720575940643539566,27
720575940612670570,5,Sugar GRNs,,720575940606866377,720575940632873261,5,6,720575940610708430,720575940620628957,27
720575940612670570,5,Sugar GRNs,,720575940606866377,720575940632873261,5,6,720575940610708430,720575940631884883,26
720575940612670570,5,Sugar GRNs,,720575940606866377,720575940632873261,5,6,720575940610708430,720575940624064295,25
720575940612670570,5,Sugar GRNs,,720575940606866377,720575940632873261,5,6,720575940610708430,720575940632436307,25
720575940612670570,5,Sugar GRNs,,720575940606866377,720575940632873261,5,6,720575940610708430,720575940623081400,24
720575940612670570,5,Sugar GRNs,,720575940606866377,720575940632873261,5,6,720575940610708430,720575940628363820,22
720575940612670570,5,Sugar GRNs,,720575940606866377,720575940632873261,5,6,720575940610708430,720575940618694827,17
720575940612670570,5,Sugar GRNs,,720575940606866377,720575940632873261,5,6,720575940610708430,720575940614623455,17
720575940612670570,5,Sugar GRNs,,720575940606866377,720575940632873261,5,6,720575940610708430,720575940611254681,13
720575940612670570,5,Sugar GRNs,,720575940606866377,720575940632873261,5,6,720575940610708430,720575940615911380,6
720575940639259967,5,Sugar GRNs,,720575940640589171,720575940655013281,13,5,720575940618310229,720575940628363820,5
720575940639259967,5,Sugar GRNs,,720575940640589171,720575940655013281,13,5,720575940618310229,720575940620628957,5
720575940639259967,5,Sugar GRNs,,720575940640589171,720575940614349974,13,8,720575940618310229,720575940628363820,5
720575940639259967,5,Sugar GRNs,,720575940640589171,720575940614349974,13,8,720575940618310229,720575940620628957,5
720575940639259967,5,Sugar GRNs,,720575940628114684,720575940612648106,7,6,720575940621490721,720575940632436307,8
720575940630233916,5,Sugar GRNs,,720575940625178768,720575940630664556,129,5,720575940631915801,720575940615043112,5
720575940630233916,5,Sugar GRNs,,720575940625178768,720575940626308697,47,84,720575940610708430,720575940650527222,56
720575940630233916,5,Sugar GRNs,,720575940625178768,720575940626308697,47,84,720575940610708430,720575940603765280,45
720575940630233916,5,Sugar GRNs,,720575940625178768,720575940626308697,47,84,720575940610708430,720575940615043112,44
720575940630233916,5,Sugar GRNs,,720575940625178768,720575940626308697,47,84,720575940610708430,720575940612923390,36
720575940630233916,5,Sugar GRNs,,720575940625178768,720575940626308697,47,84,720575940610708430,720575940625379859,31
720575940630233916,5,Sugar GRNs,,720575940625178768,720575940626308697,47,84,720575940610708430,720575940622897639,30
720575940630233916,5,Sugar GRNs,,720575940625178768,720575940626308697,47,84,720575940610708430,720575940628199802,28
720575940630233916,5,Sugar GRNs,,720575940625178768,720575940626308697,47,84,720575940610708430,720575940643539566,27
720575940630233916,5,Sugar GRNs,,720575940625178768,720575940626308697,47,84,720575940610708430,720575940620628957,27
720575940630233916,5,Sugar GRNs,,720575940625178768,720575940626308697,47,84,720575940610708430,720575940631884883,26
720575940630233916,5,Sugar GRNs,,720575940625178768,720575940626308697,47,84,720575940610708430,720575940624064295,25
720575940630233916,5,Sugar GRNs,,720575940625178768,720575940626308697,47,84,720575940610708430,720575940632436307,25
720575940630233916,5,Sugar GRNs,,720575940625178768,720575940626308697,47,84,720575940610708430,720575940623081400,24
720575940630233916,5,Sugar GRNs,,720575940625178768,720575940626308697,47,84,720575940610708430,720575940628363820,22
720575940630233916,5,Sugar GRNs,,720575940625178768,720575940626308697,47,84,720575940610708430,720575940618694827,17
720575940630233916,5,Sugar GRNs,,720575940625178768,720575940626308697,47,84,720575940610708430,720575940614623455,17
720575940630233916,5,Sugar GRNs,,720575940625178768,720575940626308697,47,84,720575940610708430,720575940611254681,13
720575940630233916,5,Sugar GRNs,,720575940625178768,720575940626308697,47,84,720575940610708430,720575940615911380,6
720575940630233916,5,Sugar GRNs,,720575940625178768,720575940632602532,39,8,720575940614950194,720575940628363820,9
720575940630233916,5,Sugar GRNs,,720575940625178768,720575940632602532,39,8,720575940614950194,720575940625379859,5
720575940630233916,5,Sugar GRNs,,720575940625178768,720575940620170887,7,5,720575940622834411,720575940612923390,7
720575940624963786,5,Sugar GRNs,,720575940630664556,720575940618788944,98,7,720575940626146125,720575940650527222,11
720575940624963786,5,Sugar GRNs,,720575940630664556,720575940618788944,98,7,720575940626146125,720575940622897639,6
720575940624963786,5,Sugar GRNs,,720575940630664556,720575940618788944,98,5,720575940630311528,720575940623081400,5
720575940624963786,5,Sugar GRNs,,720575940630664556,720575940618788944,98,5,720575940630311528,720575940620628957,5
720575940624963786,5,Sugar GRNs,,720575940630664556,720575940618788944,98,5,720575940627492866,720575940650527222,11
720575940624963786,5,Sugar GRNs,,720575940630664556,720575940618788944,98,5,720575940627492866,720575940603765280,10
720575940624963786,5,Sugar GRNs,,720575940630664556,720575940618788944,98,5,720575940627492866,720575940623081400,5
720575940624963786,5,Sugar GRNs,,720575940630664556,720575940627454569,57,5,720575940626021052,720575940628199802,9
720575940624963786,5,Sugar GRNs,,720575940630664556,720575940627454569,57,5,720575940626021052,720575940618694827,5
720575940624963786,5,Sugar GRNs,,720575940630664556,720575940620735258,54,5,720575940627492866,720575940650527222,11
720575940624963786,5,Sugar GRNs,,720575940630664556,720575940620735258,54,5,720575940627492866,720575940603765280,10
720575940624963786,5,Sugar GRNs,,720575940630664556,720575940620735258,54,5,720575940627492866,720575940623081400,5
720575940624963786,5,Sugar GRNs,,720575940630664556,720575940633165980,42,5,720575940630349905,720575940612923390,13
720575940624963786,5,Sugar GRNs,,720575940630664556,720575940633165980,42,5,720575940630349905,720575940628199802,12
720575940624963786,5,Sugar GRNs,,720575940630664556,720575940633165980,42,5,720575940630349905,720575940643539566,12
720575940624963786,5,Sugar GRNs,,720575940630664556,720575940633165980,42,5,720575940630349905,720575940615911380,9
720575940624963786,5,Sugar GRNs,,720575940630664556,720575940633165980,42,5,720575940630349905,720575940631884883,9
720575940624963786,5,Sugar GRNs,,720575940630664556,720575940633165980,42,5,720575940630349905,720575940625379859,8
720575940624963786,5,Sugar GRNs,,720575940630664556,720575940633165980,42,5,720575940630349905,720575940624064295,6
720575940624963786,5,Sugar GRNs,,720575940630664556,720575940633165980,42,5,720575940630349905,720575940615043112,5
720575940624963786,5,Sugar GRNs,,720575940630664556,720575940658442625,37,5,720575940626021052,720575940628199802,9
720575940624963786,5,Sugar GRNs,,720575940630664556,720575940658442625,37,5,720575940626021052,720575940618694827,5
720575940624963786,5,Sugar GRNs,,720575940630664556,720575940608713993,33,5,720575940627492866,720575940650527222,11
720575940624963786,5,Sugar GRNs,,720575940630664556,720575940608713993,33,5,720575940627492866,720575940603765280,10
720575940624963786,5,Sugar GRNs,,720575940630664556,720575940608713993,33,5,720575940627492866,720575940623081400,5
720575940624963786,5,Sugar GRNs,,720575940630664556,720575940622661095,31,6,720575940624454221,720575940622897639,12
720575940624963786,5,Sugar GRNs,,720575940630664556,720575940622661095,31,6,720575940624454221,720575940650527222,6
720575940624963786,5,Sugar GRNs,,720575940630664556,720575940622661095,31,6,720575940624454221,720575940623081400,5
720575940624963786,5,Sugar GRNs,,720575940630664556,720575940622661095,31,6,720575940624454221,720575940620628957,5
720575940624963786,5,Sugar GRNs,,720575940630664556,720575940622661095,31,6,720575940624454221,720575940615043112,5
720575940624963786,5,Sugar GRNs,,720575940630664556,720575940622661095,31,6,720575940624454221,720575940611254681,5
720575940624963786,5,Sugar GRNs,,720575940630664556,720575940626870846,27,6,720575940626146125,720575940650527222,11
720575940624963786,5,Sugar GRNs,,720575940630664556,720575940626870846,27,6,720575940626146125,720575940622897639,6
720575940624963786,5,Sugar GRNs,,720575940630664556,720575940626015242,26,17,720575940624454221,720575940622897639,12
720575940624963786,5,Sugar GRNs,,720575940630664556,720575940626015242,26,17,720575940624454221,720575940650527222,6
720575940624963786,5,Sugar GRNs,,720575940630664556,720575940626015242,26,17,720575940624454221,720575940623081400,5
720575940624963786,5,Sugar GRNs,,720575940630664556,720575940626015242,26,17,720575940624454221,720575940620628957,5
720575940624963786,5,Sugar GRNs,,720575940630664556,720575940626015242,26,17,720575940624454221,720575940615043112,5
720575940624963786,5,Sugar GRNs,,720575940630664556,720575940626015242,26,17,720575940624454221,720575940611254681,5
720575940624963786,5,Sugar GRNs,,720575940630664556,720575940626015242,26,11,720575940626146125,720575940650527222,11
720575940624963786,5,Sugar GRNs,,720575940630664556,720575940626015242,26,11,720575940626146125,720575940622897639,6
720575940624963786,5,Sugar GRNs,,720575940630664556,720575940626015242,26,6,720575940630311528,720575940623081400,5
720575940624963786,5,Sugar GRNs,,720575940630664556,720575940626015242,26,6,720575940630311528,720575940620628957,5
720575940624963786,5,Sugar GRNs,,720575940630664556,720575940629211607,24,5,720575940630311528,720575940623081400,5
720575940624963786,5,Sugar GRNs,,720575940630664556,720575940629211607,24,5,720575940630311528,720575940620628957,5
720575940624963786,5,Sugar GRNs,,720575940630664556,720575940613426343,24,9,720575940627492866,720575940650527222,11
720575940624963786,5,Sugar GRNs,,720575940630664556,720575940613426343,24,9,720575940627492866,720575940603765280,10
720575940624963786,5,Sugar GRNs,,720575940630664556,720575940613426343,24,9,720575940627492866,720575940623081400,5
720575940624963786,5,Sugar GRNs,,720575940630664556,720575940622457579,24,11,720575940613845516,720575940650527222,13
720575940624963786,5,Sugar GRNs,,720575940630664556,720575940622457579,24,11,720575940613845516,720575940603765280,11
720575940624963786,5,Sugar GRNs,,720575940630664556,720575940622457579,24,11,720575940613845516,720575940614623455,8
720575940624963786,5,Sugar GRNs,,720575940630664556,720575940622457579,24,11,720575940613845516,720575940622897639,8
720575940624963786,5,Sugar GRNs,,720575940630664556,720575940622457579,24,11,720575940613845516,720575940620628957,7
720575940624963786,5,Sugar GRNs,,720575940630664556,720575940622457579,24,11,720575940613845516,720575940628363820,7
720575940624963786,5,Sugar GRNs,,720575940630664556,720575940622457579,24,11,720575940613845516,720575940623081400,5
720575940624963786,5,Sugar GRNs,,720575940630664556,720575940622457579,24,6,720575940623777065,720575940615043112,5
720575940624963786,5,Sugar GRNs,,720575940630664556,720575940632602532,22,8,720575940614950194,720575940628363820,9
720575940624963786,5,Sugar GRNs,,720575940630664556,720575940632602532,22,8,720575940614950194,720575940625379859,5
720575940624963786,5,Sugar GRNs,,720575940630664556,720575940614273292,17,7,720575940630311528,720575940623081400,5
720575940624963786,5,Sugar GRNs,,720575940630664556,720575940614273292,17,7,720575940630311528,720575940620628957,5
720575940624963786,5,Sugar GRNs,,720575940630664556,720575940614273292,17,5,720575940626146125,720575940650527222,11
720575940624963786,5,Sugar GRNs,,720575940630664556,720575940614273292,17,5,720575940626146125,720575940622897639,6
720575940624963786,5,Sugar GRNs,,720575940630664556,720575940632078873,16,9,720575940623777065,720575940615043112,5
720575940624963786,5,Sugar GRNs,,720575940630664556,720575940615245107,15,6,720575940627492866,720575940650527222,11
720575940624963786,5,Sugar GRNs,,720575940630664556,720575940615245107,15,6,720575940627492866,720575940603765280,10
720575940624963786,5,Sugar GRNs,,720575940630664556,720575940615245107,15,6,720575940627492866,720575940623081400,5
720575940624963786,5,Sugar GRNs,,720575940630664556,720575940621827419,15,6,720575940622834411,720575940612923390,7
720575940624963786,5,Sugar GRNs,,720575940630664556,720575940629317450,15,7,720575940619025780,720575940628199802,7
720575940624963786,5,Sugar GRNs,,720575940630664556,720575940629317450,15,7,720575940619025780,720575940615911380,5
720575940624963786,5,Sugar GRNs,,720575940630664556,720575940629317450,15,6,720575940630311528,720575940623081400,5
720575940624963786,5,Sugar GRNs,,720575940630664556,720575940629317450,15,6,720575940630311528,720575940620628957,5
720575940624963786,5,Sugar GRNs,,720575940630664556,720575940641776032,15,6,720575940630311528,720575940623081400,5
720575940624963786,5,Sugar GRNs,,720575940630664556,720575940641776032,15,6,720575940630311528,720575940620628957,5
720575940624963786,5,Sugar GRNs,,720575940630664556,720575940631299602,14,22,720575940610708430,720575940650527222,56
720575940624963786,5,Sugar GRNs,,720575940630664556,720575940631299602,14,22,720575940610708430,720575940603765280,45
720575940624963786,5,Sugar GRNs,,720575940630664556,720575940631299602,14,22,720575940610708430,720575940615043112,44
720575940624963786,5,Sugar GRNs,,720575940630664556,720575940631299602,14,22,720575940610708430,720575940612923390,36
720575940624963786,5,Sugar GRNs,,720575940630664556,720575940631299602,14,22,720575940610708430,720575940625379859,31
720575940624963786,5,Sugar GRNs,,720575940630664556,720575940631299602,14,22,720575940610708430,720575940622897639,30
720575940624963786,5,Sugar GRNs,,720575940630664556,720575940631299602,14,22,720575940610708430,720575940628199802,28
720575940624963786,5,Sugar GRNs,,720575940630664556,720575940631299602,14,22,720575940610708430,720575940643539566,27
720575940624963786,5,Sugar GRNs,,720575940630664556,720575940631299602,14,22,720575940610708430,720575940620628957,27
720575940624963786,5,Sugar GRNs,,720575940630664556,720575940631299602,14,22,720575940610708430,720575940631884883,26
720575940624963786,5,Sugar GRNs,,720575940630664556,720575940631299602,14,22,720575940610708430,720575940624064295,25
720575940624963786,5,Sugar GRNs,,720575940630664556,720575940631299602,14,22,720575940610708430,720575940632436307,25
720575940624963786,5,Sugar GRNs,,720575940630664556,720575940631299602,14,22,720575940610708430,720575940623081400,24
720575940624963786,5,Sugar GRNs,,720575940630664556,720575940631299602,14,22,720575940610708430,720575940628363820,22
720575940624963786,5,Sugar GRNs,,720575940630664556,720575940631299602,14,22,720575940610708430,720575940618694827,17
720575940624963786,5,Sugar GRNs,,720575940630664556,720575940631299602,14,22,720575940610708430,720575940614623455,17
720575940624963786,5,Sugar GRNs,,720575940630664556,720575940631299602,14,22,720575940610708430,720575940611254681,13
720575940624963786,5,Sugar GRNs,,720575940630664556,720575940631299602,14,22,720575940610708430,720575940615911380,6
720575940624963786,5,Sugar GRNs,,720575940630664556,720575940630661164,13,9,720575940614950194,720575940628363820,9
720575940624963786,5,Sugar GRNs,,720575940630664556,720575940630661164,13,9,720575940614950194,720575940625379859,5
720575940624963786,5,Sugar GRNs,,720575940630664556,720575940630661164,13,6,720575940624608442,720575940650527222,8
720575940624963786,5,Sugar GRNs,,720575940630664556,720575940630661164,13,6,720575940624608442,720575940628363820,6
720575940624963786,5,Sugar GRNs,,720575940630664556,720575940630661164,13,6,720575940624608442,720575940603765280,5
720575940624963786,5,Sugar GRNs,,720575940630664556,720575940608368818,13,5,720575940623777065,720575940615043112,5
720575940624963786,5,Sugar GRNs,,720575940630664556,720575940630504466,11,6,720575940622160705,720575940628363820,5
720575940624963786,5,Sugar GRNs,,720575940630664556,720575940628386295,11,101,720575940610708430,720575940650527222,56
720575940624963786,5,Sugar GRNs,,720575940630664556,720575940628386295,11,101,720575940610708430,720575940603765280,45
720575940624963786,5,Sugar GRNs,,720575940630664556,720575940628386295,11,101,720575940610708430,720575940615043112,44
720575940624963786,5,Sugar GRNs,,720575940630664556,720575940628386295,11,101,720575940610708430,720575940612923390,36
720575940624963786,5,Sugar GRNs,,720575940630664556,720575940628386295,11,101,720575940610708430,720575940625379859,31
720575940624963786,5,Sugar GRNs,,720575940630664556,720575940628386295,11,101,720575940610708430,720575940622897639,30
720575940624963786,5,Sugar GRNs,,720575940630664556,720575940628386295,11,101,720575940610708430,720575940628199802,28
720575940624963786,5,Sugar GRNs,,720575940630664556,720575940628386295,11,101,720575940610708430,720575940643539566,27
720575940624963786,5,Sugar GRNs,,720575940630664556,720575940628386295,11,101,720575940610708430,720575940620628957,27
720575940624963786,5,Sugar GRNs,,720575940630664556,720575940628386295,11,101,720575940610708430,720575940631884883,26
720575940624963786,5,Sugar GRNs,,720575940630664556,720575940628386295,11,101,720575940610708430,720575940624064295,25
720575940624963786,5,Sugar GRNs,,720575940630664556,720575940628386295,11,101,720575940610708430,720575940632436307,25
720575940624963786,5,Sugar GRNs,,720575940630664556,720575940628386295,11,101,720575940610708430,720575940623081400,24
720575940624963786,5,Sugar GRNs,,720575940630664556,720575940628386295,11,101,720575940610708430,720575940628363820,22
720575940624963786,5,Sugar GRNs,,720575940630664556,720575940628386295,11,101,720575940610708430,720575940618694827,17
720575940624963786,5,Sugar GRNs,,720575940630664556,720575940628386295,11,101,720575940610708430,720575940614623455,17
720575940624963786,5,Sugar GRNs,,720575940630664556,720575940628386295,11,101,720575940610708430,720575940611254681,13
720575940624963786,5,Sugar GRNs,,720575940630664556,720575940628386295,11,101,720575940610708430,720575940615911380,6
720575940624963786,5,Sugar GRNs,,720575940630664556,720575940625102692,9,10,720575940630311528,720575940623081400,5
720575940624963786,5,Sugar GRNs,,720575940630664556,720575940625102692,9,10,720575940630311528,720575940620628957,5
720575940624963786,5,Sugar GRNs,,720575940630664556,720575940625102692,9,8,720575940627492866,720575940650527222,11
720575940624963786,5,Sugar GRNs,,720575940630664556,720575940625102692,9,8,720575940627492866,720575940603765280,10
720575940624963786,5,Sugar GRNs,,720575940630664556,720575940625102692,9,8,720575940627492866,720575940623081400,5
720575940624963786,5,Sugar GRNs,,720575940630664556,720575940625102692,9,7,720575940622587018,720575940650527222,9
720575940624963786,5,Sugar GRNs,,720575940630664556,720575940625102692,9,7,720575940622587018,720575940628363820,6
720575940624963786,5,Sugar GRNs,,720575940630664556,720575940625102692,9,7,720575940622587018,720575940603765280,5
720575940624963786,5,Sugar GRNs,,720575940630664556,720575940617799253,8,5,720575940627492866,720575940650527222,11
720575940624963786,5,Sugar GRNs,,720575940630664556,720575940617799253,8,5,720575940627492866,720575940603765280,10
720575940624963786,5,Sugar GRNs,,720575940630664556,720575940617799253,8,5,720575940627492866,720575940623081400,5
720575940624963786,5,Sugar GRNs,,720575940630664556,720575940621736669,8,5,720575940626021052,720575940628199802,9
720575940624963786,5,Sugar GRNs,,720575940630664556,720575940621736669,8,5,720575940626021052,720575940618694827,5
720575940624963786,5,Sugar GRNs,,720575940630664556,720575940626809109,7,8,720575940614950194,720575940628363820,9
720575940624963786,5,Sugar GRNs,,720575940630664556,720575940626809109,7,8,720575940614950194,720575940625379859,5
720575940624963786,5,Sugar GRNs,,720575940630664556,720575940626809109,7,5,720575940626021052,720575940628199802,9
720575940624963786,5,Sugar GRNs,,720575940630664556,720575940626809109,7,5,720575940626021052,720575940618694827,5
720575940624963786,5,Sugar GRNs,,720575940630664556,720575940626809109,7,5,720575940630349905,720575940612923390,13
720575940624963786,5,Sugar GRNs,,720575940630664556,720575940626809109,7,5,720575940630349905,720575940628199802,12
720575940624963786,5,Sugar GRNs,,720575940630664556,720575940626809109,7,5,720575940630349905,720575940643539566,12
720575940624963786,5,Sugar GRNs,,720575940630664556,720575940626809109,7,5,720575940630349905,720575940615911380,9
720575940624963786,5,Sugar GRNs,,720575940630664556,720575940626809109,7,5,720575940630349905,720575940631884883,9
720575940624963786,5,Sugar GRNs,,720575940630664556,720575940626809109,7,5,720575940630349905,720575940625379859,8
720575940624963786,5,Sugar GRNs,,720575940630664556,720575940626809109,7,5,720575940630349905,720575940624064295,6
720575940624963786,5,Sugar GRNs,,720575940630664556,720575940626809109,7,5,720575940630349905,720575940615043112,5
720575940624963786,5,Sugar GRNs,,720575940630664556,720575940616072221,6,7,720575940619025780,720575940628199802,7
720575940624963786,5,Sugar GRNs,,720575940630664556,720575940616072221,6,7,720575940619025780,720575940615911380,5
720575940624963786,5,Sugar GRNs,,720575940630664556,720575940616072221,6,6,720575940638517181,720575940603765280,13
720575940624963786,5,Sugar GRNs,,720575940630664556,720575940616072221,6,6,720575940638517181,720575940650527222,8
720575940624963786,5,Sugar GRNs,,720575940630664556,720575940616072221,6,6,720575940638517181,720575940624064295,5
720575940624963786,5,Sugar GRNs,,720575940630664556,720575940616072221,6,6,720575940628903895,720575940623081400,7
720575940624963786,5,Sugar GRNs,,720575940630664556,720575940634659508,6,5,720575940621490721,720575940632436307,8
720575940624963786,5,Sugar GRNs,,720575940630664556,720575940631915801,5,10,720575940623777065,720575940615043112,5
720575940624963786,5,Sugar GRNs,,720575940630664556,720575940610623658,5,12,720575940623777065,720575940615043112,5
720575940624963786,5,Sugar GRNs,,720575940630664556,720575940607472988,5,9,720575940624454221,720575940622897639,12
720575940624963786,5,Sugar GRNs,,720575940630664556,720575940607472988,5,9,720575940624454221,720575940650527222,6
720575940624963786,5,Sugar GRNs,,720575940630664556,720575940607472988,5,9,720575940624454221,720575940623081400,5
720575940624963786,5,Sugar GRNs,,720575940630664556,720575940607472988,5,9,720575940624454221,720575940620628957,5
720575940624963786,5,Sugar GRNs,,720575940630664556,720575940607472988,5,9,720575940624454221,720575940615043112,5
720575940624963786,5,Sugar GRNs,,720575940630664556,720575940607472988,5,9,720575940624454221,720575940611254681,5
720575940621502051,5,Sugar GRNs,,720575940625102692,720575940626870846,75,6,720575940626146125,720575940650527222,11
720575940621502051,5,Sugar GRNs,,720575940625102692,720575940626870846,75,6,720575940626146125,720575940622897639,6
720575940621502051,5,Sugar GRNs,,720575940625102692,720575940626308697,61,84,720575940610708430,720575940650527222,56
720575940621502051,5,Sugar GRNs,,720575940625102692,720575940626308697,61,84,720575940610708430,720575940603765280,45
720575940621502051,5,Sugar GRNs,,720575940625102692,720575940626308697,61,84,720575940610708430,720575940615043112,44
720575940621502051,5,Sugar GRNs,,720575940625102692,720575940626308697,61,84,720575940610708430,720575940612923390,36
720575940621502051,5,Sugar GRNs,,720575940625102692,720575940626308697,61,84,720575940610708430,720575940625379859,31
720575940621502051,5,Sugar GRNs,,720575940625102692,720575940626308697,61,84,720575940610708430,720575940622897639,30
720575940621502051,5,Sugar GRNs,,720575940625102692,720575940626308697,61,84,720575940610708430,720575940628199802,28
720575940621502051,5,Sugar GRNs,,720575940625102692,720575940626308697,61,84,720575940610708430,720575940643539566,27
720575940621502051,5,Sugar GRNs,,720575940625102692,720575940626308697,61,84,720575940610708430,720575940620628957,27
720575940621502051,5,Sugar GRNs,,720575940625102692,720575940626308697,61,84,720575940610708430,720575940631884883,26
720575940621502051,5,Sugar GRNs,,720575940625102692,720575940626308697,61,84,720575940610708430,720575940624064295,25
720575940621502051,5,Sugar GRNs,,720575940625102692,720575940626308697,61,84,720575940610708430,720575940632436307,25
720575940621502051,5,Sugar GRNs,,720575940625102692,720575940626308697,61,84,720575940610708430,720575940623081400,24
720575940621502051,5,Sugar GRNs,,720575940625102692,720575940626308697,61,84,720575940610708430,720575940628363820,22
720575940621502051,5,Sugar GRNs,,720575940625102692,720575940626308697,61,84,720575940610708430,720575940618694827,17
720575940621502051,5,Sugar GRNs,,720575940625102692,720575940626308697,61,84,720575940610708430,720575940614623455,17
720575940621502051,5,Sugar GRNs,,720575940625102692,720575940626308697,61,84,720575940610708430,720575940611254681,13
720575940621502051,5,Sugar GRNs,,720575940625102692,720575940626308697,61,84,720575940610708430,720575940615911380,6
720575940621502051,5,Sugar GRNs,,720575940625102692,720575940632602532,29,8,720575940614950194,720575940628363820,9
720575940621502051,5,Sugar GRNs,,720575940625102692,720575940632602532,29,8,720575940614950194,720575940625379859,5
720575940621502051,5,Sugar GRNs,,720575940625102692,720575940630664556,25,5,720575940631915801,720575940615043112,5
720575940621502051,5,Sugar GRNs,,720575940625102692,720575940623333964,23,25,720575940622160705,720575940628363820,5
720575940621502051,5,Sugar GRNs,,720575940625102692,720575940623333964,23,19,720575940625053773,720575940615043112,6
720575940621502051,5,Sugar GRNs,,720575940625102692,720575940623333964,23,19,720575940625053773,720575940603765280,5
720575940621502051,5,Sugar GRNs,,720575940625102692,720575940639813365,12,6,720575940610708430,720575940650527222,56
720575940621502051,5,Sugar GRNs,,720575940625102692,720575940639813365,12,6,720575940610708430,720575940603765280,45
720575940621502051,5,Sugar GRNs,,720575940625102692,720575940639813365,12,6,720575940610708430,720575940615043112,44
720575940621502051,5,Sugar GRNs,,720575940625102692,720575940639813365,12,6,720575940610708430,720575940612923390,36
720575940621502051,5,Sugar GRNs,,720575940625102692,720575940639813365,12,6,720575940610708430,720575940625379859,31
720575940621502051,5,Sugar GRNs,,720575940625102692,720575940639813365,12,6,720575940610708430,720575940622897639,30
720575940621502051,5,Sugar GRNs,,720575940625102692,720575940639813365,12,6,720575940610708430,720575940628199802,28
720575940621502051,5,Sugar GRNs,,720575940625102692,720575940639813365,12,6,720575940610708430,720575940643539566,27
720575940621502051,5,Sugar GRNs,,720575940625102692,720575940639813365,12,6,720575940610708430,720575940620628957,27
720575940621502051,5,Sugar GRNs,,720575940625102692,720575940639813365,12,6,720575940610708430,720575940631884883,26
720575940621502051,5,Sugar GRNs,,720575940625102692,720575940639813365,12,6,720575940610708430,720575940624064295,25
720575940621502051,5,Sugar GRNs,,720575940625102692,720575940639813365,12,6,720575940610708430,720575940632436307,25
720575940621502051,5,Sugar GRNs,,720575940625102692,720575940639813365,12,6,720575940610708430,720575940623081400,24
720575940621502051,5,Sugar GRNs,,720575940625102692,720575940639813365,12,6,720575940610708430,720575940628363820,22
720575940621502051,5,Sugar GRNs,,720575940625102692,720575940639813365,12,6,720575940610708430,720575940618694827,17
720575940621502051,5,Sugar GRNs,,720575940625102692,720575940639813365,12,6,720575940610708430,720575940614623455,17
720575940621502051,5,Sugar GRNs,,720575940625102692,720575940639813365,12,6,720575940610708430,720575940611254681,13
720575940621502051,5,Sugar GRNs,,720575940625102692,720575940639813365,12,6,720575940610708430,720575940615911380,6
720575940621502051,5,Sugar GRNs,,720575940625102692,720575940624040743,11,12,720575940620691327,720575940650527222,9
720575940621502051,5,Sugar GRNs,,720575940625102692,720575940624040743,11,12,720575940620691327,720575940628363820,9
720575940621502051,5,Sugar GRNs,,720575940625102692,720575940617184001,11,12,720575940633304601,720575940632436307,62
720575940621502051,5,Sugar GRNs,,720575940625102692,720575940617184001,11,12,720575940633304601,720575940650527222,51
720575940621502051,5,Sugar GRNs,,720575940625102692,720575940617184001,11,12,720575940633304601,720575940622897639,45
720575940621502051,5,Sugar GRNs,,720575940625102692,720575940617184001,11,12,720575940633304601,720575940603765280,45
720575940621502051,5,Sugar GRNs,,720575940625102692,720575940617184001,11,12,720575940633304601,720575940620628957,28
720575940621502051,5,Sugar GRNs,,720575940625102692,720575940617184001,11,12,720575940633304601,720575940623081400,23
720575940621502051,5,Sugar GRNs,,720575940625102692,720575940617184001,11,12,720575940633304601,720575940625379859,19
720575940621502051,5,Sugar GRNs,,720575940625102692,720575940617184001,11,12,720575940633304601,720575940611254681,18
720575940621502051,5,Sugar GRNs,,720575940625102692,720575940617184001,11,12,720575940633304601,720575940628363820,18
720575940621502051,5,Sugar GRNs,,720575940625102692,720575940617184001,11,12,720575940633304601,720575940615043112,15
720575940621502051,5,Sugar GRNs,,720575940625102692,720575940617184001,11,12,720575940633304601,720575940612923390,11
720575940621502051,5,Sugar GRNs,,720575940625102692,720575940617184001,11,12,720575940633304601,720575940614623455,9
720575940621502051,5,Sugar GRNs,,720575940625102692,720575940617184001,11,12,720575940631309866,720575940611254681,8
720575940621502051,5,Sugar GRNs,,720575940625102692,720575940617184001,11,7,720575940631008824,720575940643539566,53
720575940621502051,5,Sugar GRNs,,720575940625102692,720575940617184001,11,7,720575940631008824,720575940615043112,40
720575940621502051,5,Sugar GRNs,,720575940625102692,720575940617184001,11,7,720575940631008824,720575940628199802,34
720575940621502051,5,Sugar GRNs,,720575940625102692,720575940617184001,11,7,720575940631008824,720575940625379859,33
720575940621502051,5,Sugar GRNs,,720575940625102692,720575940617184001,11,7,720575940631008824,720575940611254681,33
720575940621502051,5,Sugar GRNs,,720575940625102692,720575940617184001,11,7,720575940631008824,720575940612923390,28
720575940621502051,5,Sugar GRNs,,720575940625102692,720575940617184001,11,7,720575940631008824,720575940618694827,22
720575940621502051,5,Sugar GRNs,,720575940625102692,720575940617184001,11,7,720575940631008824,720575940624064295,21
720575940621502051,5,Sugar GRNs,,720575940625102692,720575940617184001,11,7,720575940631008824,720575940631884883,20
720575940621502051,5,Sugar GRNs,,720575940625102692,720575940617184001,11,7,720575940631008824,720575940615911380,9
720575940621502051,5,Sugar GRNs,,720575940625102692,720575940617184001,11,7,720575940631008824,720575940632436307,6
720575940621502051,5,Sugar GRNs,,720575940625102692,720575940630311528,10,7,720575940631309866,720575940611254681,8
720575940621502051,5,Sugar GRNs,,720575940625102692,720575940630311528,10,6,720575940633304601,720575940632436307,62
720575940621502051,5,Sugar GRNs,,720575940625102692,720575940630311528,10,6,720575940633304601,720575940650527222,51
720575940621502051,5,Sugar GRNs,,720575940625102692,720575940630311528,10,6,720575940633304601,720575940622897639,45
720575940621502051,5,Sugar GRNs,,720575940625102692,720575940630311528,10,6,720575940633304601,720575940603765280,45
720575940621502051,5,Sugar GRNs,,720575940625102692,720575940630311528,10,6,720575940633304601,720575940620628957,28
720575940621502051,5,Sugar GRNs,,720575940625102692,720575940630311528,10,6,720575940633304601,720575940623081400,23
720575940621502051,5,Sugar GRNs,,720575940625102692,720575940630311528,10,6,720575940633304601,720575940625379859,19
720575940621502051,5,Sugar GRNs,,720575940625102692,720575940630311528,10,6,720575940633304601,720575940611254681,18
720575940621502051,5,Sugar GRNs,,720575940625102692,720575940630311528,10,6,720575940633304601,720575940628363820,18
720575940621502051,5,Sugar GRNs,,720575940625102692,720575940630311528,10,6,720575940633304601,720575940615043112,15
720575940621502051,5,Sugar GRNs,,720575940625102692,720575940630311528,10,6,720575940633304601,720575940612923390,11
720575940621502051,5,Sugar GRNs,,720575940625102692,720575940630311528,10,6,720575940633304601,720575940614623455,9
720575940621502051,5,Sugar GRNs,,720575940625102692,720575940622457579,9,11,720575940613845516,720575940650527222,13
720575940621502051,5,Sugar GRNs,,720575940625102692,720575940622457579,9,11,720575940613845516,720575940603765280,11
720575940621502051,5,Sugar GRNs,,720575940625102692,720575940622457579,9,11,720575940613845516,720575940614623455,8
720575940621502051,5,Sugar GRNs,,720575940625102692,720575940622457579,9,11,720575940613845516,720575940622897639,8
720575940621502051,5,Sugar GRNs,,720575940625102692,720575940622457579,9,11,720575940613845516,720575940620628957,7
720575940621502051,5,Sugar GRNs,,720575940625102692,720575940622457579,9,11,720575940613845516,720575940628363820,7
720575940621502051,5,Sugar GRNs,,720575940625102692,720575940622457579,9,11,720575940613845516,720575940623081400,5
720575940621502051,5,Sugar GRNs,,720575940625102692,720575940622457579,9,6,720575940623777065,720575940615043112,5
720575940621502051,5,Sugar GRNs,,720575940625102692,720575940627492866,8,45,720575940615792523,720575940632436307,36
720575940621502051,5,Sugar GRNs,,720575940625102692,720575940627492866,8,45,720575940615792523,720575940611254681,13
720575940621502051,5,Sugar GRNs,,720575940625102692,720575940627492866,8,7,720575940609625442,720575940622897639,10
720575940621502051,5,Sugar GRNs,,720575940625102692,720575940627492866,8,7,720575940609625442,720575940650527222,9
720575940621502051,5,Sugar GRNs,,720575940625102692,720575940627492866,8,7,720575940609625442,720575940603765280,9
720575940621502051,5,Sugar GRNs,,720575940625102692,720575940627492866,8,7,720575940609625442,720575940623081400,7
720575940621502051,5,Sugar GRNs,,720575940625102692,720575940627492866,8,7,720575940609625442,720575940628363820,6
720575940621502051,5,Sugar GRNs,,720575940625102692,720575940627492866,8,5,720575940642715040,720575940632436307,8
720575940621502051,5,Sugar GRNs,,720575940625102692,720575940607777628,7,10,720575940613845516,720575940650527222,13
720575940621502051,5,Sugar GRNs,,720575940625102692,720575940607777628,7,10,720575940613845516,720575940603765280,11
720575940621502051,5,Sugar GRNs,,720575940625102692,720575940607777628,7,10,720575940613845516,720575940614623455,8
720575940621502051,5,Sugar GRNs,,720575940625102692,720575940607777628,7,10,720575940613845516,720575940622897639,8
720575940621502051,5,Sugar GRNs,,720575940625102692,720575940607777628,7,10,720575940613845516,720575940620628957,7
720575940621502051,5,Sugar GRNs,,720575940625102692,720575940607777628,7,10,720575940613845516,720575940628363820,7
720575940621502051,5,Sugar GRNs,,720575940625102692,720575940607777628,7,10,720575940613845516,720575940623081400,5
720575940621502051,5,Sugar GRNs,,720575940625102692,720575940607777628,7,9,720575940633304601,720575940632436307,62
720575940621502051,5,Sugar GRNs,,720575940625102692,720575940607777628,7,9,720575940633304601,720575940650527222,51
720575940621502051,5,Sugar GRNs,,720575940625102692,720575940607777628,7,9,720575940633304601,720575940622897639,45
720575940621502051,5,Sugar GRNs,,720575940625102692,720575940607777628,7,9,720575940633304601,720575940603765280,45
720575940621502051,5,Sugar GRNs,,720575940625102692,720575940607777628,7,9,720575940633304601,720575940620628957,28
720575940621502051,5,Sugar GRNs,,720575940625102692,720575940607777628,7,9,720575940633304601,720575940623081400,23
720575940621502051,5,Sugar GRNs,,720575940625102692,720575940607777628,7,9,720575940633304601,720575940625379859,19
720575940621502051,5,Sugar GRNs,,720575940625102692,720575940607777628,7,9,720575940633304601,720575940611254681,18
720575940621502051,5,Sugar GRNs,,720575940625102692,720575940607777628,7,9,720575940633304601,720575940628363820,18
720575940621502051,5,Sugar GRNs,,720575940625102692,720575940607777628,7,9,720575940633304601,720575940615043112,15
720575940621502051,5,Sugar GRNs,,720575940625102692,720575940607777628,7,9,720575940633304601,720575940612923390,11
720575940621502051,5,Sugar GRNs,,720575940625102692,720575940607777628,7,9,720575940633304601,720575940614623455,9
720575940621502051,5,Sugar GRNs,,720575940625102692,720575940629317450,6,7,720575940619025780,720575940628199802,7
720575940621502051,5,Sugar GRNs,,720575940625102692,720575940629317450,6,7,720575940619025780,720575940615911380,5
720575940621502051,5,Sugar GRNs,,720575940625102692,720575940629317450,6,6,720575940630311528,720575940623081400,5
720575940621502051,5,Sugar GRNs,,720575940625102692,720575940629317450,6,6,720575940630311528,720575940620628957,5
720575940621502051,5,Sugar GRNs,,720575940625102692,720575940607472988,5,9,720575940624454221,720575940622897639,12
720575940621502051,5,Sugar GRNs,,720575940625102692,720575940607472988,5,9,720575940624454221,720575940650527222,6
720575940621502051,5,Sugar GRNs,,720575940625102692,720575940607472988,5,9,720575940624454221,720575940623081400,5
720575940621502051,5,Sugar GRNs,,720575940625102692,720575940607472988,5,9,720575940624454221,720575940620628957,5
720575940621502051,5,Sugar GRNs,,720575940625102692,720575940607472988,5,9,720575940624454221,720575940615043112,5
720575940621502051,5,Sugar GRNs,,720575940625102692,720575940607472988,5,9,720575940624454221,720575940611254681,5
720575940630797113,5,Sugar GRNs,,720575940655011489,720575940625741287,20,26,720575940615871967,720575940643539566,9
720575940630797113,5,Sugar GRNs,,720575940655011489,720575940625741287,20,26,720575940615871967,720575940618694827,6
720575940630797113,5,Sugar GRNs,,720575940655011489,720575940625741287,20,26,720575940615871967,720575940615911380,6
720575940630797113,5,Sugar GRNs,,720575940655011489,720575940625741287,20,26,720575940615871967,720575940612923390,5
720575940630797113,5,Sugar GRNs,,720575940655011489,720575940625741287,20,11,720575940632412828,720575940615043112,5
720575940630797113,5,Sugar GRNs,,720575940655011489,720575940625741287,20,7,720575940625053773,720575940615043112,6
720575940630797113,5,Sugar GRNs,,720575940655011489,720575940625741287,20,7,720575940625053773,720575940603765280,5
720575940630797113,5,Sugar GRNs,,720575940655011489,720575940628360506,19,11,720575940625053773,720575940615043112,6
720575940630797113,5,Sugar GRNs,,720575940655011489,720575940628360506,19,11,720575940625053773,720575940603765280,5
720575940630797113,5,Sugar GRNs,,720575940655011489,720575940628360506,19,9,720575940638302909,720575940603765280,5
720575940630797113,5,Sugar GRNs,,720575940655011489,720575940628360506,19,8,720575940615871967,720575940643539566,9
720575940630797113,5,Sugar GRNs,,720575940655011489,720575940628360506,19,8,720575940615871967,720575940618694827,6
720575940630797113,5,Sugar GRNs,,720575940655011489,720575940628360506,19,8,720575940615871967,720575940615911380,6
720575940630797113,5,Sugar GRNs,,720575940655011489,720575940628360506,19,8,720575940615871967,720575940612923390,5
720575940621502051,5,Sugar GRNs,,720575940622116705,720575940635210859,7,7,720575940631309866,720575940611254681,8
720575940621502051,5,Sugar GRNs,,720575940622116705,720575940636574388,5,6,720575940610708430,720575940650527222,56
720575940621502051,5,Sugar GRNs,,720575940622116705,720575940636574388,5,6,720575940610708430,720575940603765280,45
720575940621502051,5,Sugar GRNs,,720575940622116705,720575940636574388,5,6,720575940610708430,720575940615043112,44
720575940621502051,5,Sugar GRNs,,720575940622116705,720575940636574388,5,6,720575940610708430,720575940612923390,36
720575940621502051,5,Sugar GRNs,,720575940622116705,720575940636574388,5,6,720575940610708430,720575940625379859,31
720575940621502051,5,Sugar GRNs,,720575940622116705,720575940636574388,5,6,720575940610708430,720575940622897639,30
720575940621502051,5,Sugar GRNs,,720575940622116705,720575940636574388,5,6,720575940610708430,720575940628199802,28
720575940621502051,5,Sugar GRNs,,720575940622116705,720575940636574388,5,6,720575940610708430,720575940643539566,27
720575940621502051,5,Sugar GRNs,,720575940622116705,720575940636574388,5,6,720575940610708430,720575940620628957,27
720575940621502051,5,Sugar GRNs,,720575940622116705,720575940636574388,5,6,720575940610708430,720575940631884883,26
720575940621502051,5,Sugar GRNs,,720575940622116705,720575940636574388,5,6,720575940610708430,720575940624064295,25
720575940621502051,5,Sugar GRNs,,720575940622116705,720575940636574388,5,6,720575940610708430,720575940632436307,25
720575940621502051,5,Sugar GRNs,,720575940622116705,720575940636574388,5,6,720575940610708430,720575940623081400,24
720575940621502051,5,Sugar GRNs,,720575940622116705,720575940636574388,5,6,720575940610708430,720575940628363820,22
720575940621502051,5,Sugar GRNs,,720575940622116705,720575940636574388,5,6,720575940610708430,720575940618694827,17
720575940621502051,5,Sugar GRNs,,720575940622116705,720575940636574388,5,6,720575940610708430,720575940614623455,17
720575940621502051,5,Sugar GRNs,,720575940622116705,720575940636574388,5,6,720575940610708430,720575940611254681,13
720575940621502051,5,Sugar GRNs,,720575940622116705,720575940636574388,5,6,720575940610708430,720575940615911380,6
720575940633143833,5,Sugar GRNs,,720575940606866377,720575940629370844,7,6,720575940626021052,720575940628199802,9
720575940633143833,5,Sugar GRNs,,720575940606866377,720575940629370844,7,6,720575940626021052,720575940618694827,5
720575940633143833,5,Sugar GRNs,,720575940606866377,720575940629370844,7,5,720575940637718598,720575940612923390,8
720575940633143833,5,Sugar GRNs,,720575940606866377,720575940629370844,7,5,720575940637718598,720575940615911380,7
720575940633143833,5,Sugar GRNs,,720575940606866377,720575940632873261,5,7,720575940644948771,720575940632436307,30
720575940633143833,5,Sugar GRNs,,720575940606866377,720575940632873261,5,6,720575940610708430,720575940650527222,56
720575940633143833,5,Sugar GRNs,,720575940606866377,720575940632873261,5,6,720575940610708430,720575940603765280,45
720575940633143833,5,Sugar GRNs,,720575940606866377,720575940632873261,5,6,720575940610708430,720575940615043112,44
720575940633143833,5,Sugar GRNs,,720575940606866377,720575940632873261,5,6,720575940610708430,720575940612923390,36
720575940633143833,5,Sugar GRNs,,720575940606866377,720575940632873261,5,6,720575940610708430,720575940625379859,31
720575940633143833,5,Sugar GRNs,,720575940606866377,720575940632873261,5,6,720575940610708430,720575940622897639,30
720575940633143833,5,Sugar GRNs,,720575940606866377,720575940632873261,5,6,720575940610708430,720575940628199802,28
720575940633143833,5,Sugar GRNs,,720575940606866377,720575940632873261,5,6,720575940610708430,720575940643539566,27
720575940633143833,5,Sugar GRNs,,720575940606866377,720575940632873261,5,6,720575940610708430,720575940620628957,27
720575940633143833,5,Sugar GRNs,,720575940606866377,720575940632873261,5,6,720575940610708430,720575940631884883,26
720575940633143833,5,Sugar GRNs,,720575940606866377,720575940632873261,5,6,720575940610708430,720575940624064295,25
720575940633143833,5,Sugar GRNs,,720575940606866377,720575940632873261,5,6,720575940610708430,720575940632436307,25
720575940633143833,5,Sugar GRNs,,720575940606866377,720575940632873261,5,6,720575940610708430,720575940623081400,24
720575940633143833,5,Sugar GRNs,,720575940606866377,720575940632873261,5,6,720575940610708430,720575940628363820,22
720575940633143833,5,Sugar GRNs,,720575940606866377,720575940632873261,5,6,720575940610708430,720575940618694827,17
720575940633143833,5,Sugar GRNs,,720575940606866377,720575940632873261,5,6,720575940610708430,720575940614623455,17
720575940633143833,5,Sugar GRNs,,720575940606866377,720575940632873261,5,6,720575940610708430,720575940611254681,13
720575940633143833,5,Sugar GRNs,,720575940606866377,720575940632873261,5,6,720575940610708430,720575940615911380,6
720575940632889389,5,Sugar GRNs,,720575940606866377,720575940629370844,7,6,720575940626021052,720575940628199802,9
720575940632889389,5,Sugar GRNs,,720575940606866377,720575940629370844,7,6,720575940626021052,720575940618694827,5
720575940632889389,5,Sugar GRNs,,720575940606866377,720575940629370844,7,5,720575940637718598,720575940612923390,8
720575940632889389,5,Sugar GRNs,,720575940606866377,720575940629370844,7,5,720575940637718598,720575940615911380,7
720575940632889389,5,Sugar GRNs,,720575940606866377,720575940632873261,5,7,720575940644948771,720575940632436307,30
720575940632889389,5,Sugar GRNs,,720575940606866377,720575940632873261,5,6,720575940610708430,720575940650527222,56
720575940632889389,5,Sugar GRNs,,720575940606866377,720575940632873261,5,6,720575940610708430,720575940603765280,45
720575940632889389,5,Sugar GRNs,,720575940606866377,720575940632873261,5,6,720575940610708430,720575940615043112,44
720575940632889389,5,Sugar GRNs,,720575940606866377,720575940632873261,5,6,720575940610708430,720575940612923390,36
720575940632889389,5,Sugar GRNs,,720575940606866377,720575940632873261,5,6,720575940610708430,720575940625379859,31
720575940632889389,5,Sugar GRNs,,720575940606866377,720575940632873261,5,6,720575940610708430,720575940622897639,30
720575940632889389,5,Sugar GRNs,,720575940606866377,720575940632873261,5,6,720575940610708430,720575940628199802,28
720575940632889389,5,Sugar GRNs,,720575940606866377,720575940632873261,5,6,720575940610708430,720575940643539566,27
720575940632889389,5,Sugar GRNs,,720575940606866377,720575940632873261,5,6,720575940610708430,720575940620628957,27
720575940632889389,5,Sugar GRNs,,720575940606866377,720575940632873261,5,6,720575940610708430,720575940631884883,26
720575940632889389,5,Sugar GRNs,,720575940606866377,720575940632873261,5,6,720575940610708430,720575940624064295,25
720575940632889389,5,Sugar GRNs,,720575940606866377,720575940632873261,5,6,720575940610708430,720575940632436307,25
720575940632889389,5,Sugar GRNs,,720575940606866377,720575940632873261,5,6,720575940610708430,720575940623081400,24
720575940632889389,5,Sugar GRNs,,720575940606866377,720575940632873261,5,6,720575940610708430,720575940628363820,22
720575940632889389,5,Sugar GRNs,,720575940606866377,720575940632873261,5,6,720575940610708430,720575940618694827,17
720575940632889389,5,Sugar GRNs,,720575940606866377,720575940632873261,5,6,720575940610708430,720575940614623455,17
720575940632889389,5,Sugar GRNs,,720575940606866377,720575940632873261,5,6,720575940610708430,720575940611254681,13
720575940632889389,5,Sugar GRNs,,720575940606866377,720575940632873261,5,6,720575940610708430,720575940615911380,6
720575940623172843,5,Sugar GRNs,,720575940628885160,720575940629543409,66,5,720575940610708430,720575940650527222,56
720575940623172843,5,Sugar GRNs,,720575940628885160,720575940629543409,66,5,720575940610708430,720575940603765280,45
720575940623172843,5,Sugar GRNs,,720575940628885160,720575940629543409,66,5,720575940610708430,720575940615043112,44
720575940623172843,5,Sugar GRNs,,720575940628885160,720575940629543409,66,5,720575940610708430,720575940612923390,36
720575940623172843,5,Sugar GRNs,,720575940628885160,720575940629543409,66,5,720575940610708430,720575940625379859,31
720575940623172843,5,Sugar GRNs,,720575940628885160,720575940629543409,66,5,720575940610708430,720575940622897639,30
720575940623172843,5,Sugar GRNs,,720575940628885160,720575940629543409,66,5,720575940610708430,720575940628199802,28
720575940623172843,5,Sugar GRNs,,720575940628885160,720575940629543409,66,5,720575940610708430,720575940643539566,27
720575940623172843,5,Sugar GRNs,,720575940628885160,720575940629543409,66,5,720575940610708430,720575940620628957,27
720575940623172843,5,Sugar GRNs,,720575940628885160,720575940629543409,66,5,720575940610708430,720575940631884883,26
720575940623172843,5,Sugar GRNs,,720575940628885160,720575940629543409,66,5,720575940610708430,720575940624064295,25
720575940623172843,5,Sugar GRNs,,720575940628885160,720575940629543409,66,5,720575940610708430,720575940632436307,25
720575940623172843,5,Sugar GRNs,,720575940628885160,720575940629543409,66,5,720575940610708430,720575940623081400,24
720575940623172843,5,Sugar GRNs,,720575940628885160,720575940629543409,66,5,720575940610708430,720575940628363820,22
720575940623172843,5,Sugar GRNs,,720575940628885160,720575940629543409,66,5,720575940610708430,720575940618694827,17
720575940623172843,5,Sugar GRNs,,720575940628885160,720575940629543409,66,5,720575940610708430,720575940614623455,17
720575940623172843,5,Sugar GRNs,,720575940628885160,720575940629543409,66,5,720575940610708430,720575940611254681,13
720575940623172843,5,Sugar GRNs,,720575940628885160,720575940629543409,66,5,720575940610708430,720575940615911380,6
720575940623172843,5,Sugar GRNs,,720575940628885160,720575940647606148,13,6,720575940622160705,720575940628363820,5
720575940623172843,5,Sugar GRNs,,720575940628885160,720575940635210859,11,7,720575940631309866,720575940611254681,8
720575940623172843,5,Sugar GRNs,,720575940628885160,720575940628683063,9,19,720575940642715040,720575940632436307,8
720575940623172843,5,Sugar GRNs,,720575940628885160,720575940628683063,9,6,720575940610708430,720575940650527222,56
720575940623172843,5,Sugar GRNs,,720575940628885160,720575940628683063,9,6,720575940610708430,720575940603765280,45
720575940623172843,5,Sugar GRNs,,720575940628885160,720575940628683063,9,6,720575940610708430,720575940615043112,44
720575940623172843,5,Sugar GRNs,,720575940628885160,720575940628683063,9,6,720575940610708430,720575940612923390,36
720575940623172843,5,Sugar GRNs,,720575940628885160,720575940628683063,9,6,720575940610708430,720575940625379859,31
720575940623172843,5,Sugar GRNs,,720575940628885160,720575940628683063,9,6,720575940610708430,720575940622897639,30
720575940623172843,5,Sugar GRNs,,720575940628885160,720575940628683063,9,6,720575940610708430,720575940628199802,28
720575940623172843,5,Sugar GRNs,,720575940628885160,720575940628683063,9,6,720575940610708430,720575940643539566,27
720575940623172843,5,Sugar GRNs,,720575940628885160,720575940628683063,9,6,720575940610708430,720575940620628957,27
720575940623172843,5,Sugar GRNs,,720575940628885160,720575940628683063,9,6,720575940610708430,720575940631884883,26
720575940623172843,5,Sugar GRNs,,720575940628885160,720575940628683063,9,6,720575940610708430,720575940624064295,25
720575940623172843,5,Sugar GRNs,,720575940628885160,720575940628683063,9,6,720575940610708430,720575940632436307,25
720575940623172843,5,Sugar GRNs,,720575940628885160,720575940628683063,9,6,720575940610708430,720575940623081400,24
720575940623172843,5,Sugar GRNs,,720575940628885160,720575940628683063,9,6,720575940610708430,720575940628363820,22
720575940623172843,5,Sugar GRNs,,720575940628885160,720575940628683063,9,6,720575940610708430,720575940618694827,17
720575940623172843,5,Sugar GRNs,,720575940628885160,720575940628683063,9,6,720575940610708430,720575940614623455,17
720575940623172843,5,Sugar GRNs,,720575940628885160,720575940628683063,9,6,720575940610708430,720575940611254681,13
720575940623172843,5,Sugar GRNs,,720575940628885160,720575940628683063,9,6,720575940610708430,720575940615911380,6
720575940623172843,5,Sugar GRNs,,720575940628885160,720575940632524559,9,16,720575940610708430,720575940650527222,56
720575940623172843,5,Sugar GRNs,,720575940628885160,720575940632524559,9,16,720575940610708430,720575940603765280,45
720575940623172843,5,Sugar GRNs,,720575940628885160,720575940632524559,9,16,720575940610708430,720575940615043112,44
720575940623172843,5,Sugar GRNs,,720575940628885160,720575940632524559,9,16,720575940610708430,720575940612923390,36
720575940623172843,5,Sugar GRNs,,720575940628885160,720575940632524559,9,16,720575940610708430,720575940625379859,31
720575940623172843,5,Sugar GRNs,,720575940628885160,720575940632524559,9,16,720575940610708430,720575940622897639,30
720575940623172843,5,Sugar GRNs,,720575940628885160,720575940632524559,9,16,720575940610708430,720575940628199802,28
720575940623172843,5,Sugar GRNs,,720575940628885160,720575940632524559,9,16,720575940610708430,720575940643539566,27
720575940623172843,5,Sugar GRNs,,720575940628885160,720575940632524559,9,16,720575940610708430,720575940620628957,27
720575940623172843,5,Sugar GRNs,,720575940628885160,720575940632524559,9,16,720575940610708430,720575940631884883,26
720575940623172843,5,Sugar GRNs,,720575940628885160,720575940632524559,9,16,720575940610708430,720575940624064295,25
720575940623172843,5,Sugar GRNs,,720575940628885160,720575940632524559,9,16,720575940610708430,720575940632436307,25
720575940623172843,5,Sugar GRNs,,720575940628885160,720575940632524559,9,16,720575940610708430,720575940623081400,24
720575940623172843,5,Sugar GRNs,,720575940628885160,720575940632524559,9,16,720575940610708430,720575940628363820,22
720575940623172843,5,Sugar GRNs,,720575940628885160,720575940632524559,9,16,720575940610708430,720575940618694827,17
720575940623172843,5,Sugar GRNs,,720575940628885160,720575940632524559,9,16,720575940610708430,720575940614623455,17
720575940623172843,5,Sugar GRNs,,720575940628885160,720575940632524559,9,16,720575940610708430,720575940611254681,13
720575940623172843,5,Sugar GRNs,,720575940628885160,720575940632524559,9,16,720575940610708430,720575940615911380,6
720575940623172843,5,Sugar GRNs,,720575940628885160,720575940632873261,7,7,720575940644948771,720575940632436307,30
720575940623172843,5,Sugar GRNs,,720575940628885160,720575940632873261,7,6,720575940610708430,720575940650527222,56
720575940623172843,5,Sugar GRNs,,720575940628885160,720575940632873261,7,6,720575940610708430,720575940603765280,45
720575940623172843,5,Sugar GRNs,,720575940628885160,720575940632873261,7,6,720575940610708430,720575940615043112,44
720575940623172843,5,Sugar GRNs,,720575940628885160,720575940632873261,7,6,720575940610708430,720575940612923390,36
720575940623172843,5,Sugar GRNs,,720575940628885160,720575940632873261,7,6,720575940610708430,720575940625379859,31
720575940623172843,5,Sugar GRNs,,720575940628885160,720575940632873261,7,6,720575940610708430,720575940622897639,30
720575940623172843,5,Sugar GRNs,,720575940628885160,720575940632873261,7,6,720575940610708430,720575940628199802,28
720575940623172843,5,Sugar GRNs,,720575940628885160,720575940632873261,7,6,720575940610708430,720575940643539566,27
720575940623172843,5,Sugar GRNs,,720575940628885160,720575940632873261,7,6,720575940610708430,720575940620628957,27
720575940623172843,5,Sugar GRNs,,720575940628885160,720575940632873261,7,6,720575940610708430,720575940631884883,26
720575940623172843,5,Sugar GRNs,,720575940628885160,720575940632873261,7,6,720575940610708430,720575940624064295,25
720575940623172843,5,Sugar GRNs,,720575940628885160,720575940632873261,7,6,720575940610708430,720575940632436307,25
720575940623172843,5,Sugar GRNs,,720575940628885160,720575940632873261,7,6,720575940610708430,720575940623081400,24
720575940623172843,5,Sugar GRNs,,720575940628885160,720575940632873261,7,6,720575940610708430,720575940628363820,22
720575940623172843,5,Sugar GRNs,,720575940628885160,720575940632873261,7,6,720575940610708430,720575940618694827,17
720575940623172843,5,Sugar GRNs,,720575940628885160,720575940632873261,7,6,720575940610708430,720575940614623455,17
720575940623172843,5,Sugar GRNs,,720575940628885160,720575940632873261,7,6,720575940610708430,720575940611254681,13
720575940623172843,5,Sugar GRNs,,720575940628885160,720575940632873261,7,6,720575940610708430,720575940615911380,6
720575940623172843,5,Sugar GRNs,,720575940628885160,720575940637072350,6,5,720575940618595046,720575940615043112,6
720575940623172843,5,Sugar GRNs,,720575940628885160,720575940641536987,5,5,720575940634721761,720575940650527222,5
720575940623172843,5,Sugar GRNs,,720575940628885160,720575940641536987,5,5,720575940634721761,720575940643539566,5
720575940639198653,5,Sugar GRNs,,720575940606866377,720575940629370844,7,6,720575940626021052,720575940628199802,9
720575940639198653,5,Sugar GRNs,,720575940606866377,720575940629370844,7,6,720575940626021052,720575940618694827,5
720575940639198653,5,Sugar GRNs,,720575940606866377,720575940629370844,7,5,720575940637718598,720575940612923390,8
720575940639198653,5,Sugar GRNs,,720575940606866377,720575940629370844,7,5,720575940637718598,720575940615911380,7
720575940639198653,5,Sugar GRNs,,720575940606866377,720575940632873261,5,7,720575940644948771,720575940632436307,30
720575940639198653,5,Sugar GRNs,,720575940606866377,720575940632873261,5,6,720575940610708430,720575940650527222,56
720575940639198653,5,Sugar GRNs,,720575940606866377,720575940632873261,5,6,720575940610708430,720575940603765280,45
720575940639198653,5,Sugar GRNs,,720575940606866377,720575940632873261,5,6,720575940610708430,720575940615043112,44
720575940639198653,5,Sugar GRNs,,720575940606866377,720575940632873261,5,6,720575940610708430,720575940612923390,36
720575940639198653,5,Sugar GRNs,,720575940606866377,720575940632873261,5,6,720575940610708430,720575940625379859,31
720575940639198653,5,Sugar GRNs,,720575940606866377,720575940632873261,5,6,720575940610708430,720575940622897639,30
720575940639198653,5,Sugar GRNs,,720575940606866377,720575940632873261,5,6,720575940610708430,720575940628199802,28
720575940639198653,5,Sugar GRNs,,720575940606866377,720575940632873261,5,6,720575940610708430,720575940643539566,27
720575940639198653,5,Sugar GRNs,,720575940606866377,720575940632873261,5,6,720575940610708430,720575940620628957,27
720575940639198653,5,Sugar GRNs,,720575940606866377,720575940632873261,5,6,720575940610708430,720575940631884883,26
720575940639198653,5,Sugar GRNs,,720575940606866377,720575940632873261,5,6,720575940610708430,720575940624064295,25
720575940639198653,5,Sugar GRNs,,720575940606866377,720575940632873261,5,6,720575940610708430,720575940632436307,25
720575940639198653,5,Sugar GRNs,,720575940606866377,720575940632873261,5,6,720575940610708430,720575940623081400,24
720575940639198653,5,Sugar GRNs,,720575940606866377,720575940632873261,5,6,720575940610708430,720575940628363820,22
720575940639198653,5,Sugar GRNs,,720575940606866377,720575940632873261,5,6,720575940610708430,720575940618694827,17
720575940639198653,5,Sugar GRNs,,720575940606866377,720575940632873261,5,6,720575940610708430,720575940614623455,17
720575940639198653,5,Sugar GRNs,,720575940606866377,720575940632873261,5,6,720575940610708430,720575940611254681,13
720575940639198653,5,Sugar GRNs,,720575940606866377,720575940632873261,5,6,720575940610708430,720575940615911380,6
720575940617000768,5,Sugar GRNs,,720575940632648612,720575940632873261,38,7,720575940644948771,720575940632436307,30
720575940617000768,5,Sugar GRNs,,720575940632648612,720575940632873261,38,6,720575940610708430,720575940650527222,56
720575940617000768,5,Sugar GRNs,,720575940632648612,720575940632873261,38,6,720575940610708430,720575940603765280,45
720575940617000768,5,Sugar GRNs,,720575940632648612,720575940632873261,38,6,720575940610708430,720575940615043112,44
720575940617000768,5,Sugar GRNs,,720575940632648612,720575940632873261,38,6,720575940610708430,720575940612923390,36
720575940617000768,5,Sugar GRNs,,720575940632648612,720575940632873261,38,6,720575940610708430,720575940625379859,31
720575940617000768,5,Sugar GRNs,,720575940632648612,720575940632873261,38,6,720575940610708430,720575940622897639,30
720575940617000768,5,Sugar GRNs,,720575940632648612,720575940632873261,38,6,720575940610708430,720575940628199802,28
720575940617000768,5,Sugar GRNs,,720575940632648612,720575940632873261,38,6,720575940610708430,720575940643539566,27
720575940617000768,5,Sugar GRNs,,720575940632648612,720575940632873261,38,6,720575940610708430,720575940620628957,27
720575940617000768,5,Sugar GRNs,,720575940632648612,720575940632873261,38,6,720575940610708430,720575940631884883,26
720575940617000768,5,Sugar GRNs,,720575940632648612,720575940632873261,38,6,720575940610708430,720575940624064295,25
720575940617000768,5,Sugar GRNs,,720575940632648612,720575940632873261,38,6,720575940610708430,720575940632436307,25
720575940617000768,5,Sugar GRNs,,720575940632648612,720575940632873261,38,6,720575940610708430,720575940623081400,24
720575940617000768,5,Sugar GRNs,,720575940632648612,720575940632873261,38,6,720575940610708430,720575940628363820,22
720575940617000768,5,Sugar GRNs,,720575940632648612,720575940632873261,38,6,720575940610708430,720575940618694827,17
720575940617000768,5,Sugar GRNs,,720575940632648612,720575940632873261,38,6,720575940610708430,720575940614623455,17
720575940617000768,5,Sugar GRNs,,720575940632648612,720575940632873261,38,6,720575940610708430,720575940611254681,13
720575940617000768,5,Sugar GRNs,,720575940632648612,720575940632873261,38,6,720575940610708430,720575940615911380,6
720575940617000768,5,Sugar GRNs,,720575940632648612,720575940628683063,28,19,720575940642715040,720575940632436307,8
720575940617000768,5,Sugar GRNs,,720575940632648612,720575940628683063,28,6,720575940610708430,720575940650527222,56
720575940617000768,5,Sugar GRNs,,720575940632648612,720575940628683063,28,6,720575940610708430,720575940603765280,45
720575940617000768,5,Sugar GRNs,,720575940632648612,720575940628683063,28,6,720575940610708430,720575940615043112,44
720575940617000768,5,Sugar GRNs,,720575940632648612,720575940628683063,28,6,720575940610708430,720575940612923390,36
720575940617000768,5,Sugar GRNs,,720575940632648612,720575940628683063,28,6,720575940610708430,720575940625379859,31
720575940617000768,5,Sugar GRNs,,720575940632648612,720575940628683063,28,6,720575940610708430,720575940622897639,30
720575940617000768,5,Sugar GRNs,,720575940632648612,720575940628683063,28,6,720575940610708430,720575940628199802,28
720575940617000768,5,Sugar GRNs,,720575940632648612,720575940628683063,28,6,720575940610708430,720575940643539566,27
720575940617000768,5,Sugar GRNs,,720575940632648612,720575940628683063,28,6,720575940610708430,720575940620628957,27
720575940617000768,5,Sugar GRNs,,720575940632648612,720575940628683063,28,6,720575940610708430,720575940631884883,26
720575940617000768,5,Sugar GRNs,,720575940632648612,720575940628683063,28,6,720575940610708430,720575940624064295,25
720575940617000768,5,Sugar GRNs,,720575940632648612,720575940628683063,28,6,720575940610708430,720575940632436307,25
720575940617000768,5,Sugar GRNs,,720575940632648612,720575940628683063,28,6,720575940610708430,720575940623081400,24
720575940617000768,5,Sugar GRNs,,720575940632648612,720575940628683063,28,6,720575940610708430,720575940628363820,22
720575940617000768,5,Sugar GRNs,,720575940632648612,720575940628683063,28,6,720575940610708430,720575940618694827,17
720575940617000768,5,Sugar GRNs,,720575940632648612,720575940628683063,28,6,720575940610708430,720575940614623455,17
720575940617000768,5,Sugar GRNs,,720575940632648612,720575940628683063,28,6,720575940610708430,720575940611254681,13
720575940617000768,5,Sugar GRNs,,720575940632648612,720575940628683063,28,6,720575940610708430,720575940615911380,6
720575940617000768,5,Sugar GRNs,,720575940632648612,720575940632146340,13,6,720575940633711028,720575940618694827,10
720575940617000768,5,Sugar GRNs,,720575940632648612,720575940632146340,13,6,720575940633711028,720575940615911380,5
720575940617000768,5,Sugar GRNs,,720575940632648612,720575940629317450,12,7,720575940619025780,720575940628199802,7
720575940617000768,5,Sugar GRNs,,720575940632648612,720575940629317450,12,7,720575940619025780,720575940615911380,5
720575940617000768,5,Sugar GRNs,,720575940632648612,720575940629317450,12,6,720575940630311528,720575940623081400,5
720575940617000768,5,Sugar GRNs,,720575940632648612,720575940629317450,12,6,720575940630311528,720575940620628957,5
720575940617000768,5,Sugar GRNs,,720575940632648612,720575940634683743,10,5,720575940633711028,720575940618694827,10
720575940617000768,5,Sugar GRNs,,720575940632648612,720575940634683743,10,5,720575940633711028,720575940615911380,5
720575940617000768,5,Sugar GRNs,,720575940632648612,720575940629211607,8,5,720575940630311528,720575940623081400,5
720575940617000768,5,Sugar GRNs,,720575940632648612,720575940629211607,8,5,720575940630311528,720575940620628957,5
720575940617000768,5,Sugar GRNs,,720575940632648612,720575940614273292,7,7,720575940630311528,720575940623081400,5
720575940617000768,5,Sugar GRNs,,720575940632648612,720575940614273292,7,7,720575940630311528,720575940620628957,5
720575940617000768,5,Sugar GRNs,,720575940632648612,720575940614273292,7,5,720575940626146125,720575940650527222,11
720575940617000768,5,Sugar GRNs,,720575940632648612,720575940614273292,7,5,720575940626146125,720575940622897639,6
720575940617000768,5,Sugar GRNs,,720575940632648612,720575940621736669,6,5,720575940626021052,720575940628199802,9
720575940617000768,5,Sugar GRNs,,720575940632648612,720575940621736669,6,5,720575940626021052,720575940618694827,5
720575940617000768,5,Sugar GRNs,,720575940632648612,720575940636574388,6,6,720575940610708430,720575940650527222,56
720575940617000768,5,Sugar GRNs,,720575940632648612,720575940636574388,6,6,720575940610708430,720575940603765280,45
720575940617000768,5,Sugar GRNs,,720575940632648612,720575940636574388,6,6,720575940610708430,720575940615043112,44
720575940617000768,5,Sugar GRNs,,720575940632648612,720575940636574388,6,6,720575940610708430,720575940612923390,36
720575940617000768,5,Sugar GRNs,,720575940632648612,720575940636574388,6,6,720575940610708430,720575940625379859,31
720575940617000768,5,Sugar GRNs,,720575940632648612,720575940636574388,6,6,720575940610708430,720575940622897639,30
720575940617000768,5,Sugar GRNs,,720575940632648612,720575940636574388,6,6,720575940610708430,720575940628199802,28
720575940617000768,5,Sugar GRNs,,720575940632648612,720575940636574388,6,6,720575940610708430,720575940643539566,27
720575940617000768,5,Sugar GRNs,,720575940632648612,720575940636574388,6,6,720575940610708430,720575940620628957,27
720575940617000768,5,Sugar GRNs,,720575940632648612,720575940636574388,6,6,720575940610708430,720575940631884883,26
720575940617000768,5,Sugar GRNs,,720575940632648612,720575940636574388,6,6,720575940610708430,720575940624064295,25
720575940617000768,5,Sugar GRNs,,720575940632648612,720575940636574388,6,6,720575940610708430,720575940632436307,25
720575940617000768,5,Sugar GRNs,,720575940632648612,720575940636574388,6,6,720575940610708430,720575940623081400,24
720575940617000768,5,Sugar GRNs,,720575940632648612,720575940636574388,6,6,720575940610708430,720575940628363820,22
720575940617000768,5,Sugar GRNs,,720575940632648612,720575940636574388,6,6,720575940610708430,720575940618694827,17
720575940617000768,5,Sugar GRNs,,720575940632648612,720575940636574388,6,6,720575940610708430,720575940614623455,17
720575940617000768,5,Sugar GRNs,,720575940632648612,720575940636574388,6,6,720575940610708430,720575940611254681,13
720575940617000768,5,Sugar GRNs,,720575940632648612,720575940636574388,6,6,720575940610708430,720575940615911380,6
720575940617000768,5,Sugar GRNs,,720575940632648612,720575940637580102,6,6,720575940633711028,720575940618694827,10
720575940617000768,5,Sugar GRNs,,720575940632648612,720575940637580102,6,6,720575940633711028,720575940615911380,5
720575940617000768,5,Sugar GRNs,,720575940632648612,720575940632636959,5,6,720575940631309866,720575940611254681,8
720575940628853239,5,Sugar GRNs,,720575940626191306,720575940647606148,10,6,720575940622160705,720575940628363820,5
720575940628853239,5,Sugar GRNs,,720575940626191306,720575940626308697,5,84,720575940610708430,720575940650527222,56
720575940628853239,5,Sugar GRNs,,720575940626191306,720575940626308697,5,84,720575940610708430,720575940603765280,45
720575940628853239,5,Sugar GRNs,,720575940626191306,720575940626308697,5,84,720575940610708430,720575940615043112,44
720575940628853239,5,Sugar GRNs,,720575940626191306,720575940626308697,5,84,720575940610708430,720575940612923390,36
720575940628853239,5,Sugar GRNs,,720575940626191306,720575940626308697,5,84,720575940610708430,720575940625379859,31
720575940628853239,5,Sugar GRNs,,720575940626191306,720575940626308697,5,84,720575940610708430,720575940622897639,30
720575940628853239,5,Sugar GRNs,,720575940626191306,720575940626308697,5,84,720575940610708430,720575940628199802,28
720575940628853239,5,Sugar GRNs,,720575940626191306,720575940626308697,5,84,720575940610708430,720575940643539566,27
720575940628853239,5,Sugar GRNs,,720575940626191306,720575940626308697,5,84,720575940610708430,720575940620628957,27
720575940628853239,5,Sugar GRNs,,720575940626191306,720575940626308697,5,84,720575940610708430,720575940631884883,26
720575940628853239,5,Sugar GRNs,,720575940626191306,720575940626308697,5,84,720575940610708430,720575940624064295,25
720575940628853239,5,Sugar GRNs,,720575940626191306,720575940626308697,5,84,720575940610708430,720575940632436307,25
720575940628853239,5,Sugar GRNs,,720575940626191306,720575940626308697,5,84,720575940610708430,720575940623081400,24
720575940628853239,5,Sugar GRNs,,720575940626191306,720575940626308697,5,84,720575940610708430,720575940628363820,22
720575940628853239,5,Sugar GRNs,,720575940626191306,720575940626308697,5,84,720575940610708430,720575940618694827,17
720575940628853239,5,Sugar GRNs,,720575940626191306,720575940626308697,5,84,720575940610708430,720575940614623455,17
720575940628853239,5,Sugar GRNs,,720575940626191306,720575940626308697,5,84,720575940610708430,720575940611254681,13
720575940628853239,5,Sugar GRNs,,720575940626191306,720575940626308697,5,84,720575940610708430,720575940615911380,6
720575940628853239,5,Sugar GRNs,,720575940625178768,720575940630664556,129,5,720575940631915801,720575940615043112,5
720575940628853239,5,Sugar GRNs,,720575940625178768,720575940626308697,47,84,720575940610708430,720575940650527222,56
720575940628853239,5,Sugar GRNs,,720575940625178768,720575940626308697,47,84,720575940610708430,720575940603765280,45
720575940628853239,5,Sugar GRNs,,720575940625178768,720575940626308697,47,84,720575940610708430,720575940615043112,44
720575940628853239,5,Sugar GRNs,,720575940625178768,720575940626308697,47,84,720575940610708430,720575940612923390,36
720575940628853239,5,Sugar GRNs,,720575940625178768,720575940626308697,47,84,720575940610708430,720575940625379859,31
720575940628853239,5,Sugar GRNs,,720575940625178768,720575940626308697,47,84,720575940610708430,720575940622897639,30
720575940628853239,5,Sugar GRNs,,720575940625178768,720575940626308697,47,84,720575940610708430,720575940628199802,28
720575940628853239,5,Sugar GRNs,,720575940625178768,720575940626308697,47,84,720575940610708430,720575940643539566,27
720575940628853239,5,Sugar GRNs,,720575940625178768,720575940626308697,47,84,720575940610708430,720575940620628957,27
720575940628853239,5,Sugar GRNs,,720575940625178768,720575940626308697,47,84,720575940610708430,720575940631884883,26
720575940628853239,5,Sugar GRNs,,720575940625178768,720575940626308697,47,84,720575940610708430,720575940624064295,25
720575940628853239,5,Sugar GRNs,,720575940625178768,720575940626308697,47,84,720575940610708430,720575940632436307,25
720575940628853239,5,Sugar GRNs,,720575940625178768,720575940626308697,47,84,720575940610708430,720575940623081400,24
720575940628853239,5,Sugar GRNs,,720575940625178768,720575940626308697,47,84,720575940610708430,720575940628363820,22
720575940628853239,5,Sugar GRNs,,720575940625178768,720575940626308697,47,84,720575940610708430,720575940618694827,17
720575940628853239,5,Sugar GRNs,,720575940625178768,720575940626308697,47,84,720575940610708430,720575940614623455,17
720575940628853239,5,Sugar GRNs,,720575940625178768,720575940626308697,47,84,720575940610708430,720575940611254681,13
720575940628853239,5,Sugar GRNs,,720575940625178768,720575940626308697,47,84,720575940610708430,720575940615911380,6
720575940628853239,5,Sugar GRNs,,720575940625178768,720575940632602532,39,8,720575940614950194,720575940628363820,9
720575940628853239,5,Sugar GRNs,,720575940625178768,720575940632602532,39,8,720575940614950194,720575940625379859,5
720575940628853239,5,Sugar GRNs,,720575940625178768,720575940620170887,7,5,720575940622834411,720575940612923390,7
720575940628853239,5,Sugar GRNs,,720575940622116705,720575940635210859,7,7,720575940631309866,720575940611254681,8
720575940628853239,5,Sugar GRNs,,720575940622116705,720575940636574388,5,6,720575940610708430,720575940650527222,56
720575940628853239,5,Sugar GRNs,,720575940622116705,720575940636574388,5,6,720575940610708430,720575940603765280,45
720575940628853239,5,Sugar GRNs,,720575940622116705,720575940636574388,5,6,720575940610708430,720575940615043112,44
720575940628853239,5,Sugar GRNs,,720575940622116705,720575940636574388,5,6,720575940610708430,720575940612923390,36
720575940628853239,5,Sugar GRNs,,720575940622116705,720575940636574388,5,6,720575940610708430,720575940625379859,31
720575940628853239,5,Sugar GRNs,,720575940622116705,720575940636574388,5,6,720575940610708430,720575940622897639,30
720575940628853239,5,Sugar GRNs,,720575940622116705,720575940636574388,5,6,720575940610708430,720575940628199802,28
720575940628853239,5,Sugar GRNs,,720575940622116705,720575940636574388,5,6,720575940610708430,720575940643539566,27
720575940628853239,5,Sugar GRNs,,720575940622116705,720575940636574388,5,6,720575940610708430,720575940620628957,27
720575940628853239,5,Sugar GRNs,,720575940622116705,720575940636574388,5,6,720575940610708430,720575940631884883,26
720575940628853239,5,Sugar GRNs,,720575940622116705,720575940636574388,5,6,720575940610708430,720575940624064295,25
720575940628853239,5,Sugar GRNs,,720575940622116705,720575940636574388,5,6,720575940610708430,720575940632436307,25
720575940628853239,5,Sugar GRNs,,720575940622116705,720575940636574388,5,6,720575940610708430,720575940623081400,24
720575940628853239,5,Sugar GRNs,,720575940622116705,720575940636574388,5,6,720575940610708430,720575940628363820,22
720575940628853239,5,Sugar GRNs,,720575940622116705,720575940636574388,5,6,720575940610708430,720575940618694827,17
720575940628853239,5,Sugar GRNs,,720575940622116705,720575940636574388,5,6,720575940610708430,720575940614623455,17
720575940628853239,5,Sugar GRNs,,720575940622116705,720575940636574388,5,6,720575940610708430,720575940611254681,13
720575940628853239,5,Sugar GRNs,,720575940622116705,720575940636574388,5,6,720575940610708430,720575940615911380,6
720575940616885538,5,Sugar GRNs,,720575940626972056,720575940630664556,10,5,720575940631915801,720575940615043112,5
720575940616885538,5,Sugar GRNs,,720575940626972056,720575940607472988,7,9,720575940624454221,720575940622897639,12
720575940616885538,5,Sugar GRNs,,720575940626972056,720575940607472988,7,9,720575940624454221,720575940650527222,6
720575940616885538,5,Sugar GRNs,,720575940626972056,720575940607472988,7,9,720575940624454221,720575940623081400,5
720575940616885538,5,Sugar GRNs,,720575940626972056,720575940607472988,7,9,720575940624454221,720575940620628957,5
720575940616885538,5,Sugar GRNs,,720575940626972056,720575940607472988,7,9,720575940624454221,720575940615043112,5
720575940616885538,5,Sugar GRNs,,720575940626972056,720575940607472988,7,9,720575940624454221,720575940611254681,5
720575940616885538,5,Sugar GRNs,,720575940626972056,720575940635210859,6,7,720575940631309866,720575940611254681,8
720575940616885538,5,Sugar GRNs,,720575940626972056,720575940621827419,6,6,720575940622834411,720575940612923390,7
720575940616885538,5,Sugar GRNs,,720575940626972056,720575940627667530,5,36,720575940610708430,720575940650527222,56
720575940616885538,5,Sugar GRNs,,720575940626972056,720575940627667530,5,36,720575940610708430,720575940603765280,45
720575940616885538,5,Sugar GRNs,,720575940626972056,720575940627667530,5,36,720575940610708430,720575940615043112,44
720575940616885538,5,Sugar GRNs,,720575940626972056,720575940627667530,5,36,720575940610708430,720575940612923390,36
720575940616885538,5,Sugar GRNs,,720575940626972056,720575940627667530,5,36,720575940610708430,720575940625379859,31
720575940616885538,5,Sugar GRNs,,720575940626972056,720575940627667530,5,36,720575940610708430,720575940622897639,30
720575940616885538,5,Sugar GRNs,,720575940626972056,720575940627667530,5,36,720575940610708430,720575940628199802,28
720575940616885538,5,Sugar GRNs,,720575940626972056,720575940627667530,5,36,720575940610708430,720575940643539566,27
720575940616885538,5,Sugar GRNs,,720575940626972056,720575940627667530,5,36,720575940610708430,720575940620628957,27
720575940616885538,5,Sugar GRNs,,720575940626972056,720575940627667530,5,36,720575940610708430,720575940631884883,26
720575940616885538,5,Sugar GRNs,,720575940626972056,720575940627667530,5,36,720575940610708430,720575940624064295,25
720575940616885538,5,Sugar GRNs,,720575940626972056,720575940627667530,5,36,720575940610708430,720575940632436307,25
720575940616885538,5,Sugar GRNs,,720575940626972056,720575940627667530,5,36,720575940610708430,720575940623081400,24
720575940616885538,5,Sugar GRNs,,720575940626972056,720575940627667530,5,36,720575940610708430,720575940628363820,22
720575940616885538,5,Sugar GRNs,,720575940626972056,720575940627667530,5,36,720575940610708430,720575940618694827,17
720575940616885538,5,Sugar GRNs,,720575940626972056,720575940627667530,5,36,720575940610708430,720575940614623455,17
720575940616885538,5,Sugar GRNs,,720575940626972056,720575940627667530,5,36,720575940610708430,720575940611254681,13
720575940616885538,5,Sugar GRNs,,720575940626972056,720575940627667530,5,36,720575940610708430,720575940615911380,6
720575940616885538,5,Sugar GRNs,,720575940626972056,720575940625376442,5,29,720575940610708430,720575940650527222,56
720575940616885538,5,Sugar GRNs,,720575940626972056,720575940625376442,5,29,720575940610708430,720575940603765280,45
720575940616885538,5,Sugar GRNs,,720575940626972056,720575940625376442,5,29,720575940610708430,720575940615043112,44
720575940616885538,5,Sugar GRNs,,720575940626972056,720575940625376442,5,29,720575940610708430,720575940612923390,36
720575940616885538,5,Sugar GRNs,,720575940626972056,720575940625376442,5,29,720575940610708430,720575940625379859,31
720575940616885538,5,Sugar GRNs,,720575940626972056,720575940625376442,5,29,720575940610708430,720575940622897639,30
720575940616885538,5,Sugar GRNs,,720575940626972056,720575940625376442,5,29,720575940610708430,720575940628199802,28
720575940616885538,5,Sugar GRNs,,720575940626972056,720575940625376442,5,29,720575940610708430,720575940643539566,27
720575940616885538,5,Sugar GRNs,,720575940626972056,720575940625376442,5,29,720575940610708430,720575940620628957,27
720575940616885538,5,Sugar GRNs,,720575940626972056,720575940625376442,5,29,720575940610708430,720575940631884883,26
720575940616885538,5,Sugar GRNs,,720575940626972056,720575940625376442,5,29,720575940610708430,720575940624064295,25
720575940616885538,5,Sugar GRNs,,720575940626972056,720575940625376442,5,29,720575940610708430,720575940632436307,25
720575940616885538,5,Sugar GRNs,,720575940626972056,720575940625376442,5,29,720575940610708430,720575940623081400,24
720575940616885538,5,Sugar GRNs,,720575940626972056,720575940625376442,5,29,720575940610708430,720575940628363820,22
720575940616885538,5,Sugar GRNs,,720575940626972056,720575940625376442,5,29,720575940610708430,720575940618694827,17
720575940616885538,5,Sugar GRNs,,720575940626972056,720575940625376442,5,29,720575940610708430,720575940614623455,17
720575940616885538,5,Sugar GRNs,,720575940626972056,720575940625376442,5,29,720575940610708430,720575940611254681,13
720575940616885538,5,Sugar GRNs,,720575940626972056,720575940625376442,5,29,720575940610708430,720575940615911380,6
720575940616885538,5,Sugar GRNs,,720575940626972056,720575940625376442,5,7,720575940625053773,720575940615043112,6
720575940616885538,5,Sugar GRNs,,720575940626972056,720575940625376442,5,7,720575940625053773,720575940603765280,5
720575940616885538,5,Sugar GRNs,,720575940626972056,720575940625376442,5,6,720575940631309866,720575940611254681,8
720575940630233916,5,Sugar GRNs,,720575940637790527,720575940611077188,20,5,720575940622160705,720575940628363820,5
720575940630233916,5,Sugar GRNs,,720575940637790527,720575940626091722,18,11,720575940634721761,720575940650527222,5
720575940630233916,5,Sugar GRNs,,720575940637790527,720575940626091722,18,11,720575940634721761,720575940643539566,5
720575940630233916,5,Sugar GRNs,,720575940637790527,720575940626091722,18,7,720575940637572324,720575940620628957,9
720575940630233916,5,Sugar GRNs,,720575940637790527,720575940626091722,18,7,720575940637572324,720575940622897639,8
720575940630233916,5,Sugar GRNs,,720575940637790527,720575940611871352,8,11,720575940634721761,720575940650527222,5
720575940630233916,5,Sugar GRNs,,720575940637790527,720575940611871352,8,11,720575940634721761,720575940643539566,5
720575940630233916,5,Sugar GRNs,,720575940637790527,720575940620519083,7,13,720575940629026668,720575940614623455,9
720575940630233916,5,Sugar GRNs,,720575940637790527,720575940620519083,7,13,720575940629026668,720575940603765280,5
720575940630233916,5,Sugar GRNs,,720575940637790527,720575940620519083,7,13,720575940629026668,720575940650527222,5
720575940630233916,5,Sugar GRNs,,720575940637790527,720575940620519083,7,13,720575940629026668,720575940628363820,5
720575940630233916,5,Sugar GRNs,,720575940637790527,720575940620519083,7,13,720575940629026668,720575940622897639,5
720575940630233916,5,Sugar GRNs,,720575940637790527,720575940620519083,7,12,720575940626518474,720575940615911380,6
720575940630233916,5,Sugar GRNs,,720575940637790527,720575940620519083,7,12,720575940626518474,720575940628199802,5
720575940630233916,5,Sugar GRNs,,720575940637790527,720575940620519083,7,11,720575940624795962,720575940643539566,11
720575940630233916,5,Sugar GRNs,,720575940637790527,720575940620519083,7,11,720575940624795962,720575940615043112,6
720575940630233916,5,Sugar GRNs,,720575940637790527,720575940620519083,7,11,720575940624795962,720575940625379859,5
720575940630233916,5,Sugar GRNs,,720575940637790527,720575940620519083,7,10,720575940619025780,720575940628199802,7
720575940630233916,5,Sugar GRNs,,720575940637790527,720575940620519083,7,10,720575940619025780,720575940615911380,5
720575940630233916,5,Sugar GRNs,,720575940637790527,720575940620519083,7,9,720575940615686841,720575940603765280,8
720575940630233916,5,Sugar GRNs,,720575940637790527,720575940620519083,7,9,720575940615686841,720575940615043112,7
720575940630233916,5,Sugar GRNs,,720575940637790527,720575940620519083,7,9,720575940615686841,720575940622897639,7
720575940630233916,5,Sugar GRNs,,720575940637790527,720575940620519083,7,9,720575940615686841,720575940650527222,6
720575940630233916,5,Sugar GRNs,,720575940637790527,720575940620519083,7,9,720575940615686841,720575940612923390,6
720575940630233916,5,Sugar GRNs,,720575940637790527,720575940620519083,7,9,720575940615686841,720575940620628957,5
720575940630233916,5,Sugar GRNs,,720575940637790527,720575940620519083,7,7,720575940631969325,720575940618694827,6
720575940630233916,5,Sugar GRNs,,720575940637790527,720575940620519083,7,7,720575940631969325,720575940628199802,6
720575940630233916,5,Sugar GRNs,,720575940637790527,720575940620519083,7,7,720575940631969325,720575940643539566,5
720575940630233916,5,Sugar GRNs,,720575940637790527,720575940620519083,7,7,720575940631969325,720575940650527222,5
720575940630233916,5,Sugar GRNs,,720575940637790527,720575940620519083,7,7,720575940628903895,720575940623081400,7
720575940630233916,5,Sugar GRNs,,720575940637790527,720575940620519083,7,6,720575940613845516,720575940650527222,13
720575940630233916,5,Sugar GRNs,,720575940637790527,720575940620519083,7,6,720575940613845516,720575940603765280,11
720575940630233916,5,Sugar GRNs,,720575940637790527,720575940620519083,7,6,720575940613845516,720575940614623455,8
720575940630233916,5,Sugar GRNs,,720575940637790527,720575940620519083,7,6,720575940613845516,720575940622897639,8
720575940630233916,5,Sugar GRNs,,720575940637790527,720575940620519083,7,6,720575940613845516,720575940620628957,7
720575940630233916,5,Sugar GRNs,,720575940637790527,720575940620519083,7,6,720575940613845516,720575940628363820,7
720575940630233916,5,Sugar GRNs,,720575940637790527,720575940620519083,7,6,720575940613845516,720575940623081400,5
720575940630233916,5,Sugar GRNs,,720575940637790527,720575940630883343,6,7,720575940613845516,720575940650527222,13
720575940630233916,5,Sugar GRNs,,720575940637790527,720575940630883343,6,7,720575940613845516,720575940603765280,11
720575940630233916,5,Sugar GRNs,,720575940637790527,720575940630883343,6,7,720575940613845516,720575940614623455,8
720575940630233916,5,Sugar GRNs,,720575940637790527,720575940630883343,6,7,720575940613845516,720575940622897639,8
720575940630233916,5,Sugar GRNs,,720575940637790527,720575940630883343,6,7,720575940613845516,720575940620628957,7
720575940630233916,5,Sugar GRNs,,720575940637790527,720575940630883343,6,7,720575940613845516,720575940628363820,7
720575940630233916,5,Sugar GRNs,,720575940637790527,720575940630883343,6,7,720575940613845516,720575940623081400,5
720575940630233916,5,Sugar GRNs,,720575940637790527,720575940630883343,6,7,720575940615686841,720575940603765280,8
720575940630233916,5,Sugar GRNs,,720575940637790527,720575940630883343,6,7,720575940615686841,720575940615043112,7
720575940630233916,5,Sugar GRNs,,720575940637790527,720575940630883343,6,7,720575940615686841,720575940622897639,7
720575940630233916,5,Sugar GRNs,,720575940637790527,720575940630883343,6,7,720575940615686841,720575940650527222,6
720575940630233916,5,Sugar GRNs,,720575940637790527,720575940630883343,6,7,720575940615686841,720575940612923390,6
720575940630233916,5,Sugar GRNs,,720575940637790527,720575940630883343,6,7,720575940615686841,720575940620628957,5
720575940630233916,5,Sugar GRNs,,720575940637790527,720575940621225893,5,19,720575940631969325,720575940618694827,6
720575940630233916,5,Sugar GRNs,,720575940637790527,720575940621225893,5,19,720575940631969325,720575940628199802,6
720575940630233916,5,Sugar GRNs,,720575940637790527,720575940621225893,5,19,720575940631969325,720575940643539566,5
720575940630233916,5,Sugar GRNs,,720575940637790527,720575940621225893,5,19,720575940631969325,720575940650527222,5
720575940630233916,5,Sugar GRNs,,720575940637790527,720575940621225893,5,16,720575940623741795,720575940650527222,16
720575940630233916,5,Sugar GRNs,,720575940637790527,720575940621225893,5,16,720575940623741795,720575940603765280,12
720575940630233916,5,Sugar GRNs,,720575940637790527,720575940621225893,5,16,720575940623741795,720575940628363820,6
720575940630233916,5,Sugar GRNs,,720575940637790527,720575940621225893,5,16,720575940623741795,720575940623081400,6
720575940630233916,5,Sugar GRNs,,720575940637790527,720575940621225893,5,16,720575940623741795,720575940622897639,5
720575940630233916,5,Sugar GRNs,,720575940637790527,720575940621225893,5,16,720575940623741795,720575940614623455,5
720575940630233916,5,Sugar GRNs,,720575940637790527,720575940621225893,5,15,720575940608174894,720575940625379859,16
720575940630233916,5,Sugar GRNs,,720575940637790527,720575940621225893,5,15,720575940608174894,720575940615911380,16
720575940630233916,5,Sugar GRNs,,720575940637790527,720575940621225893,5,15,720575940608174894,720575940612923390,16
720575940630233916,5,Sugar GRNs,,720575940637790527,720575940621225893,5,15,720575940608174894,720575940631884883,8
720575940630233916,5,Sugar GRNs,,720575940637790527,720575940621225893,5,15,720575940608174894,720575940618694827,7
720575940630233916,5,Sugar GRNs,,720575940637790527,720575940621225893,5,15,720575940608174894,720575940628199802,5
720575940630233916,5,Sugar GRNs,,720575940637790527,720575940621225893,5,15,720575940608174894,720575940643539566,5
720575940630233916,5,Sugar GRNs,,720575940637790527,720575940621225893,5,12,720575940619025780,720575940628199802,7
720575940630233916,5,Sugar GRNs,,720575940637790527,720575940621225893,5,12,720575940619025780,720575940615911380,5
720575940630233916,5,Sugar GRNs,,720575940637790527,720575940621225893,5,11,720575940625320530,720575940628199802,10
720575940630233916,5,Sugar GRNs,,720575940637790527,720575940621225893,5,11,720575940625320530,720575940625379859,8
720575940630233916,5,Sugar GRNs,,720575940637790527,720575940621225893,5,11,720575940625320530,720575940612923390,7
720575940630233916,5,Sugar GRNs,,720575940637790527,720575940621225893,5,11,720575940625320530,720575940615043112,6
720575940630233916,5,Sugar GRNs,,720575940637790527,720575940621225893,5,10,720575940624795962,720575940643539566,11
720575940630233916,5,Sugar GRNs,,720575940637790527,720575940621225893,5,10,720575940624795962,720575940615043112,6
720575940630233916,5,Sugar GRNs,,720575940637790527,720575940621225893,5,10,720575940624795962,720575940625379859,5
720575940630233916,5,Sugar GRNs,,720575940637790527,720575940621225893,5,10,720575940625053773,720575940615043112,6
720575940630233916,5,Sugar GRNs,,720575940637790527,720575940621225893,5,10,720575940625053773,720575940603765280,5
720575940630233916,5,Sugar GRNs,,720575940637790527,720575940621225893,5,8,720575940628903895,720575940623081400,7
720575940630233916,5,Sugar GRNs,,720575940637790527,720575940621225893,5,8,720575940637763150,720575940650527222,7
720575940630233916,5,Sugar GRNs,,720575940637790527,720575940621225893,5,8,720575940637763150,720575940623081400,7
720575940630233916,5,Sugar GRNs,,720575940637790527,720575940621225893,5,8,720575940637763150,720575940622897639,6
720575940630233916,5,Sugar GRNs,,720575940637790527,720575940621225893,5,8,720575940637763150,720575940628363820,5
720575940630233916,5,Sugar GRNs,,720575940637790527,720575940621225893,5,7,720575940615686841,720575940603765280,8
720575940630233916,5,Sugar GRNs,,720575940637790527,720575940621225893,5,7,720575940615686841,720575940615043112,7
720575940630233916,5,Sugar GRNs,,720575940637790527,720575940621225893,5,7,720575940615686841,720575940622897639,7
720575940630233916,5,Sugar GRNs,,720575940637790527,720575940621225893,5,7,720575940615686841,720575940650527222,6
720575940630233916,5,Sugar GRNs,,720575940637790527,720575940621225893,5,7,720575940615686841,720575940612923390,6
720575940630233916,5,Sugar GRNs,,720575940637790527,720575940621225893,5,7,720575940615686841,720575940620628957,5
720575940630233916,5,Sugar GRNs,,720575940637790527,720575940621225893,5,6,720575940629026668,720575940614623455,9
720575940630233916,5,Sugar GRNs,,720575940637790527,720575940621225893,5,6,720575940629026668,720575940603765280,5
720575940630233916,5,Sugar GRNs,,720575940637790527,720575940621225893,5,6,720575940629026668,720575940650527222,5
720575940630233916,5,Sugar GRNs,,720575940637790527,720575940621225893,5,6,720575940629026668,720575940628363820,5
720575940630233916,5,Sugar GRNs,,720575940637790527,720575940621225893,5,6,720575940629026668,720575940622897639,5
720575940624963786,5,Sugar GRNs,,720575940613361010,720575940626091722,60,11,720575940634721761,720575940650527222,5
720575940624963786,5,Sugar GRNs,,720575940613361010,720575940626091722,60,11,720575940634721761,720575940643539566,5
720575940624963786,5,Sugar GRNs,,720575940613361010,720575940626091722,60,7,720575940637572324,720575940620628957,9
720575940624963786,5,Sugar GRNs,,720575940613361010,720575940626091722,60,7,720575940637572324,720575940622897639,8
720575940624963786,5,Sugar GRNs,,720575940613361010,720575940621129607,52,5,720575940607000450,720575940622897639,5
720575940624963786,5,Sugar GRNs,,720575940613361010,720575940624344072,18,10,720575940634923700,720575940650527222,5
720575940624963786,5,Sugar GRNs,,720575940613361010,720575940611456661,6,15,720575940631969325,720575940618694827,6
720575940624963786,5,Sugar GRNs,,720575940613361010,720575940611456661,6,15,720575940631969325,720575940628199802,6
720575940624963786,5,Sugar GRNs,,720575940613361010,720575940611456661,6,15,720575940631969325,720575940643539566,5
720575940624963786,5,Sugar GRNs,,720575940613361010,720575940611456661,6,15,720575940631969325,720575940650527222,5
720575940624963786,5,Sugar GRNs,,720575940613361010,720575940611456661,6,15,720575940624795962,720575940643539566,11
720575940624963786,5,Sugar GRNs,,720575940613361010,720575940611456661,6,15,720575940624795962,720575940615043112,6
720575940624963786,5,Sugar GRNs,,720575940613361010,720575940611456661,6,15,720575940624795962,720575940625379859,5
720575940624963786,5,Sugar GRNs,,720575940613361010,720575940611456661,6,13,720575940626518474,720575940615911380,6
720575940624963786,5,Sugar GRNs,,720575940613361010,720575940611456661,6,13,720575940626518474,720575940628199802,5
720575940624963786,5,Sugar GRNs,,720575940613361010,720575940611456661,6,12,720575940625766531,720575940631884883,6
720575940624963786,5,Sugar GRNs,,720575940613361010,720575940611456661,6,11,720575940619025780,720575940628199802,7
720575940624963786,5,Sugar GRNs,,720575940613361010,720575940611456661,6,11,720575940619025780,720575940615911380,5
720575940624963786,5,Sugar GRNs,,720575940613361010,720575940611456661,6,11,720575940636927374,720575940615043112,6
720575940624963786,5,Sugar GRNs,,720575940613361010,720575940611456661,6,11,720575940637718598,720575940612923390,8
720575940624963786,5,Sugar GRNs,,720575940613361010,720575940611456661,6,11,720575940637718598,720575940615911380,7
720575940624963786,5,Sugar GRNs,,720575940613361010,720575940611456661,6,9,720575940615686841,720575940603765280,8
720575940624963786,5,Sugar GRNs,,720575940613361010,720575940611456661,6,9,720575940615686841,720575940615043112,7
720575940624963786,5,Sugar GRNs,,720575940613361010,720575940611456661,6,9,720575940615686841,720575940622897639,7
720575940624963786,5,Sugar GRNs,,720575940613361010,720575940611456661,6,9,720575940615686841,720575940650527222,6
720575940624963786,5,Sugar GRNs,,720575940613361010,720575940611456661,6,9,720575940615686841,720575940612923390,6
720575940624963786,5,Sugar GRNs,,720575940613361010,720575940611456661,6,9,720575940615686841,720575940620628957,5
720575940624963786,5,Sugar GRNs,,720575940613361010,720575940611456661,6,6,720575940622160705,720575940628363820,5
720575940624963786,5,Sugar GRNs,,720575940613361010,720575940611456661,6,5,720575940629026668,720575940614623455,9
720575940624963786,5,Sugar GRNs,,720575940613361010,720575940611456661,6,5,720575940629026668,720575940603765280,5
720575940624963786,5,Sugar GRNs,,720575940613361010,720575940611456661,6,5,720575940629026668,720575940650527222,5
720575940624963786,5,Sugar GRNs,,720575940613361010,720575940611456661,6,5,720575940629026668,720575940628363820,5
720575940624963786,5,Sugar GRNs,,720575940613361010,720575940611456661,6,5,720575940629026668,720575940622897639,5
